ticket,symbol,direction,lot,entry_price,sl,tp,signal_score,entry_time,exit_price,exit_time,result,pnl,status,ind_open,ind_high,ind_low,ind_close,ind_volume,ind_ema_9,ind_ema_20,ind_ema_50,ind_ema_200,ind_sma_10,ind_sma_20,ind_sma_50,ind_sma_200,ind_macd,ind_macd_signal,ind_histogram,ind_atr,ind_di_pos,ind_di_neg,ind_adx,ind_supertrend,ind_supertrend_dir,ind_supertrend_flip,ind_psar,ind_psar_dir,ind_ichi_tenkan,ind_ichi_kijun,ind_ichi_span_a,ind_ichi_span_b,ind_ichi_cloud_top,ind_ichi_cloud_bot,ind_ichi_cloud_bull,ind_ichi_tk_bull,ind_ichi_tk_bear,ind_rsi,ind_stoch_k,ind_stoch_d,ind_cci,ind_williams_r,ind_mfi,ind_bb_mid,ind_bb_upper,ind_bb_lower,ind_bb_pct,ind_obv,ind_obv_ema,ind_vwap,ind_fib_swing_high,ind_fib_swing_low,ind_fib_236,ind_fib_382,ind_fib_500,ind_fib_618,ind_fib_786,ind_rsi_bull_div,ind_rsi_bear_div,ind_rsi_hid_bull,ind_rsi_hid_bear,ind_bull_chain,ind_bear_chain,ind_close_slope,ind_fvg_bull,ind_fvg_bear,ind_ob_bull,ind_ob_bear,ind_bos_bull,ind_bos_bear,ind_choch_bull,ind_choch_bear,ind_liq_bull_sweep,ind_liq_bear_sweep,ind_candle_pat,ind_candle_ex,ind_h1_datetime,ind_h1_open,ind_h1_high,ind_h1_low,ind_h1_close,ind_h1_volume,ind_h1_ema_9,ind_h1_ema_20,ind_h1_ema_50,ind_h1_ema_200,ind_h1_sma_10,ind_h1_sma_20,ind_h1_sma_50,ind_h1_sma_200,ind_h1_macd,ind_h1_macd_signal,ind_h1_histogram,ind_h1_atr,ind_h1_di_pos,ind_h1_di_neg,ind_h1_adx,ind_h1_supertrend,ind_h1_supertrend_dir,ind_h1_supertrend_flip,ind_h1_psar,ind_h1_psar_dir,ind_h1_ichi_tenkan,ind_h1_ichi_kijun,ind_h1_ichi_span_a,ind_h1_ichi_span_b,ind_h1_ichi_cloud_top,ind_h1_ichi_cloud_bot,ind_h1_ichi_cloud_bull,ind_h1_ichi_tk_bull,ind_h1_ichi_tk_bear,ind_h1_rsi,ind_h1_stoch_k,ind_h1_stoch_d,ind_h1_cci,ind_h1_williams_r,ind_h1_mfi,ind_h1_bb_mid,ind_h1_bb_upper,ind_h1_bb_lower,ind_h1_bb_pct,ind_h1_obv,ind_h1_obv_ema,ind_h1_vwap,ind_h1_fib_swing_high,ind_h1_fib_swing_low,ind_h1_fib_236,ind_h1_fib_382,ind_h1_fib_500,ind_h1_fib_618,ind_h1_fib_786,ind_h1_rsi_bull_div,ind_h1_rsi_bear_div,ind_h1_rsi_hid_bull,ind_h1_rsi_hid_bear,ind_h1_bull_chain,ind_h1_bear_chain,ind_h1_close_slope,ind_h1_fvg_bull,ind_h1_fvg_bear,ind_h1_ob_bull,ind_h1_ob_bear,ind_h1_bos_bull,ind_h1_bos_bear,ind_h1_choch_bull,ind_h1_choch_bear,ind_h1_liq_bull_sweep,ind_h1_liq_bear_sweep,ind_h1_candle_pat,ind_h1_candle_ex
90738897,XAUUSD.m,BUY,0.01,4318.0,4311.81,4329.81,9.074,2026-08-07T10:38:55.300927+00:00,4311.79,2026-08-07T15:24:43+00:00,LOSS,-6.21,CLOSED,4315.75,4317.93,4314.25,4317.81,456,4314.232370358719,4311.179795732835,4301.221286128279,4271.122760887824,4314.496,4311.6355,4301.2476,4263.641299999999,4.277194113763471,4.691786594663501,-0.4145924809000298,4.724709213433622,26.143314618486933,14.275902349236013,33.284318694890764,4302.432024455234,1,0,4308.478560464289,1,4313.715,4307.2,4291.0575,4280.639999999999,4291.0575,4280.639999999999,1,0,0,62.21684565057254,86.11570247934117,74.72910927456458,84.28639673692241,-13.88429752065883,70.44541358411571,4311.6355,4321.302689163141,4301.96831083686,0.8193534281682707,10390.0,9375.737311109711,4311.570619012926,4320.33,4280.08,4310.831,4304.9545,4300.205,4295.4555,4288.6935,0,0,0,0,7.0,1.0,4.490000000000691,0,0,0,0,0,0,0,0,0,0,0,2,2026-08-07 13:00:00+00:00,4316.08,4319.28,4308.07,4317.81,4591,4292.281089839848,4274.809018838828,4238.786918909115,4143.983930690692,4284.3550000000005,4264.8505,4251.0806,4107.930899999999,17.909054951071084,12.280864709402886,5.628190241668198,18.20882245547914,28.793980168613693,12.127317454191704,26.86560004662996,4260.195137349433,1,0,4275.234568021224,1,4283.725,4271.88,4247.46,4174.765,4247.46,4174.765,1,0,0,68.36335981783458,97.22099691221932,93.44822457653122,160.71472987762257,-2.779003087780678,76.66278362956895,4264.8505,4319.644905198467,4210.056094801532,0.9832564548166842,8764.0,-14197.93652992299,4264.000241287296,4320.33,4150.13,4280.1628,4255.3136,4235.23,4215.1464,4186.5528,0,0,0,1,6.0,2.0,20.68000000000029,0,0,0,0,0,0,0,0,0,0,1,2
90739012,XAUUSD.m,BUY,0.01,4317.43,4311.26,4329.26,9.508,2026-08-07T10:39:23.232719+00:00,4311.2,2026-08-07T15:24:43+00:00,LOSS,-6.23,CLOSED,4315.75,4318.03,4314.25,4317.26,509,4314.122370358719,4311.127414780454,4301.199717500827,4271.117288251008,4314.441000000001,4311.608,4301.2366,4263.63855,4.233319469887647,4.683011665888336,-0.4496921960006892,4.73185207057644,26.254803258633277,14.25435249316602,33.303120746737456,4302.452024455233,1,0,4308.478560464289,1,4313.715,4307.2,4291.0575,4280.639999999999,4291.0575,4280.639999999999,1,0,0,61.68053348169041,83.08539944903708,73.71900826446323,82.10725507579599,-16.914600550962923,70.62114843077023,4311.608,4321.204101401372,4302.011898598628,0.7944945954401854,10443.0,9380.784930157331,4311.586221451986,4320.33,4280.08,4310.831,4304.9545,4300.205,4295.4555,4288.6935,0,0,0,0,7.0,1.0,3.940000000000509,0,0,0,0,0,0,0,0,0,0,0,2,2026-08-07 13:00:00+00:00,4316.08,4319.28,4308.07,4317.26,4644,4292.171089839848,4274.756637886447,4238.765350281665,4143.978458053875,4284.300000000001,4264.822999999999,4251.0696,4107.92815,17.86518030719708,12.272089780628084,5.593090526568995,18.20882245547914,28.793980168613693,12.127317454191704,26.86560004662996,4260.195137349433,1,0,4275.234568021224,1,4283.725,4271.88,4247.46,4174.765,4247.46,4174.765,1,0,0,68.24655138096907,96.61446846052084,93.24604842596506,160.25543316524823,-3.3855315394791563,76.67629935114284,4264.822999999999,4319.505931850721,4210.140068149278,0.9794640505299536,8817.0,-14192.88891087537,4264.013078243654,4320.33,4150.13,4280.1628,4255.3136,4235.23,4215.1464,4186.5528,0,0,0,1,6.0,2.0,20.13000000000011,0,0,0,0,0,0,0,0,0,0,1,2
90739174,XAUUSD.m,BUY,0.01,4317.59,4311.43,4329.43,9.024,2026-08-07T10:39:55.363543+00:00,4311.2,2026-08-07T15:24:43+00:00,LOSS,-6.39,CLOSED,4315.75,4318.25,4314.25,4317.43,574,4314.156370358719,4311.143605256645,4301.206384167494,4271.1189797932975,4314.4580000000005,4311.6165,4301.24,4263.639399999999,4.246880723449067,4.68572391660062,-0.4388431931515528,4.747566356290744,26.498897391223093,14.207171063578794,33.34399602338047,4302.496024455234,1,0,4308.478560464289,1,4313.715,4307.2,4291.0575,4280.639999999999,4291.0575,4280.639999999999,1,0,0,61.8479213103618,84.0220385674948,74.03122130394912,83.99625865119626,-15.977961432505204,70.8339590632491,4311.6165,4321.233958412488,4301.999041587512,0.802236815105504,10508.0,9386.975406347809,4311.617885494347,4320.33,4280.08,4310.831,4304.9545,4300.205,4295.4555,4288.6935,0,0,0,0,7.0,1.0,4.110000000000582,0,0,0,0,0,0,0,0,0,0,0,2,2026-08-07 13:00:00+00:00,4316.08,4319.28,4308.07,4317.43,4709,4292.205089839848,4274.7728283626375,4238.772016948331,4143.980149596165,4284.317000000001,4264.831499999999,4251.073,4107.929,17.87874156075759,12.274802031340188,5.603939529417403,18.20882245547914,28.793980168613693,12.127317454191704,26.86560004662996,4260.195137349433,1,0,4275.234568021224,1,4283.725,4271.88,4247.46,4174.765,4247.46,4174.765,1,0,0,68.2827478031042,96.80194089104585,93.30853923614006,160.39744793966744,-3.198059108954154,76.6929307853865,4264.831499999999,4319.548793436845,4210.114206563154,0.9806387222049826,8882.0,-14186.698434684897,4264.037797620695,4320.33,4150.13,4280.1628,4255.3136,4235.23,4215.1464,4186.5528,0,0,0,1,6.0,2.0,20.300000000000185,0,0,0,0,0,0,0,0,0,0,1,2
90739541,XAUUSD.m,BUY,0.01,4316.84,4310.65,4328.65,9.388,2026-08-07T10:41:55.307536+00:00,4310.53,2026-08-07T15:24:55+00:00,LOSS,-6.31,CLOSED,4317.36,4317.36,4315.44,4316.65,233,4314.642296286976,4311.661130375234,4301.807687934643,4270.8548791024505,4314.336,4312.1745,4301.8514000000005,4264.01375,4.182947682524173,4.584148298659843,-0.4012006161356707,4.545596781898671,25.69941601895043,13.778533669669107,33.11922779477463,4303.445422012035,1,0,4308.952618045718,1,4313.674999999999,4310.745,4298.4225,4287.66,4298.4225,4287.66,1,0,0,60.59321687059788,79.06712172923602,79.13807638908484,74.97614827045021,-20.93287827076397,74.53947901059954,4312.1745,4321.56674870783,4302.78225129217,0.7382549770146402,11269.0,10460.637611809834,4312.009543952413,4320.33,4282.83,4311.48,4306.005,4301.58,4297.155,4290.855,0,0,0,0,7.0,1.0,4.099999999999454,0,0,0,0,0,0,0,0,0,0,0,0,2026-08-07 13:00:00+00:00,4316.08,4319.28,4308.07,4316.65,4948,4292.049089839848,4274.698542648352,4238.741428713037,4143.972388402134,4284.2390000000005,4264.7925,4251.057400000001,4107.9251,17.816519338535727,12.262357586895812,5.5541617516399135,18.20882245547914,28.793980168613693,12.127317454191704,26.86560004662996,4260.195137349433,1,0,4275.234568021224,1,4283.725,4271.88,4247.46,4174.765,4247.46,4174.765,1,0,0,68.11598722152674,95.94177326863664,93.021816695337,159.7454795964495,-4.058226731363343,76.75374713337646,4264.7925,4319.3528283193655,4210.232171680634,0.9752308279420078,9121.0,-14163.93652992299,4264.112927037065,4320.33,4150.13,4280.1628,4255.3136,4235.23,4215.1464,4186.5528,0,0,0,1,6.0,2.0,19.519999999999527,0,0,0,0,0,0,0,0,0,0,1,2
90739640,XAUUSD.m,BUY,0.01,4318.28,4312.02,4330.02,10.043,2026-08-07T10:42:23.079210+00:00,4312.01,2026-08-07T15:15:59+00:00,LOSS,-6.27,CLOSED,4317.36,4318.02,4315.44,4318.02,292,4314.916296286976,4311.791606565711,4301.861413424838,4270.868510943247,4314.473,4312.243,4301.8788,4264.0206,4.292235431812514,4.606005848517512,-0.3137704167049975,4.592739639041582,25.43562055191837,13.637101867416202,33.11922779477463,4303.577422012035,1,0,4308.952618045718,1,4313.674999999999,4310.745,4298.4225,4287.66,4298.4225,4287.66,1,0,0,62.46665887893376,86.86006825938851,81.735725232469,85.10013003179871,-13.139931740611493,77.42469907933997,4312.243,4321.791370155783,4302.694629844218,0.8025123610494717,11794.0,10510.637611809834,4312.047490202527,4320.33,4282.83,4311.48,4306.005,4301.58,4297.155,4290.855,0,0,0,0,7.0,1.0,5.470000000000255,0,0,0,0,0,0,0,0,0,0,1,2,2026-08-07 13:00:00+00:00,4316.08,4319.28,4308.07,4318.02,5007,4292.323089839848,4274.829018838828,4238.795154203233,4143.986020242931,4284.376,4264.861,4251.0848000000005,4107.93195,17.92580708782316,12.2842151367533,5.641591951069859,18.20882245547914,28.793980168613693,12.127317454191704,26.86560004662996,4260.195137349433,1,0,4275.234568021224,1,4283.725,4271.88,4247.46,4174.765,4247.46,4174.765,1,0,0,68.40773301374244,97.4525805028678,93.52541910674738,160.8899734220274,-2.547419497132205,76.76886382076927,4264.861,4319.698199014818,4210.023800985182,0.98469835216817,9180.0,-14158.317482303944,4264.149311016282,4320.33,4150.13,4280.1628,4255.3136,4235.23,4215.1464,4186.5528,0,0,0,1,6.0,2.0,20.890000000000327,0,0,0,0,0,0,0,0,0,0,1,2
90739798,XAUUSD.m,BUY,0.01,4317.88,4311.65,4329.65,10.496,2026-08-07T10:43:23.130335+00:00,4311.2,2026-08-07T15:24:43+00:00,LOSS,-6.68,CLOSED,4317.36,4318.02,4315.44,4317.65,379,4314.842296286975,4311.756368470473,4301.846903620917,4270.864829351207,4314.436,4312.2245,4301.8714,4264.01875,4.262719762296001,4.600102714614209,-0.3373829523182081,4.592739639041582,25.43562055191837,13.637101867416202,33.11922779477463,4303.577422012035,1,0,4308.952618045718,1,4313.674999999999,4310.745,4298.4225,4287.66,4298.4225,4287.66,1,0,0,62.08475410035118,84.75540386803013,81.03417043534954,83.26635321356693,-15.244596131969864,77.65088339302758,4312.2245,4321.727065803107,4302.721934196894,0.7854755290526801,11881.0,10518.923326095548,4312.0799836734695,4320.33,4282.83,4311.48,4306.005,4301.58,4297.155,4290.855,0,0,0,0,7.0,1.0,5.099999999999454,0,0,0,0,0,0,0,0,0,0,1,2,2026-08-07 13:00:00+00:00,4316.08,4319.28,4308.07,4317.65,5094,4292.249089839847,4274.79378074359,4238.780644399311,4143.982338650891,4284.339000000001,4264.8425,4251.0774,4107.9301000000005,17.896291418307555,12.27831200285018,5.617979415457375,18.20882245547914,28.793980168613693,12.127317454191704,26.86560004662996,4260.195137349433,1,0,4275.234568021224,1,4283.725,4271.88,4247.46,4174.765,4247.46,4174.765,1,0,0,68.32946791395574,97.04455227172444,93.38940969636626,160.5811649004069,-2.955447728275565,76.79088621711288,4264.8425,4319.604386044576,4210.080613955423,0.9821555995808324,9267.0,-14150.031768018229,4264.175579087565,4320.33,4150.13,4280.1628,4255.3136,4235.23,4215.1464,4186.5528,0,0,0,1,6.0,2.0,20.519999999999527,0,0,0,0,0,0,0,0,0,0,1,2
90739946,XAUUSD.m,BUY,0.01,4318.18,4311.92,4329.92,10.521,2026-08-07T10:44:23.127058+00:00,4311.79,2026-08-07T15:24:43+00:00,LOSS,-6.39,CLOSED,4317.36,4318.17,4315.44,4317.92,495,4314.896296286976,4311.782082756187,4301.857491856211,4270.867515918371,4314.463000000001,4312.238,4301.8768,4264.0201,4.284258223835423,4.604410406922093,-0.3201521830866705,4.603453924755843,25.376420544626622,13.605362263173348,33.11922779477463,4303.607422012035,1,0,4308.952618045718,1,4313.674999999999,4310.745,4298.4225,4287.66,4298.4225,4287.66,1,0,0,62.3642021186944,86.29124004550702,81.54611582784183,85.34754822265748,-13.708759954492972,77.9455732485019,4312.238,4321.773729155475,4302.702270844526,0.7979321196815682,11997.0,10529.970945143166,4312.132084209392,4320.33,4282.83,4311.48,4306.005,4301.58,4297.155,4290.855,0,0,0,0,7.0,1.0,5.369999999999891,0,0,0,0,0,0,0,0,0,0,1,2,2026-08-07 13:00:00+00:00,4316.08,4319.28,4308.07,4317.92,5210,4292.303089839847,4274.819495029305,4238.791232634606,4143.985025218055,4284.366,4264.856,4251.0828,4107.93145,17.917829879846067,12.282619695157882,5.6352101846881855,18.20882245547914,28.793980168613693,12.127317454191704,26.86560004662996,4260.195137349433,1,0,4275.234568021224,1,4283.725,4271.88,4247.46,4174.765,4247.46,4174.765,1,0,0,68.38661845488285,97.34230260255862,93.48865980664432,160.8065326763299,-2.657697397441384,76.82026021490992,4264.856,4319.672805106705,4210.039194893295,0.9840121555488982,9383.0,-14138.984148970609,4264.219464850888,4320.33,4150.13,4280.1628,4255.3136,4235.23,4215.1464,4186.5528,0,0,0,1,6.0,2.0,20.789999999999964,0,0,0,0,0,0,0,0,0,0,1,2
90740019,XAUUSD.m,BUY,0.01,4317.0,4310.78,4328.78,9.388,2026-08-07T10:44:55.331815+00:00,4310.53,2026-08-07T15:24:55+00:00,LOSS,-6.47,CLOSED,4317.36,4318.17,4315.44,4316.78,554,4314.668296286975,4311.673511327615,4301.812785973858,4270.856172634789,4314.349,4312.1810000000005,4301.854,4264.0144,4.193318052895847,4.586222372734178,-0.3929043198383306,4.603453924755843,25.376420544626622,13.605362263173348,33.11922779477463,4303.607422012035,1,0,4308.952618045718,1,4313.674999999999,4310.745,4298.4225,4287.66,4298.4225,4287.66,1,0,0,60.80824276117607,79.80659840727988,79.38456861509945,79.68330458965286,-20.19340159272012,78.0923608324554,4312.1810000000005,4321.586460675936,4302.775539324065,0.7444856322543615,10948.0,10430.066183238405,4312.1390951039575,4320.33,4282.83,4311.48,4306.005,4301.58,4297.155,4290.855,0,0,0,0,7.0,1.0,4.229999999999563,0,0,0,0,0,0,0,0,0,0,0,0,2026-08-07 13:00:00+00:00,4316.08,4319.28,4308.07,4316.78,5269,4292.075089839847,4274.710923600733,4238.746526752253,4143.973681934473,4284.252,4264.799,4251.06,4107.92575,17.826889708905583,12.264431660969786,5.562458047935797,18.20882245547914,28.793980168613693,12.127317454191704,26.86560004662996,4260.195137349433,1,0,4275.234568021224,1,4283.725,4271.88,4247.46,4174.765,4247.46,4174.765,1,0,0,68.14390232034462,96.0851345390382,93.06960378547085,159.8542069298851,-3.914865460961811,76.83504120277573,4264.799,4319.385365716234,4210.2126342837655,0.9761353803092644,9442.0,-14133.36510135156,4264.226351492928,4320.33,4150.13,4280.1628,4255.3136,4235.23,4215.1464,4186.5528,0,0,0,1,6.0,2.0,19.64999999999964,0,0,0,0,0,0,0,0,0,0,1,2
90740097,XAUUSD.m,BUY,0.01,4317.15,4310.89,4328.89,9.963,2026-08-07T10:45:23.203071+00:00,4310.53,2026-08-07T15:24:55+00:00,LOSS,-6.62,CLOSED,4316.84,4317.35,4316.56,4316.89,56,4315.12063702958,4312.174628160855,4302.405398574793,4271.023272031434,4314.435,4312.734,4302.357,4264.3842,4.120420059942262,4.493700376275953,-0.3732803163336911,4.331063680801133,25.045800156162308,13.428102486468044,32.91046038030352,4304.840179813702,1,0,4309.407713323889,1,4313.16,4311.255,4299.95,4288.615,4299.95,4288.615,1,0,0,60.96033384505857,71.94127243067261,78.53785072084206,75.31045263858755,-28.058727569327395,76.46234461072078,4312.734,4321.876337372457,4303.591662627544,0.727294171648101,11955.0,11437.363734238068,4312.462757077319,4320.33,4282.83,4311.48,4306.005,4301.58,4297.155,4290.855,0,0,0,0,6.0,2.0,3.2200000000002547,0,0,0,0,0,0,0,0,0,0,0,1,2026-08-07 13:00:00+00:00,4316.08,4319.28,4308.07,4316.89,5327,4292.097089839848,4274.721399791209,4238.750840477743,4143.974776461836,4284.263000000001,4264.8045,4251.0622,4107.9263,17.835664637680566,12.266186646724782,5.569477990955784,18.20882245547914,28.793980168613693,12.127317454191704,26.86560004662996,4260.195137349433,1,0,4275.234568021224,1,4283.725,4271.88,4247.46,4174.765,4247.46,4174.765,1,0,0,68.16748463801062,96.20644022937849,93.11003901558428,159.94618636859497,-3.793559770621514,76.84967838584996,4264.8045,4319.412936007261,4210.196063992739,0.9768997595268492,9500.0,-14127.841291827752,4264.24787093559,4320.33,4150.13,4280.1628,4255.3136,4235.23,4215.1464,4186.5528,0,0,0,1,6.0,2.0,19.76000000000022,0,0,0,0,0,0,0,0,0,0,1,2
90740142,XAUUSD.m,BUY,0.01,4317.61,4311.39,4329.39,9.118,2026-08-07T10:45:55.338928+00:00,4311.2,2026-08-07T15:24:43+00:00,LOSS,-6.41,CLOSED,4316.84,4317.47,4316.53,4317.39,122,4315.220637029581,4312.222247208474,4302.4250064179305,4271.028247155812,4314.485000000001,4312.759,4302.367,4264.3867,4.160306099828631,4.501677584253227,-0.3413714844245961,4.341777966515457,24.983994172326533,13.39496570984086,32.91046038030352,4304.840179813702,1,0,4309.407713323889,1,4313.16,4311.255,4299.95,4288.615,4299.95,4288.615,1,0,0,61.52563029031452,76.01957585644742,79.89728519610031,78.36366357034345,-23.98042414355259,76.64929410324972,4312.759,4321.951784126707,4303.566215873293,0.7518823425074382,12021.0,11443.649448523784,4312.489384632504,4320.33,4282.83,4311.48,4306.005,4301.58,4297.155,4290.855,0,0,0,0,6.0,2.0,3.720000000000255,0,0,0,0,0,0,0,0,0,0,0,0,2026-08-07 13:00:00+00:00,4316.08,4319.28,4308.07,4317.39,5393,4292.197089839848,4274.769018838828,4238.77044832088,4143.979751586214,4284.313,4264.8295,4251.0722000000005,4107.9288,17.875550677566935,12.274163854702056,5.601386822864878,18.20882245547914,28.793980168613693,12.127317454191704,26.86560004662996,4260.195137349433,1,0,4275.234568021224,1,4283.725,4271.88,4247.46,4174.765,4247.46,4174.765,1,0,0,68.27423842402328,96.75782973092238,93.29383551609892,160.3640367520315,-3.242170269077625,76.86635160698053,4264.8295,4319.538700794567,4210.120299205433,0.9803625280267344,9566.0,-14121.555577542038,4264.277013640203,4320.33,4150.13,4280.1628,4255.3136,4235.23,4215.1464,4186.5528,0,0,0,1,6.0,2.0,20.26000000000022,0,0,0,0,0,0,0,0,0,0,1,2
90740290,XAUUSD.m,BUY,0.01,4317.5,4311.29,4329.29,10.005,2026-08-07T10:46:23.118412+00:00,4311.2,2026-08-07T15:24:43+00:00,LOSS,-6.3,CLOSED,4316.84,4317.59,4316.53,4317.29,151,4315.20063702958,4312.21272339895,4302.421084849303,4271.027252130937,4314.475,4312.754,4302.365,4264.3862,4.15232889185063,4.500082142657627,-0.3477532508069973,4.350349395086878,24.934768580993858,13.36857380855399,32.91046038030352,4304.864179813701,1,0,4309.407713323889,1,4313.16,4311.255,4299.95,4288.615,4299.95,4288.615,1,0,0,61.41388448875848,75.20391517128948,79.62539830104767,78.4669170011652,-24.79608482871052,76.73050025033325,4312.754,4321.936281335625,4303.571718664375,0.7469974418231771,12050.0,11446.411353285688,4312.5006729942,4320.33,4282.83,4311.48,4306.005,4301.58,4297.155,4290.855,0,0,0,0,6.0,2.0,3.619999999999891,0,0,0,0,0,0,0,0,0,0,0,1,2026-08-07 13:00:00+00:00,4316.08,4319.28,4308.07,4317.29,5422,4292.177089839848,4274.759495029304,4238.7665267522525,4143.978756561339,4284.303000000001,4264.8245,4251.0702,4107.9283000000005,17.867573469589843,12.272568413106637,5.595005056483206,18.20882245547914,28.793980168613693,12.127317454191704,26.86560004662996,4260.195137349433,1,0,4275.234568021224,1,4283.725,4271.88,4247.46,4174.765,4247.46,4174.765,1,0,0,68.25294498692683,96.6475518306132,93.25707621599584,160.28049787023744,-3.352448169386804,76.87363685479325,4264.8245,4319.513489549048,4210.135510450951,0.9796715063911164,9595.0,-14118.793672780132,4264.285879975488,4320.33,4150.13,4280.1628,4255.3136,4235.23,4215.1464,4186.5528,0,0,0,1,6.0,2.0,20.15999999999985,0,0,0,0,0,0,0,0,0,0,1,2
90740432,XAUUSD.m,BUY,0.01,4317.79,4311.58,4329.58,9.136,2026-08-07T10:46:55.382447+00:00,4311.2,2026-08-07T15:24:43+00:00,LOSS,-6.59,CLOSED,4316.84,4318.13,4316.53,4317.58,211,4315.258637029581,4312.240342446569,4302.432457398322,4271.030137703076,4314.504,4312.7685,4302.370800000001,4264.387650000001,4.175462794985833,4.504708923284667,-0.3292461282988341,4.388920823658305,24.71563278795734,13.251085931584573,32.91046038030352,4304.972179813703,1,0,4309.407713323889,1,4313.16,4311.255,4299.95,4288.615,4299.95,4288.615,1,0,0,61.736173941263296,77.56933115823857,80.41387029669737,82.737831469742,-22.430668841761428,76.89676872525658,4312.7685,4321.981804510339,4303.555195489661,0.7611169529130576,12110.0,11452.125638999974,4312.528552729683,4320.33,4282.83,4311.48,4306.005,4301.58,4297.155,4290.855,0,0,0,0,6.0,2.0,3.9099999999998554,0,0,0,0,0,0,0,0,0,0,0,0,2026-08-07 13:00:00+00:00,4316.08,4319.28,4308.07,4317.58,5482,4292.235089839847,4274.787114076923,4238.777899301273,4143.981642133478,4284.332,4264.839,4251.076,4107.929749999999,17.890707372723227,12.277195193733316,5.613512178989913,18.20882245547914,28.793980168613693,12.127317454191704,26.86560004662996,4260.195137349433,1,0,4275.234568021224,1,4283.725,4271.88,4247.46,4174.765,4247.46,4174.765,1,0,0,68.314617361013,96.9673577415086,93.36367818629432,160.52271768414226,-3.032642258491389,76.88874772036723,4264.839,4319.586682248477,4210.091317751523,0.9816733588887894,9655.0,-14113.079387065847,4264.310419875611,4320.33,4150.13,4280.1628,4255.3136,4235.23,4215.1464,4186.5528,0,0,0,1,6.0,2.0,20.449999999999815,0,0,0,0,0,0,0,0,0,0,1,2
90740469,XAUUSD.m,BUY,0.01,4317.98,4311.7,4329.7,9.147,2026-08-07T10:47:23.095562+00:00,4311.2,2026-08-07T15:24:43+00:00,LOSS,-6.78,CLOSED,4316.84,4318.13,4316.53,4317.7,270,4315.282637029581,4312.251771017998,4302.437163280675,4271.031331732926,4314.5160000000005,4312.7745,4302.3732,4264.38825,4.185035444557798,4.506623453199061,-0.321588008641263,4.388920823658305,24.71563278795734,13.251085931584573,32.91046038030352,4304.972179813703,1,0,4309.407713323889,1,4313.16,4311.255,4299.95,4288.615,4299.95,4288.615,1,0,0,61.86796570065361,78.54812398042364,80.74013457075905,83.35304278025444,-21.451876019576364,77.05794618284261,4312.7745,4322.001144426262,4303.547855573739,0.7669171896328936,12169.0,11457.744686619022,4312.553202528167,4320.33,4282.83,4311.48,4306.005,4301.58,4297.155,4290.855,0,0,0,0,6.0,2.0,4.029999999999745,0,0,0,0,0,0,0,0,0,0,0,0,2026-08-07 13:00:00+00:00,4316.08,4319.28,4308.07,4317.7,5541,4292.259089839848,4274.798542648352,4238.7826051836255,4143.982836163328,4284.344,4264.844999999999,4251.0784,4107.93035,17.9002800222961,12.279109723647888,5.621170298648213,18.20882245547914,28.793980168613693,12.127317454191704,26.86560004662996,4260.195137349433,1,0,4275.234568021224,1,4283.725,4271.88,4247.46,4174.765,4247.46,4174.765,1,0,0,68.34006693184071,97.09969122187904,93.4077893464178,160.6229082387234,-2.9003087781209755,76.90357041715504,4264.844999999999,4319.617040312564,4210.072959687434,0.982499827451884,9714.0,-14107.4603394468,4264.332510113101,4320.33,4150.13,4280.1628,4255.3136,4235.23,4215.1464,4186.5528,0,0,0,1,6.0,2.0,20.56999999999971,0,0,0,0,0,0,0,0,0,0,1,2
90743984,XAUUSD.m,BUY,0.01,4324.17,4317.87,4335.87,9.049,2026-08-07T11:03:55.276336+00:00,4317.68,2026-08-07T14:15:35+00:00,LOSS,-6.49,CLOSED,4316.85,4324.23,4316.79,4323.87,594,4317.586934159147,4314.2024794557055,4304.388035503761,4273.751664826635,4316.597,4314.5635,4304.049,4265.5719500000005,4.364804006031591,4.354169197860843,0.0106348081707476,4.451365942985787,33.15199700584852,11.757050013061807,34.4055219286174,4307.667266084507,1,0,4311.098860793269,1,4317.525,4313.205,4302.327499999999,4288.615,4302.327499999999,4288.615,1,0,0,67.29086409376964,97.77227722772476,80.2136010413822,138.5489314556173,-2.227722772275221,69.98833017464034,4314.5635,4323.950062119399,4305.176937880601,0.9957352799469622,9307.0,8988.114022699752,4314.389401518178,4324.23,4282.83,4314.459599999999,4308.4152,4303.53,4298.6448,4291.6896,0,0,0,0,6.0,2.0,7.039999999999964,0,0,0,0,1,0,0,0,0,0,0,0,2026-08-07 14:00:00+00:00,4316.85,4324.23,4316.79,4323.87,594,4298.445271871879,4279.398772147462,4242.087570974886,4145.890512550252,4290.972,4267.3495,4254.121800000001,4109.15575,19.55382495723552,13.723203642243416,5.830621314992103,17.528498425191515,29.35581357888873,11.69815065633025,28.029737475537,4269.784323614394,1,0,4284.311654416979,1,4286.87,4273.83,4251.3175,4174.765,4251.3175,4174.765,1,0,0,69.70086422312481,99.61936984563368,96.92944523738976,150.21739878623967,-0.3806301543663278,80.67020538605917,4267.3495,4327.96718005946,4206.731819940541,0.9662047437691372,6174.0,-17163.71581310694,4264.74024724616,4324.23,4150.13,4283.1424,4257.7238,4237.18,4216.6362,4187.3874,0,0,0,0,8.0,0.0,33.80999999999949,0,0,0,0,1,0,0,0,0,0,0,2
90744968,XAUUSD.m,BUY,0.01,4325.21,4318.97,4336.97,10.289,2026-08-07T11:08:23.062485+00:00,4318.92,2026-08-07T14:15:23+00:00,LOSS,-6.29,CLOSED,4323.51,4324.97,4321.79,4324.97,452,4319.007547327317,4315.197798871319,4305.1815910534615,4274.043557068839,4317.727000000001,4315.4635,4304.5988,4265.98665,4.683889573717352,4.415646249404486,0.2682433243128654,4.360553943530665,32.63726419659955,11.144621352605036,35.45443201844621,4310.867539476676,1,0,4312.149351929807,1,4318.59,4313.575000000001,4302.327499999999,4288.615,4302.327499999999,4288.615,1,0,0,68.32518205974822,100.0,88.52219833537458,169.87093227899882,-0.0,78.10072231036314,4315.4635,4325.100215481086,4305.826784518914,0.9932437830430338,10616.0,9777.733548372162,4315.142076298184,4324.97,4282.83,4315.02496,4308.87252,4303.9,4298.92748,4291.84796,0,0,0,0,6.0,2.0,6.409999999999855,1,0,0,0,1,0,0,0,0,0,0,0,2026-08-07 14:00:00+00:00,4316.85,4324.97,4316.79,4324.97,1218,4298.665271871878,4279.503534052224,4242.130708229788,4145.901457823883,4291.082,4267.404500000001,4254.1438,4109.16125,19.64157424498444,13.7407534997932,5.90082074519124,17.581355568048707,29.568200492926053,11.662980966597662,28.059419233397733,4269.932323614395,1,0,4284.311654416979,1,4287.24,4274.200000000001,4251.3175,4174.765,4251.3175,4174.765,1,0,0,69.92904815193428,100.0,97.05632195551186,151.54559274578426,-0.0,80.80295746321474,4267.404500000001,4328.239712267079,4206.569287732922,0.973126482630453,6798.0,-17104.28724167837,4265.005092894339,4324.97,4150.13,4283.70776,4258.18112,4237.55,4216.91888,4187.54576,0,0,0,0,8.0,0.0,34.909999999999854,0,0,0,0,1,0,0,0,0,0,0,2
90745373,XAUUSD.m,BUY,0.01,4325.35,4319.12,4337.12,10.298,2026-08-07T11:08:55.323145+00:00,4319.1,2026-08-07T14:15:17+00:00,LOSS,-6.25,CLOSED,4323.51,4325.62,4321.79,4325.12,538,4319.037547327317,4315.212084585604,4305.187473406403,4274.045049606152,4317.742,4315.471,4304.6018,4265.9874,4.695855385682989,4.418039411797613,0.2778159738853762,4.40698251495921,33.34694606628117,11.027210210909526,35.54076698025265,4310.997539476676,1,0,4312.149351929807,1,4318.915,4313.9,4302.327499999999,4288.615,4302.327499999999,4288.615,1,0,0,68.4581674062651,97.15099715099718,87.5725307190403,174.21564277227048,-2.84900284900282,78.32624705138218,4315.471,4325.139050257922,4305.8029497420775,0.9990147828458974,10702.0,9785.92402456264,4315.213070452987,4325.62,4282.83,4315.52156,4309.27422,4304.225,4299.17578,4291.98706,0,0,0,0,6.0,2.0,6.559999999999491,1,0,0,0,1,0,0,0,0,0,0,0,2026-08-07 14:00:00+00:00,4316.85,4325.62,4316.79,4325.12,1304,4298.695271871879,4279.51781976651,4242.13659058273,4145.902950361196,4291.097,4267.412,4254.1468,4109.162,19.65354005695008,13.743146662186328,5.91039339476375,17.627784139477253,29.753705818404363,11.632262667542436,28.08513622848537,4270.062323614395,1,0,4284.311654416979,1,4287.5650000000005,4274.525,4251.3175,4174.765,4251.3175,4174.765,1,0,0,69.95989812485774,99.47900385537147,96.88265657396904,152.1217340135239,-0.5209961446285284,80.82112510260471,4267.412,4328.277123571467,4206.546876428533,0.9740645924446348,6884.0,-17096.096765487895,4265.043577399035,4325.62,4150.13,4284.20436,4258.58282,4237.875,4217.16718,4187.68486,0,0,0,0,8.0,0.0,35.05999999999949,0,0,0,0,1,0,0,0,0,0,0,2
90745505,XAUUSD.m,BUY,0.01,4325.09,4318.96,4336.96,10.275,2026-08-07T11:09:23.098079+00:00,4318.92,2026-08-07T14:15:23+00:00,LOSS,-6.17,CLOSED,4323.51,4325.63,4321.79,4324.96,597,4319.005547327317,4315.196846490367,4305.181198896599,4274.043457566351,4317.726000000001,4315.463,4304.5986,4265.9866,4.6830918529194605,4.415486705244907,0.2676051476745531,4.407696800673511,33.357747472637456,11.025423205342118,35.54206320238499,4310.999539476676,1,0,4312.149351929807,1,4318.92,4313.905000000001,4302.327499999999,4288.615,4302.327499999999,4288.615,1,0,0,68.31627648767909,96.18451025056916,87.25036841889762,173.40333482964897,-3.815489749430852,78.47823331034567,4315.463,4325.097639479242,4305.828360520757,0.9928570508767408,10761.0,9791.543072181688,4315.25235886938,4325.63,4282.83,4315.5292,4309.2804,4304.23,4299.1796,4291.9892,0,0,0,0,6.0,2.0,6.399999999999636,1,0,0,0,1,0,0,0,0,0,0,0,2026-08-07 14:00:00+00:00,4316.85,4325.63,4316.79,4324.96,1363,4298.663271871878,4279.502581671271,4242.130316072926,4145.901358321396,4291.081,4267.404,4254.1436,4109.1612,19.64077652418655,13.740593955633624,5.900182568552927,17.628498425191555,29.756552114396584,11.631791342143751,28.085529318160177,4270.064323614394,1,0,4284.311654416979,1,4287.57,4274.530000000001,4251.3175,4174.765,4251.3175,4174.765,1,0,0,69.9269892339991,99.30193790372986,96.82363459008847,152.0137689922944,-0.6980620962701286,80.83355489684438,4267.404,4328.237220287339,4206.5707797126615,0.973063892788679,6943.0,-17090.477717868846,4265.067827736132,4325.63,4150.13,4284.212,4258.589,4237.88,4217.171,4187.687,0,0,0,0,8.0,0.0,34.89999999999964,0,0,0,0,1,0,0,0,0,0,0,2
90746072,XAUUSD.m,BUY,0.01,4325.48,4319.24,4337.24,9.8,2026-08-07T11:09:55.335174+00:00,4319.1,2026-08-07T14:15:17+00:00,LOSS,-6.38,CLOSED,4323.51,4326.09,4321.79,4325.24,673,4319.061547327317,4315.223513157033,4305.192179288756,4274.046243636003,4317.754,4315.477000000001,4304.604200000001,4265.988,4.705428035255864,4.419953941712189,0.2854740935436748,4.440553943530657,33.85085577386721,10.94384241386312,35.6006830837477,4311.091539476676,1,0,4312.149351929807,1,4319.15,4314.135,4302.327499999999,4288.615,4302.327499999999,4288.615,1,0,0,68.56375437508083,95.28301886792262,86.94987129134877,177.40037157003735,-4.716981132077376,78.67101557749793,4315.477000000001,4325.170379400951,4305.783620599051,1.003591141756098,10837.0,9798.781167419782,4315.318137538807,4326.09,4282.83,4315.88064,4309.56468,4304.46,4299.35532,4292.08764,0,0,0,0,6.0,2.0,6.6799999999993815,1,0,0,0,1,0,0,0,0,0,0,0,2026-08-07 14:00:00+00:00,4316.85,4326.09,4316.79,4325.24,1439,4298.719271871878,4279.529248337938,4242.141296465083,4145.904144391047,4291.109,4267.418,4254.149200000001,4109.1626,19.663112706522952,13.745061192100904,5.918051514422048,17.6613555680487,29.887232853655984,11.610151585878114,28.103528615704743,4270.156323614395,1,0,4284.311654416979,1,4287.8,4274.76,4251.3175,4174.765,4251.3175,4174.765,1,0,0,69.98453256575769,99.11862297801704,96.76252961485086,152.5461215213448,-0.8813770219829524,80.8495637829587,4267.418,4328.307095247027,4206.528904752972,0.974814084241324,7019.0,-17083.23962263075,4265.102236788033,4326.09,4150.13,4284.56344,4258.87328,4238.110000000001,4217.3467200000005,4187.78544,0,0,0,0,8.0,0.0,35.17999999999938,0,0,0,0,1,0,0,0,0,0,0,2
90746548,XAUUSD.m,BUY,0.01,4325.08,4318.84,4336.84,9.758,2026-08-07T11:12:23.053885+00:00,4318.83,2026-08-07T14:15:29+00:00,LOSS,-6.25,CLOSED,4324.78,4324.95,4322.83,4324.84,344,4320.153237861854,4316.104901929019,4305.94832296656,4274.935893734813,4318.943,4316.486500000001,4305.198399999999,4266.40685,4.88400498359988,4.507658351439156,0.3763466321607236,4.2748003605359965,32.65173604321986,10.55617205759055,36.71046983255943,4311.690385527864,1,0,4313.543416736827,1,4319.585,4314.135,4302.327499999999,4289.25,4302.327499999999,4289.25,1,0,0,68.2090110501933,93.06326304106564,93.91098724190034,168.99397016819375,-6.9367369589343495,73.7782796688873,4316.486500000001,4325.42966151565,4307.543338484352,0.967032826444093,10091.0,9143.473210995238,4316.138471463753,4326.09,4282.83,4315.88064,4309.56468,4304.46,4299.35532,4292.08764,0,0,0,0,5.0,3.0,7.619999999999891,0,0,0,0,0,0,0,0,0,0,1,2,2026-08-07 14:00:00+00:00,4316.85,4326.09,4316.79,4324.84,1793,4298.639271871878,4279.491153099843,4242.125610190573,4145.900164291545,4291.069,4267.398,4254.1412,4109.1606,19.631203874613675,13.738679425719049,5.892524448894626,17.6613555680487,29.887232853655984,11.610151585878114,28.103528615704743,4270.156323614395,1,0,4284.311654416979,1,4287.8,4274.76,4251.3175,4174.765,4251.3175,4174.765,1,0,0,69.90226020916126,98.70385732061386,96.62427439571648,152.25844901688623,-1.29614267938614,80.92369334511096,4267.398,4328.207337094696,4206.588662905305,0.972312335115152,7373.0,-17049.525336916464,4265.248874797174,4326.09,4150.13,4284.56344,4258.87328,4238.110000000001,4217.3467200000005,4187.78544,0,0,0,0,8.0,0.0,34.779999999999745,0,0,0,0,1,0,0,0,0,0,0,2
90756710,XAUUSD.m,BUY,0.01,4324.14,4318.08,4336.08,9.714,2026-08-07T11:35:23.059801+00:00,4317.97,2026-08-07T15:05:52+00:00,LOSS,-6.17,CLOSED,4324.44,4324.77,4323.9,4324.08,62,4322.399949942573,4318.864351589539,4309.019582430647,4277.776952969001,4322.085000000001,4318.343500000001,4308.525,4268.3742,4.507689666409533,4.491386255673622,0.0163034107359107,4.074071479970009,33.47179350207287,14.846941439938533,36.45720097373598,4313.607456245444,1,0,4319.498407678308,1,4321.95,4314.895,4303.53,4290.629999999999,4303.53,4290.629999999999,1,0,0,63.07570560339681,75.70543702684235,81.08567235795219,101.67738691602548,-24.294562973157653,75.48221449101771,4318.343500000001,4328.195557813377,4308.491442186625,0.7911320715257509,8725.0,7706.5444432509885,4318.342767129324,4327.61,4282.83,4317.04192,4310.50404,4305.219999999999,4299.93596,4292.41292,0,0,0,0,6.0,2.0,3.729999999999563,0,0,0,0,0,0,0,0,0,0,0,0,2026-08-07 14:00:00+00:00,4316.85,4327.61,4316.79,4324.08,5039,4298.487271871878,4279.418772147462,4242.095806269004,4145.89260210249,4290.993,4267.360000000001,4254.126,4109.1568,19.570577093987595,13.726554069593831,5.844023024393763,17.769926996620097,30.31561071314972,11.53921540567608,28.161873595322152,4270.460323614394,1,0,4284.311654416979,1,4288.56,4275.52,4251.3175,4174.765,4251.3175,4174.765,1,0,0,69.74469367527192,96.39648836259724,95.85515140971091,152.80485469506087,-3.603511637402761,81.57771987886557,4267.360000000001,4328.018961068389,4206.701038931612,0.9675319112047732,10619.0,-16740.38247977361,4266.580642431825,4327.61,4150.13,4285.72472,4259.81264,4238.87,4217.92736,4188.11072,0,0,0,0,8.0,0.0,34.01999999999953,0,0,0,0,1,0,0,0,0,0,0,2
90756930,XAUUSD.m,BUY,0.01,4324.36,4318.09,4336.09,9.711,2026-08-07T11:35:55.475899+00:00,4317.97,2026-08-07T15:05:52+00:00,LOSS,-6.39,CLOSED,4324.44,4324.97,4323.61,4324.09,143,4322.401949942573,4318.865303970491,4309.019974587509,4277.777052471489,4322.086,4318.344,4308.5252,4268.37425,4.508487387207424,4.4915457998332,0.016941587374224,4.109071479969993,33.18668948811676,15.22459016875598,36.35415166286857,4313.607456245444,1,0,4319.498407678308,1,4321.95,4314.895,4303.53,4290.629999999999,4303.53,4290.629999999999,1,0,0,63.09616631947992,75.7742601514137,81.10861339947597,101.28134230144832,-24.225739848586297,74.76794494404984,4318.344,4328.197284571264,4308.490715428736,0.7915778976260089,8644.0,7698.830157536703,4318.381722609766,4327.61,4282.83,4317.04192,4310.50404,4305.219999999999,4299.93596,4292.41292,0,0,0,0,6.0,2.0,3.7399999999997817,0,0,0,0,0,0,0,0,0,0,0,0,2026-08-07 14:00:00+00:00,4316.85,4327.61,4316.79,4324.09,5120,4298.489271871878,4279.419724528414,4242.0961984258665,4145.892701604977,4290.994000000001,4267.360500000001,4254.1262,4109.15685,19.57137481478549,13.726713613753413,5.844661201032075,17.769926996620097,30.31561071314972,11.53921540567608,28.161873595322152,4270.460323614394,1,0,4284.311654416979,1,4288.56,4275.52,4251.3175,4174.765,4251.3175,4174.765,1,0,0,69.74677762935528,96.40669661086206,95.85855415913257,152.8120394021195,-3.59330338913794,81.59346756193719,4267.360500000001,4328.021429756714,4206.699570243288,0.9675950420436938,10700.0,-16732.668194059323,4266.613130316378,4327.61,4150.13,4285.72472,4259.81264,4238.87,4217.92736,4188.11072,0,0,0,0,8.0,0.0,34.029999999999745,0,0,0,0,1,0,0,0,0,0,0,2
90757133,XAUUSD.m,BUY,0.01,4323.76,4317.32,4335.32,9.118,2026-08-07T11:36:23.218074+00:00,4317.16,2026-08-07T15:05:56+00:00,LOSS,-6.6,CLOSED,4324.44,4324.97,4322.69,4323.32,224,4322.247949942573,4318.791970637158,4308.989778509078,4277.769390779947,4322.009,4318.3055,4308.509800000001,4268.3704,4.447062885782543,4.479260899548224,-0.0321980137656812,4.174785765684284,32.664305893523824,16.55901924269514,36.04098611430977,4313.607456245444,1,0,4319.498407678308,1,4321.95,4314.895,4303.53,4290.629999999999,4303.53,4290.629999999999,1,0,0,61.55858509943072,70.47487955953173,79.34215320218198,92.8092152627836,-29.525120440468264,74.06731345065607,4318.3055,4328.069868036801,4308.541131963199,0.7567754503466141,8563.0,7691.115871822417,4318.410010870156,4327.61,4282.83,4317.04192,4310.50404,4305.219999999999,4299.93596,4292.41292,0,0,0,0,6.0,2.0,2.969999999999345,0,0,0,0,0,0,0,0,0,0,0,0,2026-08-07 14:00:00+00:00,4316.85,4327.61,4316.79,4323.32,5201,4298.335271871878,4279.346391195081,4242.066002347436,4145.885039913435,4290.917,4267.322,4254.1108,4109.153,19.509950313360605,13.714428713468434,5.7955215998921705,17.769926996620097,30.31561071314972,11.53921540567608,28.161873595322152,4270.460323614394,1,0,4284.311654416979,1,4288.56,4275.52,4251.3175,4174.765,4251.3175,4174.765,1,0,0,69.58546868654406,95.62066149448758,95.5965424536744,152.25844901688407,-4.379338505512416,81.60912771107522,4267.322,4327.832120458451,4206.811879541549,0.9627159851586364,10781.0,-16724.953908345036,4266.63598334292,4327.61,4150.13,4285.72472,4259.81264,4238.87,4217.92736,4188.11072,0,0,0,0,8.0,0.0,33.25999999999931,0,0,0,0,1,0,0,0,0,0,0,2
90757609,XAUUSD.m,BUY,0.01,4323.35,4317.08,4335.08,9.087,2026-08-07T11:36:55.392757+00:00,4317.07,2026-08-07T15:06:00+00:00,LOSS,-6.28,CLOSED,4324.44,4324.97,4322.44,4323.08,299,4322.199949942573,4318.769113494301,4308.980366744372,4277.767002720246,4321.985000000001,4318.293500000001,4308.505,4268.3692,4.4279175866377045,4.475431839719256,-0.0475142530815517,4.192642908541426,32.52518334257112,16.91440784745511,35.95931778459259,4313.607456245444,1,0,4319.498407678308,1,4321.95,4314.895,4303.53,4290.629999999999,4303.53,4290.629999999999,1,0,0,61.09454231346475,68.82312456985667,78.79156820562362,90.31932239586384,-31.176875430143323,73.43013761885578,4318.293500000001,4328.032477088846,4308.554522911156,0.7457393603216171,8488.0,7683.97301467956,4318.437959376604,4327.61,4282.83,4317.04192,4310.50404,4305.219999999999,4299.93596,4292.41292,0,0,0,0,6.0,2.0,2.7299999999995634,0,0,0,0,0,0,0,0,0,0,0,0,2026-08-07 14:00:00+00:00,4316.85,4327.61,4316.79,4323.08,5276,4298.287271871878,4279.323534052224,4242.05659058273,4145.882651853734,4290.893,4267.31,4254.106000000001,4109.1518,19.490805014215766,13.710599653639466,5.7802053605763,17.769926996620097,30.31561071314972,11.53921540567608,28.161873595322152,4270.460323614394,1,0,4284.311654416979,1,4288.56,4275.52,4251.3175,4174.765,4251.3175,4174.765,1,0,0,69.53483835063771,95.37566353613748,95.5148764675577,152.0857488231729,-4.624336463862539,81.62363970074489,4267.31,4327.773438974584,4206.846561025417,0.9611877933658654,10856.0,-16717.811051202178,4266.662759729201,4327.61,4150.13,4285.72472,4259.81264,4238.87,4217.92736,4188.11072,0,0,0,0,8.0,0.0,33.01999999999953,0,0,0,0,1,0,0,0,0,0,0,2
90758186,XAUUSD.m,BUY,0.01,4323.23,4317.01,4335.01,9.069,2026-08-07T11:38:55.270214+00:00,4316.9,2026-08-07T15:06:02+00:00,LOSS,-6.33,CLOSED,4324.44,4324.97,4320.88,4323.01,589,4322.185949942573,4318.762446827634,4308.977621646332,4277.766306202832,4321.978000000001,4318.29,4308.5036,4268.36885,4.422333541053376,4.474315030602391,-0.0519814895490142,4.304071479969962,31.683135357963952,19.065419716783214,35.47987117889662,4313.607456245444,1,0,4319.498407678308,1,4321.95,4314.895,4303.53,4290.629999999999,4303.53,4290.629999999999,1,0,0,60.96051145579443,68.34136269786968,78.6309809149613,81.96006626559912,-31.65863730213032,71.06654418463735,4318.29,4328.021781899918,4308.558218100082,0.7425044071343173,8198.0,7656.353967060512,4318.528767846304,4327.61,4282.83,4317.04192,4310.50404,4305.219999999999,4299.93596,4292.41292,0,0,0,0,6.0,2.0,2.6599999999998545,0,0,0,0,0,0,0,0,0,0,0,0,2026-08-07 14:00:00+00:00,4316.85,4327.61,4316.79,4323.01,5566,4298.273271871878,4279.316867385557,4242.05384548469,4145.881955336321,4290.886,4267.306500000001,4254.104600000001,4109.15145,19.48522096863144,13.7094828445226,5.7757381241088375,17.769926996620097,30.31561071314972,11.53921540567608,28.161873595322152,4270.460323614394,1,0,4284.311654416979,1,4288.56,4275.52,4251.3175,4174.765,4251.3175,4174.765,1,0,0,69.520039401421,95.30420579828558,95.49105722160704,152.03536426472064,-4.695794201714427,81.67960373165295,4267.306500000001,4327.756352648826,4206.856647351176,0.9607414043140956,11146.0,-16690.19200358313,4266.776501305422,4327.61,4150.13,4285.72472,4259.81264,4238.87,4217.92736,4188.11072,0,0,0,0,8.0,0.0,32.94999999999982,0,0,0,0,1,0,0,0,0,0,0,2
90758439,XAUUSD.m,BUY,0.01,4323.36,4317.24,4335.24,9.09,2026-08-07T11:39:55.270740+00:00,4317.16,2026-08-07T15:05:56+00:00,LOSS,-6.2,CLOSED,4324.44,4324.97,4320.88,4323.24,721,4322.231949942573,4318.784351589539,4308.986641254176,4277.768594760047,4322.001,4318.3015000000005,4308.5082,4268.37,4.440681119400324,4.47798454627178,-0.037303426871456,4.304071479969962,31.683135357963952,19.065419716783214,35.47987117889662,4313.607456245444,1,0,4319.498407678308,1,4321.95,4314.895,4303.53,4290.629999999999,4303.53,4290.629999999999,1,0,0,61.40312289753067,69.92429456297339,79.15862486999588,83.14678512840972,-30.075705437026617,70.04013695401751,4318.3015000000005,4328.057280526664,4308.545719473337,0.7531063499482168,8066.0,7643.782538489084,4318.578859463553,4327.61,4282.83,4317.04192,4310.50404,4305.219999999999,4299.93596,4292.41292,0,0,0,0,6.0,2.0,2.889999999999418,0,0,0,0,0,0,0,0,0,0,0,0,2026-08-07 14:00:00+00:00,4316.85,4327.61,4316.79,4323.24,5698,4298.319271871878,4279.338772147462,4242.062865092534,4145.884243893535,4290.909000000001,4267.318,4254.109200000001,4109.1526,19.503568546978386,13.713152360191993,5.790416186786395,17.769926996620097,30.31561071314972,11.53921540567608,28.161873595322152,4270.460323614394,1,0,4284.311654416979,1,4288.56,4275.52,4251.3175,4174.765,4251.3175,4174.765,1,0,0,69.56861061672313,95.53899550837087,95.56932045830216,152.20089034661862,-4.461004491629123,81.70498616209098,4267.318,4327.812542807391,4206.82345719261,0.9622069810333996,11278.0,-16677.620575011704,4266.8316060082925,4327.61,4150.13,4285.72472,4259.81264,4238.87,4217.92736,4188.11072,0,0,0,0,8.0,0.0,33.17999999999938,0,0,0,0,1,0,0,0,0,0,0,2
90758916,XAUUSD.m,BUY,0.01,4323.87,4317.61,4335.61,9.257,2026-08-07T11:42:23.065148+00:00,4317.56,2026-08-07T15:05:53+00:00,LOSS,-6.31,CLOSED,4323.39,4325.16,4322.95,4323.61,329,4322.5299599540585,4319.256000644825,4309.565477781988,4278.278762661962,4322.654,4318.614,4309.2334,4268.7598,4.304848352410772,4.445144149788227,-0.1402957973774548,4.154494740050702,30.805950506359974,18.34099683734076,34.75722881073081,4313.607456246519,1,0,4320.634030603344,1,4322.2,4315.18,4303.1275,4290.629999999999,4303.1275,4290.629999999999,1,0,0,61.97433687207068,70.05988023952023,73.88732808692112,86.78745895077341,-29.94011976047977,69.33690958511485,4318.614,4328.656745273667,4308.571254726332,0.7487367678785881,7759.0,7087.513000142488,4318.794805611223,4327.61,4282.83,4317.04192,4310.50404,4305.219999999999,4299.93596,4292.41292,0,0,0,0,6.0,2.0,-0.4700000000002546,0,0,0,0,0,0,0,0,0,0,0,1,2026-08-07 14:00:00+00:00,4316.85,4327.61,4316.79,4323.61,6037,4298.393271871878,4279.3740102427,4242.077374896455,4145.887925485575,4290.946,4267.3365,4254.1166,4109.15445,19.5330842164949,13.719055494095294,5.814028722399605,17.769926996620097,30.31561071314972,11.53921540567608,28.161873595322152,4270.460323614394,1,0,4284.311654416979,1,4288.56,4275.52,4251.3175,4174.765,4251.3175,4174.765,1,0,0,69.6464229315902,95.91670069416088,95.69522218689885,152.4670316543238,-4.083299305839117,81.7698362563504,4267.3365,4327.903233017579,4206.769766982422,0.964557828995556,11617.0,-16645.33486072599,4266.970174504919,4327.61,4150.13,4285.72472,4259.81264,4238.87,4217.92736,4188.11072,0,0,0,0,8.0,0.0,33.54999999999927,0,0,0,0,1,0,0,0,0,0,0,2
90759043,XAUUSD.m,BUY,0.01,4324.32,4318.04,4336.04,9.302,2026-08-07T11:42:55.343104+00:00,4317.97,2026-08-07T15:05:52+00:00,LOSS,-6.35,CLOSED,4323.39,4325.55,4322.95,4324.04,414,4322.615959954059,4319.296953025777,4309.582340527087,4278.283041268927,4322.697,4318.6355,4309.242,4268.76195,4.339150346712813,4.452004548648635,-0.1128542019358214,4.182351882907868,31.266827203389592,18.21883404871251,34.828985926170844,4313.607456246519,1,0,4320.634030603344,1,4322.2,4315.18,4303.1275,4290.629999999999,4303.1275,4290.629999999999,1,0,0,62.52037206007027,73.27844311377397,74.96018237833903,90.69575007800086,-26.721556886226026,69.62510920482751,4318.6355,4328.725011959414,4308.545988040587,0.7678276224727267,7844.0,7095.608238237726,4318.838409766455,4327.61,4282.83,4317.04192,4310.50404,4305.219999999999,4299.93596,4292.41292,0,0,0,0,6.0,2.0,-0.0399999999999636,0,0,0,0,0,0,0,0,0,0,0,1,2026-08-07 14:00:00+00:00,4316.85,4327.61,4316.79,4324.04,6122,4298.479271871878,4279.414962623652,4242.094237641553,4145.89220409254,4290.989,4267.358,4254.1252,4109.156599999999,19.56738621079603,13.72591589295552,5.841470317840511,17.769926996620097,30.31561071314972,11.53921540567608,28.161873595322152,4270.460323614394,1,0,4284.311654416979,1,4288.56,4275.52,4251.3175,4174.765,4251.3175,4174.765,1,0,0,69.73635498713774,96.35565536953888,95.84154041202484,152.77611461011557,-3.644344630461114,81.78605543381869,4267.358,4328.009088973618,4206.706911026382,0.9672793263832006,11702.0,-16637.23962263075,4267.009761783835,4327.61,4150.13,4285.72472,4259.81264,4238.87,4217.92736,4188.11072,0,0,0,0,8.0,0.0,33.97999999999956,0,0,0,0,1,0,0,0,0,0,0,2
90759149,XAUUSD.m,BUY,0.01,4323.91,4317.65,4335.65,9.255,2026-08-07T11:43:23.087590+00:00,4317.56,2026-08-07T15:05:53+00:00,LOSS,-6.35,CLOSED,4323.39,4325.55,4322.95,4323.65,477,4322.537959954059,4319.259810168634,4309.567046409439,4278.279160671912,4322.658,4318.616,4309.2342,4268.76,4.308039235602337,4.44578232642654,-0.1377430908242027,4.182351882907868,31.266827203389592,18.21883404871251,34.828985926170844,4313.607456246519,1,0,4320.634030603344,1,4322.2,4315.18,4303.1275,4290.629999999999,4303.1275,4290.629999999999,1,0,0,62.02580110644225,70.35928143712475,73.98712848612263,88.84051294804395,-29.64071856287525,69.83514592269296,4318.616,4328.662949576347,4308.569050423653,0.7505238013660775,7907.0,7101.608238237726,4318.860156592464,4327.61,4282.83,4317.04192,4310.50404,4305.219999999999,4299.93596,4292.41292,0,0,0,0,6.0,2.0,-0.430000000000291,0,0,0,0,0,0,0,0,0,0,0,1,2026-08-07 14:00:00+00:00,4316.85,4327.61,4316.79,4323.65,6185,4298.401271871879,4279.37781976651,4242.078943523906,4145.888323495525,4290.95,4267.3385,4254.1174,4109.15465,19.536275099685557,13.719693670733424,5.81658142895213,17.769926996620097,30.31561071314972,11.53921540567608,28.161873595322152,4270.460323614394,1,0,4284.311654416979,1,4288.56,4275.52,4251.3175,4174.765,4251.3175,4174.765,1,0,0,69.65481124531752,95.95753368721924,95.70883318458492,152.49579336724014,-4.042466312780762,81.79799458542016,4267.3385,4327.9130592855045,4206.763940714495,0.9648114708898512,11765.0,-16631.23962263075,4267.028880944827,4327.61,4150.13,4285.72472,4259.81264,4238.87,4217.92736,4188.11072,0,0,0,0,8.0,0.0,33.58999999999924,0,0,0,0,1,0,0,0,0,0,0,2
90759222,XAUUSD.m,BUY,0.01,4324.04,4317.71,4335.71,9.258,2026-08-07T11:43:55.341216+00:00,4317.56,2026-08-07T15:05:53+00:00,LOSS,-6.48,CLOSED,4323.39,4325.55,4322.95,4323.71,548,4322.549959954059,4319.265524454348,4309.569399350616,4278.279757686838,4322.664,4318.619000000001,4309.2354000000005,4268.7603,4.312825560387864,4.446739591383645,-0.1339140309957809,4.182351882907868,31.266827203389592,18.21883404871251,34.828985926170844,4313.607456246519,1,0,4320.634030603344,1,4322.2,4315.18,4303.1275,4290.629999999999,4303.1275,4290.629999999999,1,0,0,62.10273679179408,70.80838323353494,74.13682908492602,89.12635630164384,-29.191616766465057,70.06845345945072,4318.619000000001,4328.672312415643,4308.565687584358,0.753200128948443,7978.0,7108.370142999631,4318.890047791608,4327.61,4282.83,4317.04192,4310.50404,4305.219999999999,4299.93596,4292.41292,0,0,0,0,6.0,2.0,-0.3699999999998908,0,0,0,0,0,0,0,0,0,0,0,1,2026-08-07 14:00:00+00:00,4316.85,4327.61,4316.79,4323.71,6256,4298.413271871878,4279.383534052224,4242.081296465082,4145.888920510451,4290.956,4267.3415,4254.118600000001,4109.15495,19.54106142447108,13.720650935690529,5.820410488780553,17.769926996620097,30.31561071314972,11.53921540567608,28.161873595322152,4270.460323614394,1,0,4284.311654416979,1,4288.56,4275.52,4251.3175,4174.765,4251.3175,4174.765,1,0,0,69.66738502648985,96.01878317680725,95.72924968111428,152.53893216242696,-3.981216823192767,81.81147591666266,4267.3415,4327.927806695069,4206.755193304932,0.965191749380785,11836.0,-16624.477717868846,4267.0576103390285,4327.61,4150.13,4285.72472,4259.81264,4238.87,4217.92736,4188.11072,0,0,0,0,8.0,0.0,33.64999999999964,0,0,0,0,1,0,0,0,0,0,0,2
90759724,XAUUSD.m,BUY,0.01,4323.81,4317.61,4335.61,9.128,2026-08-07T11:47:55.264567+00:00,4317.56,2026-08-07T15:05:53+00:00,LOSS,-6.25,CLOSED,4322.77,4324.41,4322.33,4323.61,341,4322.614767963247,4319.600009652546,4310.0849971496,4278.530713047036,4323.248,4319.1425,4309.9794,4269.1322,4.090114687647656,4.363672350226151,-0.2735576625784954,4.0912147509763495,29.680240761895664,17.29434783411471,34.224569702693806,4313.607456245082,1,0,4320.88,1,4322.355,4317.84,4303.1275,4290.629999999999,4303.1275,4290.629999999999,1,0,0,61.59295118105317,67.13229252259674,67.31408883939147,72.11885776595895,-32.86770747740326,65.93830571313339,4319.1425,4328.876206764053,4309.408793235947,0.7294860585125951,7712.0,7616.990219625341,4319.267818152841,4327.61,4282.83,4317.04192,4310.50404,4305.219999999999,4299.93596,4292.41292,0,0,0,0,5.0,3.0,-1.4600000000000364,0,0,0,0,0,0,0,0,0,0,1,0,2026-08-07 14:00:00+00:00,4316.85,4327.61,4316.79,4323.61,6723,4298.393271871878,4279.3740102427,4242.077374896455,4145.887925485575,4290.946,4267.3365,4254.1166,4109.15445,19.5330842164949,13.719055494095294,5.814028722399605,17.769926996620097,30.31561071314972,11.53921540567608,28.161873595322152,4270.460323614394,1,0,4284.311654416979,1,4288.56,4275.52,4251.3175,4174.765,4251.3175,4174.765,1,0,0,69.6464229315902,95.91670069416088,95.69522218689885,152.4670316543238,-4.083299305839117,81.8996085646201,4267.3365,4327.903233017579,4206.769766982422,0.964557828995556,12303.0,-16580.001527392655,4267.238573458928,4327.61,4150.13,4285.72472,4259.81264,4238.87,4217.92736,4188.11072,0,0,0,0,8.0,0.0,33.54999999999927,0,0,0,0,1,0,0,0,0,0,0,2
90759801,XAUUSD.m,BUY,0.01,4324.43,4318.57,4336.57,9.235,2026-08-07T11:48:23.195764+00:00,4318.52,2026-08-07T15:05:18+00:00,LOSS,-5.91,CLOSED,4322.77,4324.65,4322.33,4324.57,395,4322.806767963247,4319.691438223974,4310.122644208424,4278.540265285843,4323.344,4319.1905,4309.9986,4269.137,4.1666958842288295,4.378988589542386,-0.2122927053135566,4.10835760811919,29.55639464724859,17.222184073658973,34.224569702693806,4313.607456245082,1,0,4320.88,1,4322.355,4317.84,4303.1275,4290.629999999999,4303.1275,4290.629999999999,1,0,0,62.8419147077904,75.02054231717382,69.94350543758382,77.95184808407787,-24.979457682826176,69.87776400434572,4319.1905,4329.025904307647,4309.355095692353,0.7734763021291091,7766.0,7622.133076768197,4319.298274220424,4327.61,4282.83,4317.04192,4310.50404,4305.219999999999,4299.93596,4292.41292,0,0,0,0,5.0,3.0,-0.5,0,0,0,0,0,0,0,0,0,0,1,0,2026-08-07 14:00:00+00:00,4316.85,4327.61,4316.79,4324.57,6777,4298.585271871878,4279.465438814129,4242.115021955278,4145.897477724381,4291.042,4267.3845,4254.1358,4109.15925,19.609665413076076,13.734371733411528,5.875293679664544,17.769926996620097,30.31561071314972,11.53921540567608,28.161873595322152,4270.460323614394,1,0,4284.311654416979,1,4288.56,4275.52,4251.3175,4174.765,4251.3175,4174.765,1,0,0,69.8464709303954,96.89669252756232,96.02188613136596,153.15675762182926,-3.1033074724376912,81.90983960339162,4267.3845,4328.140238901566,4206.628761098435,0.970618093318309,12357.0,-16574.8586702498,4267.274818689716,4327.61,4150.13,4285.72472,4259.81264,4238.87,4217.92736,4188.11072,0,0,0,0,8.0,0.0,34.50999999999931,0,0,0,0,1,0,0,0,0,0,0,2
90759873,XAUUSD.m,BUY,0.01,4324.52,4318.29,4336.29,9.374,2026-08-07T11:48:55.334317+00:00,4318.22,2026-08-07T15:05:22+00:00,LOSS,-6.3,CLOSED,4322.77,4325.6,4322.33,4324.29,474,4322.750767963247,4319.664771557307,4310.111663816267,4278.537479216191,4323.316000000001,4319.1765,4309.993,4269.1356,4.1443597018924265,4.374521353075106,-0.2301616511826791,4.176214750976386,29.16166646992188,16.9423497560569,34.23432551756579,4313.607456245082,1,0,4320.88,1,4322.355,4317.84,4303.1275,4290.629999999999,4303.1275,4290.629999999999,1,0,0,62.48610501468854,72.7198027937577,69.17659226311179,81.18388658929518,-27.28019720624231,70.1364628891115,4319.1765,4328.980409585366,4309.372590414633,0.7607888187602686,7845.0,7629.656886292007,4319.334975555907,4327.61,4282.83,4317.04192,4310.50404,4305.219999999999,4299.93596,4292.41292,0,0,0,0,6.0,2.0,-0.7799999999997453,0,0,0,0,0,0,0,0,0,0,1,0,2026-08-07 14:00:00+00:00,4316.85,4327.61,4316.79,4324.29,6856,4298.529271871878,4279.438772147462,4242.104041563121,4145.894691654729,4291.014,4267.3705,4254.1302000000005,4109.15785,19.58732923073967,13.729904496944249,5.857424733795423,17.769926996620097,30.31561071314972,11.53921540567608,28.161873595322152,4270.460323614394,1,0,4284.311654416979,1,4288.56,4275.52,4251.3175,4174.765,4251.3175,4174.765,1,0,0,69.7883965069084,96.61086157615384,95.92660914756316,152.95570715845056,-3.3891384238461697,81.92462230879482,4267.3705,4328.070859307022,4206.670140692978,0.9688563679837658,12436.0,-16567.33486072599,4267.301216665732,4327.61,4150.13,4285.72472,4259.81264,4238.87,4217.92736,4188.11072,0,0,0,0,8.0,0.0,34.22999999999956,0,0,0,0,1,0,0,0,0,0,0,2
90760016,XAUUSD.m,BUY,0.01,4324.21,4317.97,4335.97,9.333,2026-08-07T11:49:55.269695+00:00,4317.97,2026-08-07T15:05:52+00:00,LOSS,-6.24,CLOSED,4322.77,4325.6,4322.33,4323.97,577,4322.686767963247,4319.634295366831,4310.099114796659,4278.534295136589,4323.284,4319.1605,4309.9866,4269.134,4.118832636365369,4.369415939969694,-0.2505833036043254,4.176214750976386,29.16166646992188,16.9423497560569,34.23432551756579,4313.607456245082,1,0,4320.88,1,4322.355,4317.84,4303.1275,4290.629999999999,4303.1275,4290.629999999999,1,0,0,62.07102917665542,70.09038619556782,68.30012006371517,79.64242177975713,-29.90961380443218,70.46702458547828,4319.1605,4328.930256717336,4309.390743282664,0.7461422601990632,7948.0,7639.46641010153,4319.36833528875,4327.61,4282.83,4317.04192,4310.50404,4305.219999999999,4299.93596,4292.41292,0,0,0,0,6.0,2.0,-1.0999999999994543,0,0,0,0,0,0,0,0,0,0,1,0,2026-08-07 14:00:00+00:00,4316.85,4327.61,4316.79,4323.97,6959,4298.465271871878,4279.408295956986,4242.091492543514,4145.891507575127,4290.982,4267.3545,4254.1238,4109.15625,19.56180216521261,13.724799083838835,5.837003081373776,17.769926996620097,30.31561071314972,11.53921540567608,28.161873595322152,4270.460323614394,1,0,4284.311654416979,1,4288.56,4275.52,4251.3175,4174.765,4251.3175,4174.765,1,0,0,69.72175121732329,96.284197631687,95.8177211660742,152.72581462267192,-3.715802368313002,81.94386327914052,4267.3545,4327.991823047092,4206.717176952909,0.9668370663067658,12539.0,-16557.525336916464,4267.33616808907,4327.61,4150.13,4285.72472,4259.81264,4238.87,4217.92736,4188.11072,0,0,0,0,8.0,0.0,33.909999999999854,0,0,0,0,1,0,0,0,0,0,0,2
90760401,XAUUSD.m,BUY,0.01,4325.33,4319.07,4337.07,9.144,2026-08-07T11:51:23.058852+00:00,4319.02,2026-08-07T15:05:15+00:00,LOSS,-6.31,CLOSED,4323.83,4326.34,4323.41,4325.07,192,4323.136214370598,4320.137332997703,4310.680227628683,4279.227100864131,4323.422,4319.992,4310.783600000001,4269.5243,4.054683758771716,4.304299473292114,-0.2496157145203978,4.087199307060429,28.961675430585576,16.074814377307685,33.832891572309265,4313.607456245757,1,0,4321.8222,1,4322.355,4317.84,4305.4375,4291.51,4305.4375,4291.51,1,0,0,63.57928595210596,77.56183745583013,70.05916725741059,87.59620445847219,-22.438162544169867,69.28847680081354,4319.992,4328.628077569687,4311.3559224303135,0.7939992119700098,7421.0,6963.224711720481,4319.936645605509,4327.61,4282.83,4317.04192,4310.50404,4305.219999999999,4299.93596,4292.41292,0,0,0,0,6.0,2.0,0.4299999999993815,0,0,0,0,0,0,0,0,0,0,0,0,2026-08-07 14:00:00+00:00,4316.85,4327.61,4316.79,4325.07,7157,4298.685271871878,4279.513057861747,4242.134629798416,4145.902452848759,4291.092,4267.4095,4254.1458,4109.16175,19.64955145296153,13.74234894138862,5.907202511572912,17.769926996620097,30.31561071314972,11.53921540567608,28.161873595322152,4270.460323614394,1,0,4284.311654416979,1,4288.56,4275.52,4251.3175,4174.765,4251.3175,4174.765,1,0,0,69.94962183610589,97.4071049407922,96.1920236024426,153.51553161853516,-2.5928950592078017,81.98090949370228,4267.4095,4328.264646553983,4206.554353446017,0.973752042884744,12737.0,-16538.668194059323,4267.431436841578,4327.61,4150.13,4285.72472,4259.81264,4238.87,4217.92736,4188.11072,0,0,0,0,8.0,0.0,35.00999999999931,0,0,0,0,1,0,0,0,0,0,0,2
90792977,XAUUSD.m,BUY,0.01,4369.95,4363.67,4381.67,9.95,2026-08-07T12:43:55.263905+00:00,4363.6,2026-08-07T15:53:05+00:00,LOSS,-6.35,CLOSED,4364.65,4370.65,4361.31,4369.67,892,4339.973258080038,4329.765753634167,4317.796191065534,4284.853853766831,4330.263000000001,4326.877,4317.8724,4273.791700000001,9.035270985969872,4.238203528987556,4.797067456982317,9.542057892218184,43.03458374709876,14.062265766174672,29.87374722578496,4332.627316885481,1,0,4303.7768,1,4335.91,4335.91,4310.3925,4300.205,4310.3925,4300.205,1,0,0,79.4335033840005,98.58952216465232,96.73583170330495,290.3302363188617,-1.410477835347682,45.43216454721385,4326.877,4361.21834479174,4292.535655208259,1.1230536436402647,5641.0,5511.903320057277,4327.711950015095,4370.65,4301.16,4354.25036,4344.10482,4335.905,4327.70518,4316.03086,0,0,0,0,6.0,2.0,58.86999999999989,0,0,0,0,1,0,0,0,0,0,0,2,2026-08-07 15:00:00+00:00,4321.17,4370.65,4301.17,4369.67,7935,4312.258217497503,4287.763378884169,4246.98981236704,4148.493450363871,4302.645,4274.0235,4258.2536,4110.5739,24.166893244703715,15.77747962413418,8.389413620569535,21.463504694037223,37.62925760055848,8.871081938635669,30.567818641550858,4270.4603236094335,1,0,4292.971323533583,1,4315.635,4297.04,4251.3175,4174.765,4251.3175,4174.765,1,0,0,77.41701958297546,99.3049645390074,96.19554309542184,176.32582164410556,-0.6950354609925982,85.72001364196416,4274.0235,4347.419531235035,4200.627468764966,1.1515781466010953,16066.0,-18527.44355452215,4273.916929225119,4370.65,4150.13,4318.60728,4286.41136,4260.389999999999,4234.36864,4197.32128,0,0,0,0,7.0,1.0,63.659999999999854,0,0,0,0,1,0,0,0,0,0,0,2
90793352,XAUUSD.m,BUY,0.01,4370.67,4364.48,4382.48,9.95,2026-08-07T12:44:23.239361+00:00,4364.47,2026-08-07T15:53:03+00:00,LOSS,-6.2,CLOSED,4364.65,4370.65,4361.31,4370.48,990,4340.135258080039,4329.84289649131,4317.827955771416,4284.861913468323,4330.344,4326.9175,4317.8886,4273.79575,9.09988637058632,4.251126605910846,4.8487597646754725,9.542057892218184,43.03458374709876,14.062265766174672,29.87374722578496,4332.627316885481,1,0,4303.7768,1,4335.91,4335.91,4310.3925,4300.205,4310.3925,4300.205,1,0,0,79.64172627533121,99.75532527345987,97.12443273957416,291.43388214671376,-0.2446747265401177,45.90790547876786,4326.9175,4361.472584247738,4292.362415752261,1.130334159912383,5739.0,5521.23665339061,4327.977963701037,4370.65,4301.16,4354.25036,4344.10482,4335.905,4327.70518,4316.03086,0,0,0,0,6.0,2.0,59.67999999999938,0,0,0,0,1,0,0,0,0,0,0,2,2026-08-07 15:00:00+00:00,4321.17,4370.65,4301.17,4370.48,8033,4312.420217497504,4287.840521741312,4247.021577072923,4148.501510065363,4302.726000000001,4274.064,4258.2698,4110.57795,24.23150862931834,15.790402701057104,8.441105928261237,21.463504694037223,37.62925760055848,8.871081938635669,30.567818641550858,4270.4603236094335,1,0,4292.971323533583,1,4315.635,4297.04,4251.3175,4174.765,4251.3175,4174.765,1,0,0,77.51785278106964,99.87943262411342,96.38703245712384,176.82057504722232,-0.1205673758865764,85.73370623710275,4274.064,4347.682809495811,4200.44519050419,1.1548326484788234,16164.0,-18518.110221188814,4273.983074518851,4370.65,4150.13,4318.60728,4286.41136,4260.389999999999,4234.36864,4197.32128,0,0,0,0,7.0,1.0,64.46999999999935,0,0,0,0,1,0,0,0,0,0,0,2
90793799,XAUUSD.m,BUY,0.01,4366.47,4360.61,4378.61,9.45,2026-08-07T12:44:55.347550+00:00,4360.54,2026-08-07T15:56:15+00:00,LOSS,-5.93,CLOSED,4364.65,4370.65,4361.31,4366.61,1110,4339.361258080038,4329.474325062738,4317.676191065534,4284.823406005637,4329.957,4326.724,4317.8112,4273.7764,8.791168421867951,4.189383016167172,4.601785405700779,9.542057892218184,43.03458374709876,14.062265766174672,29.87374722578496,4332.627316885481,1,0,4303.7768,1,4335.91,4335.91,4310.3925,4300.205,4310.3925,4300.205,1,0,0,78.6068990629132,94.18537708693152,95.26778334406468,286.1119976986311,-5.814622913068493,46.47740536863057,4326.724,4360.280896161593,4293.167103838408,1.09430407103102,5859.0,5532.665224819181,4328.189008888321,4370.65,4301.16,4354.25036,4344.10482,4335.905,4327.70518,4316.03086,0,0,0,0,6.0,2.0,55.80999999999949,0,0,0,0,1,0,0,0,0,0,0,2,2026-08-07 15:00:00+00:00,4321.17,4370.65,4301.17,4366.61,8153,4311.646217497503,4287.47195031274,4246.86981236704,4148.463002602676,4302.339,4273.8705,4258.1924,4110.5586,23.922790680600883,15.728659111313611,8.19413156928727,21.463504694037223,37.62925760055848,8.871081938635669,30.567818641550858,4270.4603236094335,1,0,4292.971323533583,1,4315.635,4297.04,4251.3175,4174.765,4251.3175,4174.765,1,0,0,77.0277908215916,97.13475177304969,95.47213884010256,174.45171466872222,-2.865248226950329,85.75001812123034,4273.8705,4346.43507232592,4201.3059276740805,1.1390136193696954,16284.0,-18506.681649760245,4273.971030914958,4370.65,4150.13,4318.60728,4286.41136,4260.389999999999,4234.36864,4197.32128,0,0,0,0,7.0,1.0,60.599999999999454,0,0,0,0,1,0,0,0,0,0,0,2
90795245,XAUUSD.m,BUY,0.01,4368.62,4362.42,4380.42,9.05,2026-08-07T12:46:23.053507+00:00,4362.37,2026-08-07T15:55:14+00:00,LOSS,-6.25,CLOSED,4367.07,4370.92,4366.75,4368.42,304,4345.264206464031,4333.23255260794,4319.687667881598,4285.6865435185,4334.739,4328.931500000001,4319.1042,4274.3762,10.810588807482418,5.520899362563782,5.289689444918636,9.158339413837176,41.84554887584854,13.604918063141795,31.377727720980324,4337.566585197177,1,0,4307.789191999999,1,4336.045,4336.045,4310.4575,4300.205,4310.4575,4300.205,1,0,0,79.12921582117147,96.415770609319,96.25564399628426,211.4283969358956,-3.584229390681004,51.09884621141187,4328.931500000001,4367.408152811528,4290.454847188474,1.013148846307252,5714.0,5132.236791054391,4329.218143165045,4370.92,4301.17,4354.459,4344.2755,4336.045,4327.8145,4316.0965,0,0,0,0,8.0,0.0,60.38000000000011,1,0,0,0,0,0,0,0,0,1,0,2,2026-08-07 15:00:00+00:00,4321.17,4370.92,4301.17,4368.42,8471,4312.008217497503,4287.644331265121,4246.940792759197,4148.481012552926,4302.52,4273.961,4258.2286,4110.56765,24.067178144988247,15.757536604191085,8.309641540797163,21.48279040832297,37.68524959670248,8.863118115108922,30.573074734143987,4270.4603236094335,1,0,4292.971323533583,1,4315.77,4297.175,4251.3175,4174.765,4251.3175,4174.765,1,0,0,77.25962551476144,98.23033906703476,95.83733460476428,175.72648581807056,-1.7696609329652384,85.7941207639821,4273.961,4347.015429283216,4200.906570716785,1.1464974192995443,16602.0,-18476.395935474528,4274.174376397717,4370.92,4150.13,4318.8135600000005,4286.57822,4260.525,4234.47178,4197.37906,0,0,0,0,7.0,1.0,62.409999999999854,0,0,0,0,1,0,0,0,0,0,0,2
90795560,XAUUSD.m,BUY,0.01,4370.02,4363.72,4381.72,9.05,2026-08-07T12:46:55.336530+00:00,4363.6,2026-08-07T15:53:05+00:00,LOSS,-6.42,CLOSED,4367.07,4370.92,4366.75,4369.72,417,4345.524206464032,4333.35636213175,4319.738648273755,4285.699478841882,4334.869000000001,4328.996499999999,4319.1302000000005,4274.382699999999,10.914292511186432,5.541640103304585,5.372652407881847,9.158339413837176,41.84554887584854,13.604918063141795,31.377727720980324,4337.566585197177,1,0,4307.789191999999,1,4336.045,4336.045,4310.4575,4300.205,4310.4575,4300.205,1,0,0,79.49702766871775,98.27956989247338,96.8769104240024,213.00356738883443,-1.7204301075266208,51.5981455929446,4328.996499999999,4367.757376789276,4290.235623210722,1.0253170641803806,5827.0,5142.998695816295,4329.519088001383,4370.92,4301.17,4354.459,4344.2755,4336.045,4327.8145,4316.0965,0,0,0,0,8.0,0.0,61.68000000000029,1,0,0,0,0,0,0,0,0,1,0,2,2026-08-07 15:00:00+00:00,4321.17,4370.92,4301.17,4369.72,8584,4312.268217497503,4287.76814078893,4246.991773151354,4148.493947876308,4302.65,4274.026,4258.2546,4110.57415,24.17088184869226,15.778277344931888,8.392604503760372,21.48279040832297,37.68524959670248,8.863118115108922,30.573074734143987,4270.4603236094335,1,0,4292.971323533583,1,4315.77,4297.175,4251.3175,4174.765,4251.3175,4174.765,1,0,0,77.42327004006918,99.1505627521768,96.14407583314495,176.52134633649322,-0.8494372478231856,85.80978087401164,4274.026,4347.435750793614,4200.616249206386,1.151779899573811,16715.0,-18465.634030712623,4274.25847624217,4370.92,4150.13,4318.8135600000005,4286.57822,4260.525,4234.47178,4197.37906,0,0,0,0,7.0,1.0,63.71000000000004,0,0,0,0,1,0,0,0,0,0,0,2
90795825,XAUUSD.m,BUY,0.01,4370.37,4364.19,4382.19,9.05,2026-08-07T12:47:23.079912+00:00,4364.07,2026-08-07T15:53:05+00:00,LOSS,-6.3,CLOSED,4367.07,4371.6,4366.75,4370.19,518,4345.618206464031,4333.401124036512,4319.757079646304,4285.704155458798,4334.916,4329.02,4319.1396,4274.38505,10.951785388679127,5.549138678803123,5.402646709876004,9.206910842408623,42.15234502248632,13.53314477053202,31.41093379857684,4337.7025851971775,1,0,4307.789191999999,1,4336.385,4336.385,4310.4575,4300.205,4310.4575,4300.205,1,0,0,79.62683521794278,97.9980122107046,96.7830578634128,214.3898755273146,-2.0019877892954114,52.035950084657664,4329.02,4367.8852636140455,4290.154736385954,1.0296503377520023,5928.0,5152.617743435343,4329.789572302738,4371.6,4301.17,4354.978520000001,4344.69574,4336.385,4328.07426,4316.24202,0,0,0,0,8.0,0.0,62.14999999999964,1,0,0,0,0,0,0,0,0,1,0,2,2026-08-07 15:00:00+00:00,4321.17,4371.6,4301.17,4370.19,8685,4312.362217497503,4287.812902693693,4247.010204523903,4148.498624493224,4302.697,4274.0495,4258.264,4110.576499999999,24.20837472618496,15.785775920430428,8.422598805754529,21.53136183689442,37.825822054268784,8.843124288814542,30.586222907527024,4270.4603236094335,1,0,4292.971323533583,1,4316.110000000001,4297.515,4251.3175,4174.765,4251.3175,4174.765,1,0,0,77.48185565229886,99.00669249735768,96.0961190815386,177.2232959521014,-0.9933075026423084,85.8237502945611,4274.0495,4347.588421874935,4200.510578125065,1.1536708558462556,16816.0,-18456.014983093577,4274.333872041776,4371.6,4150.13,4319.33308,4286.998460000001,4260.865,4234.73154,4197.52458,0,0,0,0,7.0,1.0,64.17999999999938,0,0,0,0,1,0,0,0,0,0,0,2
90796217,XAUUSD.m,BUY,0.01,4370.49,4364.29,4382.29,9.05,2026-08-07T12:47:55.338485+00:00,4364.24,2026-08-07T15:53:04+00:00,LOSS,-6.25,CLOSED,4367.07,4371.6,4366.75,4370.29,637,4345.638206464031,4333.410647846035,4319.761001214932,4285.705150483674,4334.926,4329.025,4319.1416,4274.38555,10.959762596657129,5.550734120398724,5.409028476258404,9.206910842408623,42.15234502248632,13.53314477053202,31.41093379857684,4337.7025851971775,1,0,4307.789191999999,1,4336.385,4336.385,4310.4575,4300.205,4310.4575,4300.205,1,0,0,79.6542420690235,98.13999716030044,96.83038617994474,214.51011021434493,-1.8600028396995525,52.54156245788226,4329.025,4367.912584001497,4290.137415998503,1.0305678028032252,6047.0,5163.951076768677,4330.093098312453,4371.6,4301.17,4354.978520000001,4344.69574,4336.385,4328.07426,4316.24202,0,0,0,0,8.0,0.0,62.25,1,0,0,0,0,0,0,0,0,1,0,2,2026-08-07 15:00:00+00:00,4321.17,4371.6,4301.17,4370.29,8804,4312.382217497503,4287.822426503217,4247.01412609253,4148.499619518099,4302.707,4274.0545,4258.2660000000005,4110.577,24.21635193416205,15.787371362025846,8.428980572136203,21.53136183689442,37.825822054268784,8.843124288814542,30.586222907527024,4270.4603236094335,1,0,4292.971323533583,1,4316.110000000001,4297.515,4251.3175,4174.765,4251.3175,4174.765,1,0,0,77.49428146947383,99.07713983797083,96.11960152840965,177.28428207175753,-0.9228601620291604,85.840061281235,4274.0545,4347.620953302987,4200.4880466970135,1.15407190152045,16935.0,-18444.681649760245,4274.397345828465,4371.6,4150.13,4319.33308,4286.998460000001,4260.865,4234.73154,4197.52458,0,0,0,0,7.0,1.0,64.27999999999975,0,0,0,0,1,0,0,0,0,0,0,2
90796430,XAUUSD.m,BUY,0.01,4371.04,4364.6,4382.6,9.05,2026-08-07T12:48:23.130590+00:00,4364.47,2026-08-07T15:53:03+00:00,LOSS,-6.57,CLOSED,4367.07,4371.69,4366.75,4370.6,734,4345.700206464031,4333.440171655559,4319.773158077676,4285.708235060788,4334.957,4329.0405,4319.147800000001,4274.3871,10.984491941386295,5.555679989344558,5.4288119520417375,9.213339413837142,42.1927079967882,13.523702071864134,31.41528163224048,4337.720585197177,1,0,4307.789191999999,1,4336.43,4336.43,4310.4575,4300.205,4310.4575,4300.205,1,0,0,79.73873665016262,98.4543391945558,96.93516685802986,214.9905485319851,-1.5456608054441907,52.9459608091016,4329.0405,4367.997522189774,4290.083477810226,1.0334019088721518,6144.0,5173.189172006772,4330.342438430426,4371.69,4301.17,4355.04728,4344.75136,4336.43,4328.10864,4316.26128,0,0,0,0,8.0,0.0,62.5600000000004,1,0,0,0,0,0,0,0,0,1,0,2,2026-08-07 15:00:00+00:00,4321.17,4371.69,4301.17,4370.6,8901,4312.444217497503,4287.851950312741,4247.026282955276,4148.502704095214,4302.738,4274.07,4258.2722,4110.57855,24.241081278892125,15.79231723097186,8.448764047920264,21.53779040832293,37.844379721344005,8.840484804676933,30.587953588095875,4270.4603236094335,1,0,4292.971323533583,1,4316.155,4297.56,4251.3175,4174.765,4251.3175,4174.765,1,0,0,77.53271450244792,99.23261053224498,96.17142509316768,177.5281418836857,-0.7673894677550241,85.8533589189475,4274.07,4347.721907896834,4200.418092103166,1.1553122842059471,17032.0,-18435.44355452215,4274.455693855399,4371.69,4150.13,4319.40184,4287.05408,4260.91,4234.76592,4197.54384,0,0,0,0,7.0,1.0,64.59000000000015,0,0,0,0,1,0,0,0,0,0,0,2
90816369,XAUUSD.m,BUY,0.01,4356.55,4350.42,4368.42,9.961,2026-08-07T13:30:55.263852+00:00,4349.91,2026-08-07T16:56:41+00:00,LOSS,-6.64,CLOSED,4356.33,4359.33,4352.22,4356.42,214,4352.196522626718,4345.150615037688,4329.905255873874,4291.69166098455,4355.134,4342.5740000000005,4327.5462,4279.46915,8.876663575709244,9.140561775965471,-0.2638982002562269,8.853311356811803,29.98603257603648,22.1571024423489,23.483681379565677,4337.720585199369,1,0,4341.518507379608,1,4355.375,4336.43,4317.45,4304.46,4317.45,4304.46,1,0,0,63.09084465930019,78.34656834940495,75.71847230100241,52.07520027131031,-21.65343165059505,48.3498819822475,4342.5740000000005,4385.72522021815,4299.422779781851,0.6604357875629198,4374.0,4698.668528961068,4344.15920538318,4371.69,4301.17,4355.04728,4344.75136,4336.43,4328.10864,4316.26128,0,0,0,0,6.0,2.0,8.61999999999989,0,0,0,0,0,0,0,0,0,0,0,2,2026-08-07 16:00:00+00:00,4361.22,4363.66,4339.19,4356.42,6350,4319.720973998003,4293.564508328648,4250.957405581768,4149.7886270042245,4310.831,4279.344999999999,4262.0524,4111.93235,26.090269820843787,17.730782507759553,8.359487313084234,21.747233011283583,34.80277271948628,8.129962403952561,32.84074272661999,4283.1344621276185,1,0,4301.17,1,4316.79,4297.56,4251.3175,4174.765,4251.3175,4174.765,1,0,0,74.1174422400691,89.24950718107608,91.7422630907347,159.54285785978325,-10.750492818923917,86.56618927825912,4279.344999999999,4357.729246403293,4200.960753596706,0.9916485361321438,19581.0,-8785.281134618564,4281.808020828156,4371.69,4150.13,4319.40184,4287.05408,4260.91,4234.76592,4197.54384,0,0,0,0,6.0,2.0,40.34000000000015,1,0,0,0,0,0,0,0,0,0,0,0
90816560,XAUUSD.m,BUY,0.01,4358.4,4352.17,4370.17,10.05,2026-08-07T13:31:23.088801+00:00,4351.99,2026-08-07T16:33:30+00:00,LOSS,-6.41,CLOSED,4356.33,4359.33,4352.22,4358.17,322,4352.546522626718,4345.317281704355,4329.973883324854,4291.709073919874,4355.308999999999,4342.6615,4327.5812,4279.4779,9.01626471531108,9.168482003885838,-0.1522172885747572,8.853311356811803,29.98603257603648,22.1571024423489,23.483681379565677,4337.720585199369,1,0,4341.518507379608,1,4355.375,4336.43,4317.45,4304.46,4317.45,4304.46,1,0,0,64.1538315391894,80.82813386273452,76.54566080544559,54.07877074920267,-19.17186613726548,48.74973830206692,4342.6615,4385.937851765192,4299.385148234808,0.6791798449664339,4910.0,4749.716148008687,4344.2383777213545,4371.69,4301.17,4355.04728,4344.75136,4336.43,4328.10864,4316.26128,0,0,0,0,6.0,2.0,10.36999999999989,0,0,0,0,0,0,0,0,0,0,0,2,2026-08-07 16:00:00+00:00,4361.22,4363.66,4339.19,4358.17,6458,4320.070973998003,4293.731174995314,4251.026033032748,4149.806039939548,4311.005999999999,4279.4325,4262.0874,4111.9411,26.229870960444718,17.75870273567974,8.471168224764973,21.747233011283583,34.80277271948628,8.129962403952561,32.84074272661999,4283.1344621276185,1,0,4301.17,1,4316.79,4297.56,4251.3175,4174.765,4251.3175,4174.765,1,0,0,74.91468797083849,90.4815544916928,92.15294552760696,160.5254161644994,-9.518445508307188,86.5796002905024,4279.4325,4358.182069455809,4200.682930544191,0.9999233681155816,19473.0,-8795.56684890428,4281.88937017092,4371.69,4150.13,4319.40184,4287.05408,4260.91,4234.76592,4197.54384,0,0,0,0,6.0,2.0,42.09000000000015,1,0,0,0,0,0,0,0,0,0,0,0
90816734,XAUUSD.m,BUY,0.01,4357.38,4351.27,4369.27,11.541,2026-08-07T13:31:55.344964+00:00,4351.27,2026-08-07T16:33:32+00:00,LOSS,-6.11,CLOSED,4356.33,4359.33,4352.22,4357.27,446,4352.366522626719,4345.231567418641,4329.938589207207,4291.700118695993,4355.218999999999,4342.6165,4327.5632000000005,4279.4734,8.944469843516345,9.154123029526891,-0.2096531860105468,8.853311356811803,29.98603257603648,22.1571024423489,23.483681379565677,4337.720585199369,1,0,4341.518507379608,1,4355.375,4336.43,4317.45,4304.46,4317.45,4304.46,1,0,0,63.65014504645313,79.55190017016554,76.12024957458927,53.04893398355538,-20.448099829834455,49.20103551032479,4342.6165,4385.82677327895,4299.40622672105,0.6695603717361686,5034.0,4761.525671818211,4344.313276272248,4371.69,4301.17,4355.04728,4344.75136,4336.43,4328.10864,4316.26128,0,0,0,0,6.0,2.0,9.470000000000256,0,0,0,0,0,0,0,0,0,0,0,2,2026-08-07 16:00:00+00:00,4361.22,4363.66,4339.19,4357.27,6582,4319.890973998003,4293.6454607096,4250.990738915101,4149.797084715668,4310.915999999999,4279.3875,4262.0694,4111.9366,26.158076088649977,17.744343761320792,8.413732327329186,21.747233011283583,34.80277271948628,8.129962403952561,32.84074272661999,4283.1344621276185,1,0,4301.17,1,4316.79,4297.56,4251.3175,4174.765,4251.3175,4174.765,1,0,0,74.5025455184911,89.84793016051876,91.94173741721558,160.0203697627471,-10.15206983948125,86.594789478905,4279.3875,4357.948427445227,4200.826572554773,0.995682157356788,19349.0,-8807.376372713803,4281.938471742741,4371.69,4150.13,4319.40184,4287.05408,4260.91,4234.76592,4197.54384,0,0,0,0,6.0,2.0,41.19000000000051,1,0,0,0,0,0,0,0,0,0,0,0
90816901,XAUUSD.m,BUY,0.01,4357.16,4350.84,4368.84,11.485,2026-08-07T13:32:23.091326+00:00,4350.76,2026-08-07T16:33:33+00:00,LOSS,-6.4,CLOSED,4356.33,4359.33,4352.22,4356.84,546,4352.280522626718,4345.190615037688,4329.921726462109,4291.695840089028,4355.176,4342.595,4327.5546,4279.47125,8.910167849213394,9.1472626306663,-0.2370947814529067,8.853311356811803,29.98603257603648,22.1571024423489,23.483681379565677,4337.720585199369,1,0,4341.518507379608,1,4355.375,4336.43,4317.45,4304.46,4317.45,4304.46,1,0,0,63.40446401792835,78.94214407260415,75.91699754206881,52.55647417817467,-21.05785592739585,49.559235999564095,4342.595,4385.774991224,4299.415008776001,0.6649490840109589,5134.0,4771.04948134202,4344.37293710524,4371.69,4301.17,4355.04728,4344.75136,4336.43,4328.10864,4316.26128,0,0,0,0,6.0,2.0,9.039999999999964,0,0,0,0,0,0,0,0,0,0,0,2,2026-08-07 16:00:00+00:00,4361.22,4363.66,4339.19,4356.84,6682,4319.804973998002,4293.604508328648,4250.973876170003,4149.792806108702,4310.873,4279.366,4262.0608,4111.93445,26.123774094347937,17.737483362460384,8.386290731887552,21.747233011283583,34.80277271948628,8.129962403952561,32.84074272661999,4283.1344621276185,1,0,4301.17,1,4316.79,4297.56,4251.3175,4174.765,4251.3175,4174.765,1,0,0,74.30722971141506,89.54519853562415,91.84082687558406,159.7788685461522,-10.454801464375851,86.60703082765164,4279.366,4357.837367195145,4200.894632804855,0.9936450247345348,19249.0,-8816.900182237612,4281.982290289751,4371.69,4150.13,4319.40184,4287.05408,4260.91,4234.76592,4197.54384,0,0,0,0,6.0,2.0,40.76000000000022,1,0,0,0,0,0,0,0,0,0,0,0
90817548,XAUUSD.m,BUY,0.01,4357.13,4350.87,4368.87,11.48,2026-08-07T13:32:55.352815+00:00,4350.87,2026-08-07T16:33:33+00:00,LOSS,-6.26,CLOSED,4356.33,4359.33,4352.22,4356.87,665,4352.286522626718,4345.1934721805455,4329.922902932697,4291.6961385964905,4355.178999999999,4342.596500000001,4327.5552,4279.4714,8.912561011606158,9.147741263144855,-0.2351802515386971,8.853311356811803,29.98603257603648,22.1571024423489,23.483681379565677,4337.720585199369,1,0,4341.518507379608,1,4355.375,4336.43,4317.45,4304.46,4317.45,4304.46,1,0,0,63.42171227078656,78.98468519568944,75.93117791643057,52.590840799579,-21.015314804310563,49.97903332381405,4342.596500000001,4385.778576825308,4299.414423174693,0.6652711153488822,5253.0,4782.382814675354,4344.447496375658,4371.69,4301.17,4355.04728,4344.75136,4336.43,4328.10864,4316.26128,0,0,0,0,6.0,2.0,9.069999999999707,0,0,0,0,0,0,0,0,0,0,0,2,2026-08-07 16:00:00+00:00,4361.22,4363.66,4339.19,4356.87,6801,4319.810973998003,4293.607365471505,4250.975052640592,4149.793104616165,4310.875999999999,4279.3675,4262.0614000000005,4111.9346,26.12616725674161,17.73796199493912,8.38820526180249,21.747233011283583,34.80277271948628,8.129962403952561,32.84074272661999,4283.1344621276185,1,0,4301.17,1,4316.79,4297.56,4251.3175,4174.765,4251.3175,4174.765,1,0,0,74.32082315819851,89.56631934666311,91.84786714593037,159.79572169484834,-10.433680653336886,86.62160238325126,4279.3675,4357.845103610347,4200.889896389654,0.9937873764903128,19130.0,-8828.233515570946,4282.042780978535,4371.69,4150.13,4319.40184,4287.05408,4260.91,4234.76592,4197.54384,0,0,0,0,6.0,2.0,40.78999999999997,1,0,0,0,0,0,0,0,0,0,0,0
90818330,XAUUSD.m,BUY,0.01,4353.99,4348.0,4366.0,10.229,2026-08-07T13:35:55.302679+00:00,4366.12,2026-08-07T16:39:46+00:00,WIN,12.13,CLOSED,4353.31,4354.44,4351.1,4354.0,204,4352.037218101375,4345.713368252774,4330.727308558909,4292.069006552462,4353.325,4344.053,4328.4288,4279.9785,8.304983209369311,8.931964790357345,-0.6269815809880335,8.55833028015845,28.80388148052595,21.283594575198887,22.878722489305293,4337.720585195158,1,0,4343.932226789239,1,4352.33,4336.43,4318.2325,4305.03,4318.2325,4305.03,1,0,0,60.54884980336948,72.06695089215282,74.79751076250092,38.5200226142105,-27.933049107847182,53.92775055507211,4344.053,4386.09024919639,4302.01575080361,0.6183117376868508,4205.0,5049.273793385399,4345.495540030814,4371.69,4301.17,4355.04728,4344.75136,4336.43,4328.10864,4316.26128,0,0,0,0,7.0,1.0,6.680000000000291,0,0,0,0,0,0,0,0,0,0,1,1,2026-08-07 16:00:00+00:00,4361.22,4363.66,4339.19,4354.0,7452,4319.236973998002,4293.334032138172,4250.862503620983,4149.764547402235,4310.589,4279.224,4262.004,4111.920249999999,25.89722138779507,17.69217282114981,8.20504856664526,21.747233011283583,34.80277271948628,8.129962403952561,32.84074272661999,4283.1344621276185,1,0,4301.17,1,4316.79,4297.56,4251.3175,4174.765,4251.3175,4174.765,1,0,0,73.04251696501353,87.54576175725175,91.17434794945991,158.18056038388286,-12.454238242748245,86.70055141576965,4279.224,4357.113190493875,4201.334809506126,0.980015259664821,18479.0,-8890.233515570946,4282.31910293534,4371.69,4150.13,4319.40184,4287.05408,4260.91,4234.76592,4197.54384,0,0,0,0,6.0,2.0,37.92000000000007,1,0,0,0,0,0,0,0,0,0,0,0
90818579,XAUUSD.m,BUY,0.01,4355.85,4349.51,4367.51,9.39,2026-08-07T13:36:55.259142+00:00,4367.75,2026-08-07T16:42:02+00:00,WIN,11.9,CLOSED,4353.31,4355.51,4351.1,4355.51,429,4352.339218101374,4345.857177776584,4330.786524245183,4292.084031428084,4353.476000000001,4344.128500000001,4328.459,4279.98605,8.42543904982449,8.956055958448381,-0.530616908623891,8.634758851587065,28.548930583692147,21.09520775905181,22.878722489305293,4337.720585195158,1,0,4343.932226789239,1,4352.33,4336.43,4318.2325,4305.03,4318.2325,4305.03,1,0,0,61.47444273041239,74.4512869098383,75.59228943506275,41.68996754673143,-25.54871309016169,53.07976828947442,4344.128500000001,4386.24631734485,4302.010682655152,0.6351150263415953,4430.0,5070.702364813969,4345.605679861403,4371.69,4301.17,4355.04728,4344.75136,4336.43,4328.10864,4316.26128,0,0,0,0,7.0,1.0,8.19000000000051,0,0,0,0,0,0,0,0,0,0,0,1,2026-08-07 16:00:00+00:00,4361.22,4363.66,4339.19,4355.51,7677,4319.538973998003,4293.477841661981,4250.921719307258,4149.7795722778565,4310.74,4279.2995,4262.0342,4111.9278,26.01767722825116,17.71626398924103,8.301413239010131,21.747233011283583,34.80277271948628,8.129962403952561,32.84074272661999,4283.1344621276185,1,0,4301.17,1,4316.79,4297.56,4251.3175,4174.765,4251.3175,4174.765,1,0,0,73.70954356667218,88.60884257955549,91.52870822356115,159.03107449244249,-11.391157420444513,86.72779073265018,4279.2995,4357.496199479424,4201.102800520576,0.9872999788185028,18254.0,-8911.662086999517,4282.457016314721,4371.69,4150.13,4319.40184,4287.05408,4260.91,4234.76592,4197.54384,0,0,0,0,6.0,2.0,39.43000000000029,1,0,0,0,0,0,0,0,0,0,0,0
90819547,XAUUSD.m,BUY,0.01,4364.49,4358.41,4376.41,9.15,2026-08-07T13:39:55.280424+00:00,4358.41,2026-08-07T16:45:00+00:00,LOSS,-6.08,CLOSED,4353.31,4366.12,4351.1,4364.41,1096,4354.119218101374,4346.704796824202,4331.135543853026,4292.172588642015,4354.366,4344.5735,4328.637,4280.03055,9.135410559796584,9.0980502604428,0.037360299353784,9.392615994444183,31.40904847333086,19.39310965457177,23.495730495341373,4337.720585195158,1,0,4343.932226789239,1,4352.655,4336.43,4318.2325,4305.03,4318.2325,4305.03,1,0,0,66.15471948909513,88.50465813990249,80.2767465117508,65.35082064565908,-11.495341860097511,58.03783342196838,4344.5735,4387.380079068857,4301.766920931143,0.7316991970800939,5097.0,5134.226174337779,4346.252565221066,4371.69,4301.17,4355.04728,4344.75136,4336.43,4328.10864,4316.26128,0,0,0,0,8.0,0.0,17.090000000000146,0,0,0,0,0,0,0,0,0,0,0,0,2026-08-07 16:00:00+00:00,4361.22,4366.12,4339.19,4364.41,8344,4321.318973998003,4294.3254607096005,4251.270738915101,4149.868129491787,4311.629999999999,4279.7445,4262.2122,4111.972299999999,26.727648738222346,17.858258291235266,8.869390446987076,21.922947296997872,34.52382553841456,8.064800064357366,32.84074272661999,4283.626462127619,1,0,4301.17,1,4316.79,4297.56,4251.3175,4174.765,4251.3175,4174.765,1,0,0,76.77317889541949,94.8746831878346,93.6173217596542,165.37832187638048,-5.125316812165409,86.80844780969768,4279.7445,4359.8454028071965,4199.643597192803,1.0284927949176204,34275.0,-7385.852563189994,4283.006665359742,4371.69,4150.13,4319.40184,4287.05408,4260.91,4234.76592,4197.54384,0,0,0,1,6.0,2.0,48.32999999999993,1,0,0,0,0,0,0,0,0,0,1,2
90819622,XAUUSD.m,BUY,0.01,4364.33,4358.06,4376.06,11.55,2026-08-07T13:40:23.116193+00:00,4357.93,2026-08-07T16:45:55+00:00,LOSS,-6.4,CLOSED,4364.82,4365.01,4363.22,4364.06,90,4356.1665744811,4348.389555401894,4332.440215264652,4292.660092627623,4354.322,4346.816499999999,4329.8406,4280.62005,9.432016929376914,9.169566331220716,0.2624505981561995,8.849571865883046,30.95525622122248,19.112921218086527,23.506936023445935,4337.720585196897,1,0,4346.1528486461,1,4352.655,4336.43,4318.422500000001,4305.219999999999,4318.422500000001,4305.219999999999,1,0,0,65.63361229781876,76.52307692307939,79.78330767354373,75.01692582833333,-23.476923076920613,54.85492743535178,4346.816499999999,4388.800604398028,4304.83239560197,0.7053574828764367,5500.0,5603.6490780122085,4347.271601973915,4371.69,4301.17,4355.04728,4344.75136,4336.43,4328.10864,4316.26128,0,0,0,0,7.0,1.0,13.3700000000008,1,0,0,0,0,0,0,0,0,0,0,0,2026-08-07 16:00:00+00:00,4361.22,4366.12,4339.19,4364.06,8448,4321.248973998003,4294.292127376267,4251.257013424905,4149.864646904722,4311.594999999999,4279.727000000001,4262.2052,4111.97055,26.69972851030252,17.8526742456513,8.84705426465122,21.922947296997872,34.52382553841456,8.064800064357366,32.84074272661999,4283.626462127619,1,0,4301.17,1,4316.79,4297.56,4251.3175,4174.765,4251.3175,4174.765,1,0,0,76.72321401459574,94.62827372571162,93.53518527227988,165.18410623181174,-5.3717262742883705,86.82078531651925,4279.727000000001,4359.750134839092,4199.70386516091,1.026928869817304,34379.0,-7375.947801285231,4283.053297932132,4371.69,4150.13,4319.40184,4287.05408,4260.91,4234.76592,4197.54384,0,0,0,1,6.0,2.0,47.98000000000047,1,0,0,0,0,0,0,0,0,0,1,2
90819698,XAUUSD.m,BUY,0.01,4363.61,4357.18,4375.18,11.55,2026-08-07T13:40:55.332993+00:00,4356.69,2026-08-07T16:46:03+00:00,LOSS,-6.92,CLOSED,4364.82,4365.13,4361.86,4363.18,203,4355.9905744811,4348.305745878084,4332.40570546073,4292.651336408718,4354.234,4346.7725,4329.823,4280.61565,9.36181749917705,9.15552644518074,0.2062910539963098,8.955286151597367,30.589839332790987,18.8872993026859,23.506936023445935,4337.720585196897,1,0,4346.1528486461,1,4352.655,4336.43,4318.422500000001,4305.219999999999,4318.422500000001,4305.219999999999,1,0,0,64.80815969016373,73.81538461538675,78.88074357097952,72.35088591512776,-26.18461538461326,55.2190797554851,4346.7725,4388.682292788539,4304.862707211461,0.6957478062798645,5387.0,5592.887173250304,4347.363014890704,4371.69,4301.17,4355.04728,4344.75136,4336.43,4328.10864,4316.26128,0,0,0,0,7.0,1.0,12.490000000000691,1,0,0,0,0,0,0,0,0,0,0,0,2026-08-07 16:00:00+00:00,4361.22,4366.12,4339.19,4363.18,8561,4321.072973998002,4294.208317852457,4251.222503620984,4149.855890685816,4311.507,4279.683,4262.1876,4111.96615,26.629529080102657,17.838634359611326,8.79089472049133,21.922947296997872,34.52382553841456,8.064800064357366,32.84074272661999,4283.626462127619,1,0,4301.17,1,4316.79,4297.56,4251.3175,4174.765,4251.3175,4174.765,1,0,0,76.5966331525673,94.00872993523,93.32867067545268,164.69541799896717,-5.991270064770002,86.83412481089556,4279.683,4359.511625152171,4199.854374847829,1.0229765628609804,34492.0,-7365.185896523327,4283.093727961636,4371.69,4150.13,4319.40184,4287.05408,4260.91,4234.76592,4197.54384,0,0,0,1,6.0,2.0,47.10000000000037,1,0,0,0,0,0,0,0,0,0,1,2
90819760,XAUUSD.m,BUY,0.01,4364.61,4358.43,4376.43,11.55,2026-08-07T13:41:23.111198+00:00,4358.43,2026-08-07T16:44:59+00:00,LOSS,-6.18,CLOSED,4364.82,4365.13,4361.86,4364.43,306,4356.2405744811,4348.424793497132,4332.454725068574,4292.663774219664,4354.359,4346.835,4329.848,4280.621899999999,9.461532598892518,9.175469465123834,0.2860631337686836,8.955286151597367,30.589839332790987,18.8872993026859,23.506936023445935,4337.720585196897,1,0,4346.1528486461,1,4352.655,4336.43,4318.422500000001,4305.219999999999,4318.422500000001,4305.219999999999,1,0,0,65.98699055830494,77.66153846154059,80.1627948530308,73.92383406374033,-22.338461538459413,55.54605959928399,4346.835,4388.851410578416,4304.818589421584,0.709382474106901,5284.0,5583.07764944078,4347.45500120698,4371.69,4301.17,4355.04728,4344.75136,4336.43,4328.10864,4316.26128,0,0,0,0,7.0,1.0,13.740000000000691,1,0,0,0,0,0,0,0,0,0,0,0,2026-08-07 16:00:00+00:00,4361.22,4366.12,4339.19,4364.43,8664,4321.322973998002,4294.327365471505,4251.2715232288265,4149.868328496762,4311.632,4279.7455,4262.2126,4111.9724,26.729244179818124,17.858577379554422,8.870666800263702,21.922947296997872,34.52382553841456,8.064800064357366,32.84074272661999,4283.626462127619,1,0,4301.17,1,4316.79,4297.56,4251.3175,4174.765,4251.3175,4174.765,1,0,0,76.77602755334553,94.88876372852766,93.62201527321857,165.38941735411265,-5.11123627147234,86.84641970218412,4279.7455,4359.850853648552,4199.6401463514485,1.0285820244395838,34595.0,-7355.376372713803,4283.171522213452,4371.69,4150.13,4319.40184,4287.05408,4260.91,4234.76592,4197.54384,0,0,0,1,6.0,2.0,48.35000000000037,1,0,0,0,0,0,0,0,0,0,1,2
90820269,XAUUSD.m,BUY,0.01,4365.66,4359.39,4377.39,11.35,2026-08-07T13:41:55.344633+00:00,4359.26,2026-08-07T16:44:58+00:00,LOSS,-6.4,CLOSED,4364.82,4367.08,4361.86,4365.39,418,4356.4325744811,4348.516222068561,4332.492372127397,4292.673326458469,4354.455,4346.883,4329.8672,4280.6267,9.538113795473691,9.190785704440067,0.3473280910336225,9.094571865883069,30.87532998304695,18.59803544144014,23.59004668341236,4337.720585196897,1,0,4346.1528486461,1,4353.135,4336.43,4318.422500000001,4305.219999999999,4318.422500000001,4305.219999999999,1,0,0,66.62257876310954,80.61538461538686,81.14741023764623,77.57464607995904,-19.384615384613145,55.89645683011277,4346.883,4388.986149075865,4304.779850924135,0.719781660115886,6008.0,5652.030030393161,4347.570041658095,4371.69,4301.17,4355.04728,4344.75136,4336.43,4328.10864,4316.26128,0,0,0,0,8.0,0.0,14.700000000000728,1,0,0,0,0,0,0,0,0,0,0,0,2026-08-07 16:00:00+00:00,4361.22,4367.08,4339.19,4365.39,8776,4321.5149739980025,4294.418794042934,4251.30917028765,4149.877880735568,4311.728,4279.7935,4262.2318,4111.977199999999,26.805825376399294,17.873893618870657,8.931931757528641,21.991518725569303,34.41617730972868,8.039653330816268,32.84074272661999,4283.81846212762,1,0,4301.17,1,4316.79,4297.56,4251.3175,4174.765,4251.3175,4174.765,1,0,0,76.9119462148573,95.56462968178027,93.84730392430276,166.45329692561108,-4.435370318219708,86.85980997150384,4279.7935,4360.113375307892,4199.473624692108,1.0328475652625284,34707.0,-7344.709706047137,4283.268117864131,4371.69,4150.13,4319.40184,4287.05408,4260.91,4234.76592,4197.54384,0,0,0,1,6.0,2.0,49.3100000000004,1,0,0,0,0,0,0,0,0,0,1,2
90820390,XAUUSD.m,BUY,0.01,4366.3,4360.06,4378.06,11.85,2026-08-07T13:42:23.098835+00:00,4359.48,2026-08-07T16:44:58+00:00,LOSS,-6.82,CLOSED,4364.82,4367.91,4361.86,4366.06,521,4356.5665744811,4348.58003159237,4332.518646637201,4292.679993125136,4354.522,4346.916499999999,4329.8806,4280.63005,9.59156108892148,9.201475163129627,0.3900859257918529,9.153857580168776,31.323021614780146,18.47758372960169,23.659887427937203,4337.720585196897,1,0,4346.1528486461,1,4353.549999999999,4336.43,4318.422500000001,4305.219999999999,4318.422500000001,4305.219999999999,1,0,0,66.94365005622139,82.67692307692553,81.83458972482579,79.45051551993086,-17.32307692307446,56.213847642380365,4346.916499999999,4389.082669664907,4304.750330335091,0.7270006992825442,6111.0,5661.839554202685,4347.674036254498,4371.69,4301.17,4355.04728,4344.75136,4336.43,4328.10864,4316.26128,0,0,0,0,8.0,0.0,15.3700000000008,1,0,0,0,0,0,0,0,0,0,0,0,2026-08-07 16:00:00+00:00,4361.22,4367.91,4339.19,4366.06,8879,4321.6489739980025,4294.482603566743,4251.335444797454,4149.884547402235,4311.795,4279.827,4262.2452,4111.98055,26.859272669846177,17.88458307756003,8.974689592286147,22.05080443985501,34.32364609798282,8.018037947503291,32.84074272661999,4283.984462127618,1,0,4301.17,1,4316.79,4297.56,4251.3175,4174.765,4251.3175,4174.765,1,0,0,77.00586731784573,96.03632779498788,94.0045366287053,167.28268508019593,-3.96367220501211,86.87208234399307,4279.827,4360.297611856959,4199.356388143042,1.0358043017821512,34810.0,-7334.900182237612,4283.352215293472,4371.69,4150.13,4319.40184,4287.05408,4260.91,4234.76592,4197.54384,0,0,0,1,6.0,2.0,49.98000000000047,1,0,0,0,0,0,0,0,0,0,1,2
90820511,XAUUSD.m,BUY,0.01,4367.0,4360.73,4378.73,11.85,2026-08-07T13:42:55.450382+00:00,4360.69,2026-08-07T16:44:41+00:00,LOSS,-6.31,CLOSED,4364.82,4367.91,4361.86,4366.73,628,4356.7005744811,4348.64384111618,4332.544921147005,4292.686659791802,4354.589,4346.95,4329.893999999999,4280.6334,9.64500838236836,9.212164621819005,0.4328437605493569,9.153857580168776,31.323021614780146,18.47758372960169,23.659887427937203,4337.720585196897,1,0,4346.1528486461,1,4353.549999999999,4336.43,4318.422500000001,4305.219999999999,4318.422500000001,4305.219999999999,1,0,0,67.25860316614293,84.73846153846142,82.52176921200441,80.28709163349762,-15.261538461538574,56.53870940881426,4346.95,4389.181222174063,4304.718777825937,0.734186923580771,6218.0,5672.030030393161,4347.77700434178,4371.69,4301.17,4355.04728,4344.75136,4336.43,4328.10864,4316.26128,0,0,0,0,8.0,0.0,16.039999999999964,1,0,0,0,0,0,0,0,0,0,0,0,2026-08-07 16:00:00+00:00,4361.22,4367.91,4339.19,4366.73,8986,4321.7829739980025,4294.546413090553,4251.361719307258,4149.891214068901,4311.861999999999,4279.860500000001,4262.2586,4111.983899999999,26.912719963293057,17.895272536249408,9.017447427043647,22.05080443985501,34.32364609798282,8.018037947503291,32.84074272661999,4283.984462127618,1,0,4301.17,1,4316.79,4297.56,4251.3175,4174.765,4251.3175,4174.765,1,0,0,77.09902738355147,96.50802590819484,94.1617693331076,167.65264539301097,-3.491974091805152,86.88473816962399,4279.860500000001,4360.482680172649,4199.238319827352,1.0387444237675771,34917.0,-7324.709706047137,4283.421666445949,4371.69,4150.13,4319.40184,4287.05408,4260.91,4234.76592,4197.54384,0,0,0,1,6.0,2.0,50.64999999999964,1,0,0,0,0,0,0,0,0,0,1,2
90820649,XAUUSD.m,BUY,0.01,4362.86,4356.72,4374.72,11.85,2026-08-07T13:43:23.203394+00:00,4356.69,2026-08-07T16:46:03+00:00,LOSS,-6.17,CLOSED,4364.82,4367.91,4361.86,4362.72,729,4355.8985744811,4348.261936354274,4332.387666245044,4292.64675929429,4354.188,4346.7495,4329.8138,4280.61335,9.325122342482246,9.14818741384178,0.1769349286404651,9.153857580168776,31.323021614780146,18.47758372960169,23.659887427937203,4337.720585196897,1,0,4346.1528486461,1,4353.549999999999,4336.43,4318.422500000001,4305.219999999999,4318.422500000001,4305.219999999999,1,0,0,64.38488246325949,72.40000000000201,78.40894869918462,75.26801667659551,-27.599999999997983,56.84022485013698,4346.7495,4388.621867713016,4304.877132286984,0.6907045251113909,4861.0,5542.791935155065,4347.818289715684,4371.69,4301.17,4355.04728,4344.75136,4336.43,4328.10864,4316.26128,0,0,0,0,8.0,0.0,12.030000000000657,1,0,0,0,0,0,0,0,0,0,0,0,2026-08-07 16:00:00+00:00,4361.22,4367.91,4339.19,4362.72,9087,4320.980973998003,4294.164508328648,4251.204464405298,4149.851313571388,4311.461,4279.66,4262.178400000001,4111.963849999999,26.59283392340785,17.83129532827237,8.761538595135484,22.05080443985501,34.32364609798282,8.018037947503291,32.84074272661999,4283.984462127618,1,0,4301.17,1,4316.79,4297.56,4251.3175,4174.765,4251.3175,4174.765,1,0,0,76.52991641038842,93.68487749929643,93.2207198634748,165.43379649921826,-6.315122500703568,86.89628414529004,4279.66,4359.387533908679,4199.932466091321,1.0208990917437528,35018.0,-7315.090658428089,4283.3894902441525,4371.69,4150.13,4319.40184,4287.05408,4260.91,4234.76592,4197.54384,0,0,0,1,6.0,2.0,46.64000000000033,1,0,0,0,0,0,0,0,0,0,1,2
90820967,XAUUSD.m,BUY,0.01,4362.37,4355.73,4373.73,11.85,2026-08-07T13:43:55.444590+00:00,4355.73,2026-08-07T16:46:06+00:00,LOSS,-6.64,CLOSED,4364.82,4367.91,4361.56,4361.73,843,4355.7005744811,4348.167650639989,4332.348842715633,4292.636908548022,4354.089,4346.7,4329.794,4280.6084,9.246147983508308,9.132392542046992,0.1137554414613148,9.175286151597296,31.24986775396976,18.43442995584093,23.659887427937203,4337.720585196897,1,0,4346.1528486461,1,4353.549999999999,4336.43,4318.422500000001,4305.219999999999,4318.422500000001,4305.219999999999,1,0,0,63.49241088387795,69.35384615384604,77.39356408379929,73.64720177272046,-30.64615384615396,57.17595429416869,4346.7,4388.495143510364,4304.904856489636,0.6798055795199349,4747.0,5531.934792297923,4347.89382673176,4371.69,4301.17,4355.04728,4344.75136,4336.43,4328.10864,4316.26128,0,0,0,0,8.0,0.0,11.039999999999964,1,0,0,0,0,0,0,0,0,0,0,0,2026-08-07 16:00:00+00:00,4361.22,4367.91,4339.19,4361.73,9201,4320.7829739980025,4294.070222614362,4251.165640875885,4149.84146282512,4311.361999999999,4279.610500000001,4262.1586,4111.9589,26.513859564433005,17.815500456477398,8.698359107955607,22.05080443985501,34.32364609798282,8.018037947503291,32.84074272661999,4283.984462127618,1,0,4301.17,1,4316.79,4297.56,4251.3175,4174.765,4251.3175,4174.765,1,0,0,76.38503214849501,92.9878907350042,92.98839094204406,164.88429293979016,-7.012109264995804,86.90957483564293,4279.610500000001,4359.121837417355,4200.099162582646,1.016401199296613,35132.0,-7304.233515570946,4283.426448807353,4371.69,4150.13,4319.40184,4287.05408,4260.91,4234.76592,4197.54384,0,0,0,1,6.0,2.0,45.64999999999964,1,0,0,0,0,0,0,0,0,0,1,2
90821101,XAUUSD.m,BUY,0.01,4361.96,4355.93,4373.93,11.85,2026-08-07T13:44:23.148297+00:00,4355.73,2026-08-07T16:46:06+00:00,LOSS,-6.23,CLOSED,4364.82,4367.91,4361.56,4361.93,939,4355.7405744811,4348.186698259036,4332.356685852888,4292.638898597773,4354.109,4346.71,4329.798,4280.609399999999,9.262102399461584,9.135583425237648,0.1265189742239343,9.175286151597296,31.24986775396976,18.43442995584093,23.659887427937203,4337.720585196897,1,0,4346.1528486461,1,4353.549999999999,4336.43,4318.422500000001,4305.219999999999,4318.422500000001,4305.219999999999,1,0,0,63.67070826728712,69.9692307692329,77.59869228892823,73.89868931705722,-30.030769230767103,57.45486500232786,4346.71,4388.520377961248,4304.899622038752,0.6820122268938443,4651.0,5522.791935155065,4347.973125135654,4371.69,4301.17,4355.04728,4344.75136,4336.43,4328.10864,4316.26128,0,0,0,0,8.0,0.0,11.240000000000691,1,0,0,0,0,0,0,0,0,0,0,0,2026-08-07 16:00:00+00:00,4361.22,4367.91,4339.19,4361.93,9297,4320.822973998002,4294.0892702334095,4251.17348401314,4149.843452874871,4311.382,4279.6205,4262.1626,4111.9599,26.5298139803881,17.818691339668415,8.711122640719683,22.05080443985501,34.32364609798282,8.018037947503291,32.84074272661999,4283.984462127618,1,0,4301.17,1,4316.79,4297.56,4251.3175,4174.765,4251.3175,4174.765,1,0,0,76.41444569990793,93.12869614193234,93.03532607768678,164.9953584393288,-6.871303858067665,86.92083055199258,4279.6205,4359.175362228604,4200.065637771396,1.0173128184389315,35228.0,-7295.090658428089,4283.47939994807,4371.69,4150.13,4319.40184,4287.05408,4260.91,4234.76592,4197.54384,0,0,0,1,6.0,2.0,45.85000000000037,1,0,0,0,0,0,0,0,0,0,1,2
90821269,XAUUSD.m,BUY,0.01,4361.99,4355.74,4373.74,11.85,2026-08-07T13:44:55.345527+00:00,4355.73,2026-08-07T16:46:06+00:00,LOSS,-6.26,CLOSED,4364.82,4367.91,4360.31,4361.74,1054,4355.7025744811,4348.168603020941,4332.349234872495,4292.637008050509,4354.09,4346.7005,4329.7942,4280.60845,9.24694570430529,9.132552086206388,0.1143936180989015,9.26457186588301,30.94870254049431,18.256771314957764,23.659887427937203,4337.720585196897,1,0,4346.1528486461,1,4353.549999999999,4336.43,4318.422500000001,4305.219999999999,4318.422500000001,4305.219999999999,1,0,0,63.501302033594975,69.38461538461594,77.40382049405592,72.08635085855151,-30.615384615384052,57.78385776135734,4346.7005,4388.496400818889,4304.904599181111,0.6799159690943061,4536.0,5511.839554202685,4348.03857187915,4371.69,4301.17,4355.04728,4344.75136,4336.43,4328.10864,4316.26128,0,0,0,0,8.0,0.0,11.050000000000182,1,0,0,0,0,0,0,0,0,0,0,0,2026-08-07 16:00:00+00:00,4361.22,4367.91,4339.19,4361.74,9412,4320.784973998003,4294.071174995314,4251.166033032749,4149.841562327608,4311.362999999999,4279.611,4262.1588,4111.958949999999,26.51465728523181,17.81566000063716,8.698997284594647,22.05080443985501,34.32364609798282,8.018037947503291,32.84074272661999,4283.984462127618,1,0,4301.17,1,4316.79,4297.56,4251.3175,4174.765,4251.3175,4174.765,1,0,0,76.38650456833534,92.99493100535074,92.99073769882624,164.88984687270948,-7.005068994649268,86.93425284338362,4279.611,4359.124511834229,4200.09748816577,1.0164468158017164,35343.0,-7284.138277475708,4283.533489046564,4371.69,4150.13,4319.40184,4287.05408,4260.91,4234.76592,4197.54384,0,0,0,1,6.0,2.0,45.659999999999854,1,0,0,0,0,0,0,0,0,0,1,2
90821504,XAUUSD.m,BUY,0.01,4359.98,4353.4,4371.4,10.625,2026-08-07T13:45:23.093730+00:00,4353.25,2026-08-07T16:46:16+00:00,LOSS,-6.73,CLOSED,4358.41,4359.75,4358.27,4359.4,91,4355.91885958488,4348.9564911646885,4333.285661254356,4292.624993328619,4353.592,4348.558999999999,4330.7442,4281.16295,8.817760723875836,9.02785770134028,-0.2100969774644436,8.833225561572927,30.141426165550023,17.90993638668577,23.78815093446585,4337.720585186917,1,0,4348.195820754412,1,4353.549999999999,4336.43,4318.422500000001,4305.219999999999,4318.422500000001,4305.219999999999,1,0,0,61.24061629888424,62.1846153846155,70.1988639078178,51.7744345568743,-37.8153846153845,53.968874313565735,4348.558999999999,4388.381655228813,4308.736344771186,0.6361159864618524,5110.0,5921.210843455543,4349.180771369723,4371.69,4301.17,4355.04728,4344.75136,4336.43,4328.10864,4316.26128,0,0,1,0,6.0,2.0,2.8099999999994907,0,0,0,0,0,0,0,0,0,0,0,0,2026-08-07 16:00:00+00:00,4361.22,4367.91,4339.19,4359.4,9516,4320.316973998002,4293.8483178524575,4251.074268326865,4149.818278745518,4311.128999999999,4279.494000000001,4262.112,4111.94725,26.3279906185644,17.778326667303677,8.549663951260722,22.05080443985501,34.32364609798282,8.018037947503291,32.84074272661999,4283.984462127618,1,0,4301.17,1,4316.79,4297.56,4251.3175,4174.765,4251.3175,4174.765,1,0,0,75.48537984150204,91.3475077442974,92.44159661180846,163.5883355779873,-8.652492255702596,86.94618327528609,4279.494000000001,4358.503967765577,4200.484032234424,1.0056703746360292,16415.0,-9086.804944142374,4283.53448318646,4371.69,4150.13,4319.40184,4287.05408,4260.91,4234.76592,4197.54384,0,0,0,0,6.0,2.0,43.31999999999971,1,0,0,0,0,0,0,0,0,0,0,0
90821696,XAUUSD.m,BUY,0.01,4358.14,4351.97,4369.97,9.455,2026-08-07T13:45:55.325788+00:00,4351.7,2026-08-07T16:56:07+00:00,LOSS,-6.44,CLOSED,4358.41,4359.75,4357.9,4357.97,200,4355.632859584881,4348.820300688498,4333.229582822983,4292.610764472897,4353.449,4348.4875,4330.7156,4281.1558,8.703686649801057,9.005042886525324,-0.301356236724267,8.859654133001555,30.051513532120044,18.154813114063177,23.732699481342312,4337.720585186917,1,0,4348.195820754412,1,4353.549999999999,4336.43,4318.422500000001,4305.219999999999,4318.422500000001,4305.219999999999,1,0,0,60.2861435250027,57.7846153846174,68.73219724115175,49.21352471883864,-42.21538461538261,53.54718767533511,4348.4875,4388.233259853286,4308.741740146715,0.6192894542084871,4819.0,5893.496557741257,4349.230213528599,4371.69,4301.17,4355.04728,4344.75136,4336.43,4328.10864,4316.26128,0,0,1,0,6.0,2.0,1.3800000000001091,0,0,0,0,0,0,0,0,0,0,-1,0,2026-08-07 16:00:00+00:00,4361.22,4367.91,4339.19,4357.97,9625,4320.030973998002,4293.712127376267,4251.018189895493,4149.804049889796,4310.986,4279.4225,4262.0834,4111.9401,26.21391654449053,17.7555118524889,8.45840469200163,22.05080443985501,34.32364609798282,8.018037947503291,32.84074272661999,4283.984462127618,1,0,4301.17,1,4316.79,4297.56,4251.3175,4174.765,4251.3175,4174.765,1,0,0,74.82270717918016,90.3407490847653,92.10601039196445,162.79109336933698,-9.659250915234686,86.95874685322343,4279.4225,4358.130010208109,4200.714989791891,0.9989835137226086,16306.0,-9097.185896523326,4283.557079291282,4371.69,4150.13,4319.40184,4287.05408,4260.91,4234.76592,4197.54384,0,0,0,0,6.0,2.0,41.89000000000033,1,0,0,0,0,0,0,0,0,0,0,0
90822084,XAUUSD.m,BUY,0.01,4356.14,4349.88,4367.88,9.459,2026-08-07T13:46:55.267378+00:00,4349.51,2026-08-07T16:56:41+00:00,LOSS,-6.63,CLOSED,4358.41,4359.75,4352.06,4355.88,427,4355.21485958488,4348.62125306945,4333.147622038669,4292.589968452997,4353.24,4348.383,4330.6738000000005,4281.14535,8.53696300307729,8.971698157180569,-0.4347351541032793,9.27679699014436,28.700209388074192,21.83508499424529,22.940278019405927,4337.720585186917,1,0,4348.195820754412,1,4353.549999999999,4336.43,4318.422500000001,4305.219999999999,4318.422500000001,4305.219999999999,1,0,0,58.5346247920413,51.35384615384772,66.58860749756185,37.85503568303005,-48.64615384615228,52.69067501368242,4348.383,4388.034663853046,4308.731336146953,0.5945357555206889,4592.0,5871.877510122209,4349.28005247351,4371.69,4301.17,4355.04728,4344.75136,4336.43,4328.10864,4316.26128,0,0,1,0,6.0,2.0,-0.7100000000000364,0,0,0,0,0,0,0,0,0,0,0,0,2026-08-07 16:00:00+00:00,4361.22,4367.91,4339.19,4355.88,9852,4319.612973998002,4293.513079757219,4250.936229111179,4149.783253869896,4310.777,4279.318,4262.0416000000005,4111.92965,26.047192897766763,17.72216712314415,8.325025774622613,22.05080443985501,34.32364609798282,8.018037947503291,32.84074272661999,4283.984462127618,1,0,4301.17,1,4316.79,4297.56,4251.3175,4174.765,4251.3175,4174.765,1,0,0,73.87484964044889,88.86933258237151,91.61553822449984,161.6233262750925,-11.130667417628482,86.98490257621798,4279.318,4357.590753772686,4201.045246227314,0.9890718437117064,16079.0,-9118.804944142374,4283.621922537765,4371.69,4150.13,4319.40184,4287.05408,4260.91,4234.76592,4197.54384,0,0,0,0,6.0,2.0,39.80000000000018,1,0,0,0,0,0,0,0,0,0,0,0
90822243,XAUUSD.m,BUY,0.01,4356.09,4349.54,4367.54,9.416,2026-08-07T13:47:23.101616+00:00,4349.51,2026-08-07T16:56:41+00:00,LOSS,-6.58,CLOSED,4358.41,4359.75,4352.06,4355.54,526,4355.14685958488,4348.5888721170695,4333.134288705336,4292.58658536842,4353.206,4348.366,4330.667,4281.14365,8.509840495955359,8.966273655756183,-0.4564331598008238,9.27679699014436,28.700209388074192,21.83508499424529,22.940278019405927,4337.720585186917,1,0,4348.195820754412,1,4353.549999999999,4336.43,4318.422500000001,4305.219999999999,4318.422500000001,4305.219999999999,1,0,0,58.25926853981304,50.30769230769343,66.23988954884376,37.36524024372275,-49.69230769230657,52.32550750423179,4348.366,4388.004419640271,4308.7275803597295,0.5904930123994093,4493.0,5862.4489386936375,4349.3100414673045,4371.69,4301.17,4355.04728,4344.75136,4336.43,4328.10864,4316.26128,0,0,1,0,6.0,2.0,-1.050000000000182,0,0,0,0,0,0,0,0,0,0,0,0,2026-08-07 16:00:00+00:00,4361.22,4367.91,4339.19,4355.54,9951,4319.544973998002,4293.480698804839,4250.922895777846,4149.779870785319,4310.743,4279.301,4262.034799999999,4111.92795,26.020070390644836,17.716742621719764,8.303327768925069,22.05080443985501,34.32364609798282,8.018037947503291,32.84074272661999,4283.984462127618,1,0,4301.17,1,4316.79,4297.56,4251.3175,4174.765,4251.3175,4174.765,1,0,0,73.72291919693579,88.62996339059445,91.53574849390748,161.4330656194606,-11.370036609405547,86.99632455701322,4279.301,4357.503855756186,4201.098144243815,0.9874438360517904,15980.0,-9128.233515570946,4283.662577150664,4371.69,4150.13,4319.40184,4287.05408,4260.91,4234.76592,4197.54384,0,0,0,0,6.0,2.0,39.46000000000004,1,0,0,0,0,0,0,0,0,0,0,0
90822405,XAUUSD.m,BUY,0.01,4358.27,4351.96,4369.96,10.437,2026-08-07T13:47:55.341002+00:00,4351.7,2026-08-07T16:56:07+00:00,LOSS,-6.57,CLOSED,4358.41,4359.75,4352.06,4357.96,646,4355.63085958488,4348.819348307546,4333.22919066612,4292.61066497041,4353.447999999999,4348.487,4330.7154,4281.15575,8.702888929004075,9.004883342365927,-0.3019944133618519,9.27679699014436,28.700209388074192,21.83508499424529,22.940278019405927,4337.720585186917,1,0,4348.195820754412,1,4353.549999999999,4336.43,4318.422500000001,4305.219999999999,4318.422500000001,4305.219999999999,1,0,0,60.27751352112717,57.7538461538475,68.72194083089512,40.846401314585215,-42.2461538461525,51.88913004541463,4348.487,4388.232257830327,4308.741742169673,0.6191714498423967,4373.0,5851.020367265067,4349.375017772216,4371.69,4301.17,4355.04728,4344.75136,4336.43,4328.10864,4316.26128,0,0,1,0,6.0,2.0,1.3699999999998909,0,0,0,0,0,0,0,0,0,0,0,0,2026-08-07 16:00:00+00:00,4361.22,4367.91,4339.19,4357.96,10071,4320.028973998003,4293.711174995315,4251.01779773863,4149.803950387309,4310.985,4279.4220000000005,4262.0832,4111.940049999999,26.21311882369264,17.755352308329325,8.457766515363314,22.05080443985501,34.32364609798282,8.018037947503291,32.84074272661999,4283.984462127618,1,0,4301.17,1,4316.79,4297.56,4251.3175,4174.765,4251.3175,4174.765,1,0,0,74.81811406830369,90.33370881441878,92.10366363518226,162.78551323106325,-9.66629118558122,87.01039354633926,4279.4220000000005,4358.127409323907,4200.716590676094,0.9989364814607712,15860.0,-9139.662086999517,4283.777342575427,4371.69,4150.13,4319.40184,4287.05408,4260.91,4234.76592,4197.54384,0,0,0,0,6.0,2.0,41.88000000000011,1,0,0,0,0,0,0,0,0,0,0,0
90822623,XAUUSD.m,BUY,0.01,4356.11,4349.72,4367.72,9.428,2026-08-07T13:48:23.096323+00:00,4349.51,2026-08-07T16:56:41+00:00,LOSS,-6.6,CLOSED,4358.41,4359.75,4352.06,4355.72,750,4355.18285958488,4348.6060149742125,4333.1413475288655,4292.588376413196,4353.224,4348.375,4330.6706,4281.14455,8.52419947031467,8.969145450628046,-0.4449459803133759,9.27679699014436,28.700209388074192,21.83508499424529,22.940278019405927,4337.720585186917,1,0,4348.195820754412,1,4353.549999999999,4336.43,4318.422500000001,4305.219999999999,4318.422500000001,4305.219999999999,1,0,0,58.40472186407219,50.86153846154048,66.42450493345945,37.624572535763846,-49.13846153845952,51.517537830984764,4348.375,4388.020359189473,4308.729640810527,0.5926337930865627,4269.0,5841.1156053603045,4349.384498231984,4371.69,4301.17,4355.04728,4344.75136,4336.43,4328.10864,4316.26128,0,0,1,0,6.0,2.0,-0.8699999999998909,0,0,0,0,0,0,0,0,0,0,0,0,2026-08-07 16:00:00+00:00,4361.22,4367.91,4339.19,4355.72,10175,4319.580973998002,4293.4978416619815,4250.929954601375,4149.781661830095,4310.761,4279.31,4262.0384,4111.928849999999,26.034429365003238,17.719614416591444,8.31481494841179,22.05080443985501,34.32364609798282,8.018037947503291,32.84074272661999,4283.984462127618,1,0,4301.17,1,4316.79,4297.56,4251.3175,4174.765,4251.3175,4174.765,1,0,0,73.80327503185043,88.75668825682952,91.57799011598586,161.53380193630886,-11.24331174317048,87.02217730993397,4279.31,4357.5498315572495,4201.0701684427495,0.98830626599758,15756.0,-9149.56684890428,4283.776042306098,4371.69,4150.13,4319.40184,4287.05408,4260.91,4234.76592,4197.54384,0,0,0,0,6.0,2.0,39.64000000000033,1,0,0,0,0,0,0,0,0,0,0,0
90822762,XAUUSD.m,BUY,0.01,4357.67,4351.6,4369.6,10.387,2026-08-07T13:48:55.337045+00:00,4351.39,2026-08-07T16:56:08+00:00,LOSS,-6.28,CLOSED,4358.41,4359.75,4352.06,4357.6,868,4355.55885958488,4348.78506259326,4333.2150730190615,4292.607082880858,4353.411999999999,4348.469,4330.7082,4281.15395,8.674170980285453,8.999139752622202,-0.3249687723367493,9.27679699014436,28.700209388074192,21.83508499424529,22.940278019405927,4337.720585186917,1,0,4348.195820754412,1,4353.549999999999,4336.43,4318.422500000001,4305.219999999999,4318.422500000001,4305.219999999999,1,0,0,59.9684704859037,56.6461538461562,68.3527100616647,40.32928282767638,-43.35384615384381,51.10144132803369,4348.469,4388.196516064194,4308.741483935806,0.6149203487231111,4151.0,5829.877510122209,4349.449165717681,4371.69,4301.17,4355.04728,4344.75136,4336.43,4328.10864,4316.26128,0,0,1,0,6.0,2.0,1.0100000000002185,0,0,0,0,0,0,0,0,0,0,0,0,2026-08-07 16:00:00+00:00,4361.22,4367.91,4339.19,4357.6,10293,4319.9569739980025,4293.676889281029,4251.003680091571,4149.800368297757,4310.949,4279.404,4262.076,4111.938249999999,26.184400874974926,17.749608718585783,8.434792156389143,22.05080443985501,34.32364609798282,8.018037947503291,32.84074272661999,4283.984462127618,1,0,4301.17,1,4316.79,4297.56,4251.3175,4174.765,4251.3175,4174.765,1,0,0,74.65313681323148,90.08025908194928,92.01918039102576,162.5845817851435,-9.919740918050715,87.03591674521698,4279.404,4358.0339095095205,4200.77409049048,0.99724081133867,15638.0,-9160.804944142374,4283.878053387486,4371.69,4150.13,4319.40184,4287.05408,4260.91,4234.76592,4197.54384,0,0,0,0,6.0,2.0,41.52000000000044,1,0,0,0,0,0,0,0,0,0,0,0
90823028,XAUUSD.m,BUY,0.01,4356.29,4349.93,4367.93,9.444,2026-08-07T13:49:23.125671+00:00,4349.91,2026-08-07T16:56:41+00:00,LOSS,-6.38,CLOSED,4358.41,4359.75,4352.06,4355.93,969,4355.2248595848805,4348.626014974212,4333.149582822983,4292.590465965435,4353.245,4348.3855,4330.6748,4281.1456,8.540951607066745,8.97249587797846,-0.431544270911715,9.27679699014436,28.700209388074192,21.83508499424529,22.940278019405927,4337.720585186917,1,0,4348.195820754412,1,4353.549999999999,4336.43,4318.422500000001,4305.219999999999,4318.422500000001,4305.219999999999,1,0,0,58.57533804516122,51.507692307694434,66.6398895488441,37.92704491058234,-48.492307692305566,50.75133802725883,4348.3855,4388.039160334123,4308.7318396658775,0.595129931719163,4050.0,5820.258462503161,4349.457525864618,4371.69,4301.17,4355.04728,4344.75136,4336.43,4328.10864,4316.26128,0,0,1,0,6.0,2.0,-0.6599999999998545,0,0,0,0,0,0,0,0,0,0,0,0,2026-08-07 16:00:00+00:00,4361.22,4367.91,4339.19,4355.93,10394,4319.622973998003,4293.517841661981,4250.938189895493,4149.783751382334,4310.782,4279.3205,4262.0426,4111.9299,26.05118150175531,17.72296484394186,8.32821665781345,22.05080443985501,34.32364609798282,8.018037947503291,32.84074272661999,4283.984462127618,1,0,4301.17,1,4316.79,4297.56,4251.3175,4174.765,4251.3175,4174.765,1,0,0,73.89724518454199,88.90453393410355,91.62727200841051,161.65129895416294,-11.095466065896447,87.04735759336127,4279.3205,4357.603552538454,4201.0374474615455,0.9893108886011328,15537.0,-9170.42399176142,4283.887628434763,4371.69,4150.13,4319.40184,4287.05408,4260.91,4234.76592,4197.54384,0,0,0,0,6.0,2.0,39.85000000000037,1,0,0,0,0,0,0,0,0,0,0,0
90823486,XAUUSD.m,BUY,0.01,4354.46,4348.22,4366.22,9.85,2026-08-07T13:50:23.277189+00:00,4348.2,2026-08-07T16:56:45+00:00,LOSS,-6.26,CLOSED,4353.76,4354.22,4352.37,4354.22,79,4354.6382876679045,4348.95111105168,4333.88444123202,4292.837081669552,4353.6900000000005,4350.228,4331.3646,4281.68465,7.810019587361239,8.709240846439682,-0.899221259078443,8.74631140719994,28.266595137238124,21.505191051805078,22.272068012243206,4337.72058518831,1,0,4350.075355094059,1,4353.549999999999,4336.43,4318.6900000000005,4305.219999999999,4318.6900000000005,4305.219999999999,1,0,0,57.11047786368285,46.24615384615586,49.88717948718169,22.17596986167525,-53.75384615384414,45.995429693444684,4350.228,4386.609850651682,4313.846149348318,0.5548625197522168,4888.0,6517.236113944693,4350.698138297872,4371.69,4301.17,4355.04728,4344.75136,4336.43,4328.10864,4316.26128,0,0,1,0,5.0,3.0,1.050000000000182,0,1,0,0,0,0,0,0,0,0,1,1,2026-08-07 16:00:00+00:00,4361.22,4367.91,4339.19,4354.22,10594,4319.280973998002,4293.354984519124,4250.871131071964,4149.766736456961,4310.611,4279.235,4262.008400000001,4111.92135,25.914771245345943,17.695682792659987,8.21908845268596,22.05080443985501,34.32364609798282,8.018037947503291,32.84074272661999,4283.984462127618,1,0,4301.17,1,4316.79,4297.56,4251.3175,4174.765,4251.3175,4174.765,1,0,0,73.13894734350777,87.70064770487232,91.22597659866678,160.69363839946246,-12.299352295127676,87.07009254026137,4279.235,4357.168704484891,4201.301295515108,0.9810819689351304,15337.0,-9189.471610809042,4283.9431330976,4371.69,4150.13,4319.40184,4287.05408,4260.91,4234.76592,4197.54384,0,0,0,0,6.0,2.0,38.14000000000033,1,0,0,0,0,0,0,0,0,0,0,0
91138133,XAUUSD.m,BUY,0.01,4342.33,4330.619900087403,4364.880199825195,10.036,2026-08-10T14:26:01.567671+00:00,4364.97,2026-08-10T20:39:28+00:00,WIN,22.64,CLOSED,4338.44,4342.04,4338.33,4342.04,212,4332.985717297807,4331.8949826987455,4334.086386728426,4338.273585708527,4329.217,4331.6714999999995,4333.39,4337.62065,0.17266330106940586,-1.264531826265648,1.4371951273350538,5.710049956298628,25.999788235489792,21.155372148422472,20.283271485805937,4322.14398316131,1,0,4318.013136,1,4329.37,4329.37,4335.032499999999,4342.485000000001,4342.485000000001,4335.032499999999,0,0,0,61.28249534201137,100.0,89.55431227513351,144.11854048571237,-0.0,61.45440997865084,4331.6714999999995,4343.8861301837715,4319.4568698162275,0.9244295506292033,-4543.0,-6857.180020952251,4330.904780938663,4344.07,4316.7,4337.61068,4333.61466,4330.385,4327.155339999999,4322.55718,0,0,0,0,8.0,0.0,17.579999999999927,1,0,0,0,1,0,0,0,0,0,0,2,2026-08-10 17:00:00+00:00,4317.91,4342.04,4317.91,4342.04,4848,4335.9580548172335,4333.121326180994,4304.166164636839,4182.785205172258,4341.152,4337.3575,4304.1168,4147.72815,7.300082659141481,11.053814727172949,-3.753732068031468,16.93310594865245,17.387878700517206,18.088395565594986,25.02064555778893,4303.352891203632,1,0,4360.995999999999,-1,4339.299999999999,4336.43,4282.04,4238.87,4282.04,4238.87,1,0,0,56.170645707731026,59.051546391753256,35.80068728522408,-34.34562715809664,-40.948453608246744,38.11120314078505,4337.3575,4358.730393678997,4315.984606321003,0.609542958251868,-57437.0,-32727.971772670255,4336.950171456032,4371.69,4223.43,4336.70064,4315.05468,4297.5599999999995,4280.06532,4255.15764,0,0,0,0,3.0,5.0,6.329999999999927,0,0,0,0,0,0,0,0,0,0,0,0
91138822,XAUUSD.m,BUY,0.01,4345.96,4333.777042944545,4369.635914110909,10.75,2026-08-10T14:27:01.599875+00:00,4369.71,2026-08-10T21:31:22+00:00,WIN,23.75,CLOSED,4338.44,4345.77,4338.33,4345.73,422,4333.723717297807,4332.246411270174,4334.231092610779,4338.310302126438,4329.586,4331.856,4333.4638,4337.6391,0.4670222754275528,-1.2056600313940184,1.6726823068215713,5.976478527727234,29.298682494770322,20.212275715733014,20.860340166254993,4322.88998316131,1,0,4318.013136,1,4331.235000000001,4331.235000000001,4335.032499999999,4342.485000000001,4342.485000000001,4335.032499999999,0,0,0,64.09823649433736,99.86240110078819,89.50844597539624,176.42409046512023,-0.1375988992118069,62.094892996897336,4331.856,4344.818630337364,4318.893369662635,1.03515373187834,-4333.0,-6837.180020952251,4331.089847479058,4345.77,4316.7,4338.90948,4334.66526,4331.235000000001,4327.8047400000005,4322.92098,0,0,0,0,8.0,0.0,21.269999999999527,1,0,0,0,1,0,0,0,0,0,0,2,2026-08-10 17:00:00+00:00,4317.91,4345.77,4317.91,4345.73,5058,4336.696054817234,4333.4727547524235,4304.310870519193,4182.821921590169,4341.521,4337.5419999999995,4304.1906,4147.7465999999995,7.594441633499628,11.112686522044578,-3.5182448885449507,17.199534520081055,18.66757783625894,17.8081981344174,25.04788998157789,4303.352891203632,1,0,4360.995999999999,-1,4339.299999999999,4336.43,4282.04,4238.87,4282.04,4238.87,1,0,0,57.44950096269171,66.65979381443285,38.33676975945061,-12.384817990406951,-33.34020618556716,38.24755443038184,4337.5419999999995,4359.147530091379,4315.93646990862,0.6894885236642975,-57227.0,-32707.971772670255,4337.0388470077,4371.69,4223.43,4336.70064,4315.05468,4297.5599999999995,4280.06532,4255.15764,0,0,0,0,3.0,5.0,10.019999999999527,0,0,0,0,0,0,0,0,0,0,0,0
91139433,XAUUSD.m,BUY,0.01,4345.61,4333.444185801688,4370.061628396623,10.75,2026-08-10T14:28:01.592679+00:00,4370.19,2026-08-10T21:31:22+00:00,WIN,24.58,CLOSED,4338.44,4347.54,4338.33,4345.65,619,4333.707717297807,4332.238792222554,4334.227955355877,4338.309506106537,4329.5779999999995,4331.852,4333.4622,4337.6386999999995,0.4606405090462431,-1.2069363846702805,1.6675768937165236,6.102907099155772,30.76333965324782,19.793555734822057,21.099310459845135,4323.243983161309,1,0,4318.013136,1,4332.12,4332.12,4335.032499999999,4342.485000000001,4342.485000000001,4335.032499999999,0,0,0,64.04154080189225,93.87159533073827,87.51151071871294,183.57026929549102,-6.128404669261733,62.676579055357095,4331.852,4344.796640996424,4318.907359003576,1.032961864443039,-4136.0,-6818.418116190345,4331.250929365126,4347.54,4316.7,4340.26176,4335.75912,4332.12,4328.48088,4323.29976,0,0,0,0,8.0,0.0,21.1899999999996,1,0,0,0,1,0,0,0,0,0,0,2,2026-08-10 17:00:00+00:00,4317.91,4347.54,4317.91,4345.65,5255,4336.680054817233,4333.465135704804,4304.307733264291,4182.821125570268,4341.513,4337.538,4304.188999999999,4147.7462,7.588059867118318,11.111410168768316,-3.523350301649998,17.325963091509593,19.26106530305514,17.67825066552581,25.185666877517264,4303.352891203632,1,0,4360.995999999999,-1,4339.299999999999,4336.43,4282.04,4238.87,4282.04,4238.87,1,0,0,57.42256705208585,66.49484536082474,38.28178694158124,-7.273078036074966,-33.50515463917526,38.37370275430129,4337.538,4359.137176007748,4315.938823992251,0.6877849413581781,-57030.0,-32689.20986790835,4337.060058310992,4371.69,4223.43,4336.70064,4315.05468,4297.5599999999995,4280.06532,4255.15764,0,0,0,0,3.0,5.0,9.9399999999996,0,0,0,0,0,0,0,0,0,0,0,0
91139812,XAUUSD.m,BUY,0.01,4347.22,4334.644185801688,4371.441628396623,10.75,2026-08-10T14:29:01.605745+00:00,4372.73,2026-08-10T21:31:23+00:00,WIN,25.51,CLOSED,4338.44,4347.96,4338.33,4346.91,816,4333.9597172978065,4332.358792222554,4334.277367120583,4338.32204341997,4329.704,4331.914999999999,4333.4874,4337.645,0.5611533295586923,-1.1868338205677906,1.747987150126483,6.132907099155776,31.102020767574317,19.696732700909397,21.153168084426465,4323.327983161311,1,0,4318.013136,1,4332.33,4332.33,4335.032499999999,4342.485000000001,4342.485000000001,4335.032499999999,0,0,0,64.91420304480839,96.6410748560455,88.434670560482,190.60257177033736,-3.3589251439544934,63.240824303017334,4331.914999999999,4345.151368559071,4318.678631440927,1.066431794834082,-3939.0,-6799.656211428441,4331.421032858412,4347.96,4316.7,4340.58264,4336.01868,4332.33,4328.64132,4323.389639999999,0,0,0,0,8.0,0.0,22.449999999999818,1,0,0,0,1,0,0,0,0,0,0,2,2026-08-10 17:00:00+00:00,4317.91,4347.96,4317.91,4346.91,5452,4336.932054817234,4333.585135704804,4304.3571450289965,4182.833662883701,4341.639,4337.601,4304.214199999999,4147.7525,7.688572687631677,11.131512732870988,-3.442940045239311,17.355963091509597,19.400623564854723,17.6476935874098,25.217564363083405,4303.352891203632,1,0,4360.995999999999,-1,4339.299999999999,4336.43,4282.04,4238.87,4282.04,4238.87,1,0,0,57.84285458767484,69.09278350515508,39.14776632302469,-2.150121065381668,-30.90721649484491,38.499366539769305,4337.601,4359.306887535122,4315.8951124648775,0.7144349081542357,-56833.0,-32670.447963146442,4337.082722820011,4371.69,4223.43,4336.70064,4315.05468,4297.5599999999995,4280.06532,4255.15764,0,0,0,0,3.0,5.0,11.199999999999818,0,0,0,0,0,0,0,0,0,0,0,0
91140908,XAUUSD.m,BUY,0.01,4349.1,4336.858988745138,4372.892022509723,10.75,2026-08-10T14:32:01.571617+00:00,4374.05,2026-08-10T21:31:23+00:00,WIN,24.95,CLOSED,4345.4,4349.74,4345.4,4348.87,396,4336.7129738382455,4333.808068245235,4334.7953032175055,4338.170451451949,4331.374,4332.6995,4333.574,4337.6780499999995,1.6940242061564277,-0.6289138262602565,2.322938032416684,6.005505627430694,31.609376317430577,18.67782535896753,21.480221421282508,4328.429984844943,1,0,4319.810547839999,1,4333.219999999999,4333.219999999999,4333.964999999999,4341.4400000000005,4341.4400000000005,4333.964999999999,0,0,0,66.35340494232922,97.36682808716739,94.31973178853961,205.75728703507608,-2.6331719128326023,68.50374496728458,4332.6995,4347.683716924559,4317.71528307544,1.0395844201072806,-3023.0,-6112.7524455177045,4331.902023081361,4349.74,4316.7,4341.9425599999995,4337.1187199999995,4333.219999999999,4329.32128,4323.77056,0,0,0,0,8.0,0.0,18.5,1,0,0,0,1,0,0,0,0,0,0,2,2026-08-10 17:00:00+00:00,4317.91,4349.74,4317.91,4348.87,6023,4337.324054817233,4333.771802371471,4304.434007774094,4182.8531653712635,4341.835,4337.699,4304.2534,4147.762299999999,7.844925963984679,11.162783388141587,-3.3178574241569088,17.483105948652437,19.986768557282996,17.519353795196988,25.3495092727028,4303.352891203632,1,0,4360.995999999999,-1,4339.299999999999,4336.43,4282.04,4238.87,4282.04,4238.87,1,0,0,58.48039219102348,73.13402061855723,40.4948453608254,9.274742149643822,-26.865979381442774,38.86057412042235,4337.699,4359.598686034832,4315.799313965167,0.755049318566309,-56262.0,-32616.06701076549,4337.140481779318,4371.69,4223.43,4336.70064,4315.05468,4297.5599999999995,4280.06532,4255.15764,0,0,0,0,3.0,5.0,13.159999999999854,0,0,0,0,0,0,0,0,0,0,0,0
91141595,XAUUSD.m,BUY,0.01,4348.46,4335.834703030853,4372.840593938295,10.25,2026-08-10T14:33:01.577922+00:00,4374.05,2026-08-10T21:31:23+00:00,WIN,25.59,CLOSED,4345.4,4352.01,4345.4,4348.17,583,4336.572973838245,4333.741401578568,4334.767852237113,4338.163486277819,4331.304,4332.6645,4333.56,4337.67455,1.638183750315875,-0.6400819174283672,2.2782656677442423,6.167648484573583,33.407314567869406,18.186799325870204,21.75058541360755,4328.8839848449425,1,0,4319.810547839999,1,4334.355,4334.355,4333.964999999999,4341.4400000000005,4341.4400000000005,4333.964999999999,0,0,0,65.87829077916928,89.1248937977907,91.57242035874738,211.3483818210785,-10.875106202209295,68.95541104595199,4332.6645,4347.492133484039,4317.8368665159605,1.02285821660923,-2836.0,-6094.9429217081815,4332.091327662652,4352.01,4316.7,4343.67684,4338.52158,4334.355,4330.18842,4324.25634,0,0,0,0,8.0,0.0,17.800000000000182,1,0,0,0,1,0,0,0,0,0,0,2,2026-08-10 17:00:00+00:00,4317.91,4352.01,4317.91,4348.17,6210,4337.184054817233,4333.705135704804,4304.406556793702,4182.846200197134,4341.764999999999,4337.664,4304.2394,4147.7588,7.789085508144126,11.151615296973478,-3.3625297888293524,17.645248805795326,20.722013160413574,17.358367792057297,25.510531795901677,4303.352891203632,1,0,4360.995999999999,-1,4339.299999999999,4336.43,4282.04,4238.87,4282.04,4238.87,1,0,0,58.25492579874314,71.69072164948544,40.01374570446814,14.018590600972503,-28.309278350514564,38.978094931272516,4337.664,4359.49062922123,4315.83737077877,0.7406693194243069,-56075.0,-32598.25748695597,4337.166863336661,4371.69,4223.43,4336.70064,4315.05468,4297.5599999999995,4280.06532,4255.15764,0,0,0,0,3.0,5.0,12.460000000000036,0,0,0,0,0,0,0,0,0,0,0,0
91152600,XAUUSD.m,BUY,0.01,4349.9,4338.720529025123,4371.058941949753,9.443,2026-08-10T15:07:01.569568+00:00,4371.15,2026-08-10T21:31:23+00:00,WIN,21.25,CLOSED,4347.46,4349.82,4346.33,4349.5,359,4344.914855620683,4340.400916217142,4337.730847803348,4338.752961733955,4346.031000000001,4337.348,4334.6246,4337.8987,4.239587723903242,2.82687802057854,1.4127097033247016,5.389735487438264,29.650967628171383,16.487113093974838,23.54850928340407,4331.9527619758155,1,0,4334.047645050867,1,4345.17,4334.355,4331.075,4337.0599999999995,4337.0599999999995,4331.075,0,0,0,63.1966797468044,92.63929618768272,87.0866945000198,88.1039256786492,-7.360703812317277,78.37199320405675,4337.348,4357.848543356078,4316.847456643922,0.7963823882355074,-1775.0,-4161.596786653279,4336.547363578391,4352.01,4316.7,4343.67684,4338.52158,4334.355,4330.18842,4324.25634,0,0,0,0,4.0,4.0,2.1099999999996726,1,0,0,0,0,0,0,0,0,0,0,2,2026-08-10 18:00:00+00:00,4345.43,4349.82,4343.53,4349.5,1262,4339.208843853787,4334.973308716054,4306.070023251661,4183.568843763592,4341.715999999999,4338.2315,4305.907200000001,4149.3678,8.036831346699728,10.493687329589488,-2.45685598288976,16.834159711684563,20.168964665776308,16.895091207430315,24.319282743539354,4303.352891202586,1,0,4360.1100799999995,-1,4339.299999999999,4340.655,4306.8575,4260.91,4306.8575,4260.91,1,0,1,58.7803408252917,72.56637168141663,49.20597269105738,84.66143082410423,-27.433628318583377,47.26247801215495,4338.2315,4360.433502067216,4316.029497932784,0.7537721590576592,-39776.0,-23514.51641881161,4337.28810044634,4371.69,4223.43,4336.70064,4315.05468,4297.5599999999995,4280.06532,4255.15764,0,0,0,0,4.0,4.0,14.5600000000004,1,0,0,0,0,0,0,0,0,0,0,0
91154965,XAUUSD.m,BUY,0.01,4345.41,4334.144878794052,4367.280242411896,9.598,2026-08-10T15:11:01.566978+00:00,4367.62,2026-08-10T21:31:13+00:00,WIN,22.21,CLOSED,4345.09,4346.0,4343.57,4345.19,187,4344.245084496546,4340.466679297363,4337.852339406473,4338.585030686408,4346.235000000001,4337.5305,4334.7456,4337.8929499999995,3.792276584231331,2.9621391159732293,0.8301374682581018,5.522560602974144,29.477026870267675,14.941248400241596,24.48209054721906,4330.494746952215,1,0,4335.4846334467975,1,4347.295,4334.355,4330.7925,4337.0599999999995,4337.0599999999995,4330.7925,0,0,0,58.05418463533836,77.44708994708773,81.35255452535067,55.84688622155276,-22.55291005291226,68.6589325369792,4337.5305,4357.882319755702,4317.1786802442975,0.6881772758392689,-2705.0,-3970.1385894205446,4336.969340584133,4352.01,4316.7,4343.67684,4338.52158,4334.355,4330.18842,4324.25634,0,0,0,0,4.0,4.0,2.3099999999994907,0,0,0,0,0,0,0,0,0,0,1,1,2026-08-10 18:00:00+00:00,4345.43,4351.99,4343.31,4345.19,2030,4338.3468438537875,4334.5628325255775,4305.901003643818,4183.525958191452,4341.285,4338.0160000000005,4305.821,4149.34625,7.693013682881428,10.424923796825828,-2.7319101139443998,17.004873997398807,19.96648563552648,16.725479046352575,24.319282743539354,4303.352891202586,1,0,4360.1100799999995,-1,4339.299999999999,4340.655,4306.8575,4260.91,4306.8575,4260.91,1,0,1,57.23109078598225,63.030973451327206,46.02750661436091,78.18519749392928,-36.969026548672794,47.69441305757443,4338.0160000000005,4359.837887033147,4316.194112966854,0.6643762519048432,-43068.0,-23828.04022833542,4337.3350655566755,4371.69,4223.43,4336.70064,4315.05468,4297.5599999999995,4280.06532,4255.15764,0,0,0,0,4.0,4.0,10.25,1,0,0,0,0,0,0,0,0,0,-1,0
91158688,XAUUSD.m,BUY,0.01,4351.83,4340.72811326124,4373.4637734775215,9.45,2026-08-10T15:21:01.585859+00:00,4374.05,2026-08-10T21:31:23+00:00,WIN,22.22,CLOSED,4349.51,4352.28,4349.45,4351.64,170,4346.81765407779,4342.462934430836,4338.903599293377,4339.045665676391,4347.257,4339.2425,4335.5,4338.0054,4.425324640269537,3.4643031686940136,0.9610214715755232,5.455943369380296,31.473152302615347,13.040317207606789,26.788631612475854,4334.546635479671,1,0,4338.331996493949,1,4347.43,4334.49,4331.817499999999,4337.0599999999995,4337.0599999999995,4331.817499999999,0,0,0,64.19696253023656,97.3120537589272,90.67044059727698,84.1104630179432,-2.6879462410727912,62.99310339831361,4339.2425,4360.952770065468,4317.532229934533,0.7855215518419424,-1560.0,-3962.4060730585734,4338.230795822966,4352.28,4316.7,4343.8831199999995,4338.68844,4334.49,4330.29156,4324.31412,0,0,0,0,6.0,2.0,4.130000000000109,1,0,0,0,0,0,0,0,0,1,0,2,2026-08-10 18:00:00+00:00,4345.43,4352.28,4343.31,4351.64,3745,4339.6368438537875,4335.177118239863,4306.153944820288,4183.590137295931,4341.93,4338.3385,4305.95,4149.378500000001,8.207543597412041,10.52782977973195,-2.3202861823199097,17.02558828311309,20.055468166714917,16.705129890369633,24.33934873356137,4303.352891202586,1,0,4360.1100799999995,-1,4339.299999999999,4340.655,4306.8575,4260.91,4306.8575,4260.91,1,0,1,59.49538492565143,77.30088495575365,50.78414378250306,96.40178978645865,-22.69911504424635,48.63518936878653,4338.3385,4360.788407068218,4315.888592931782,0.7962484423561688,-37293.0,-23278.04022833542,4337.515853188982,4371.69,4223.43,4336.70064,4315.05468,4297.5599999999995,4280.06532,4255.15764,0,0,0,0,5.0,3.0,16.700000000000728,1,0,0,0,0,0,0,0,0,0,0,0
91158895,XAUUSD.m,BUY,0.01,4351.15,4340.068113261239,4372.803773477521,9.408,2026-08-10T15:22:01.584465+00:00,4374.05,2026-08-10T21:31:23+00:00,WIN,22.9,CLOSED,4349.51,4352.28,4349.45,4350.98,316,4346.68565407779,4342.400077287979,4338.877716940436,4339.039098512211,4347.191000000001,4339.2095,4335.4868,4338.0021,4.372675067619639,3.453773254164034,0.9189018134556051,5.455943369380296,31.473152302615347,13.040317207606789,26.788631612475854,4334.546635479671,1,0,4338.331996493949,1,4347.43,4334.49,4331.817499999999,4337.0599999999995,4337.0599999999995,4331.817499999999,0,0,0,63.61189473592494,94.54010919781517,89.7464590769063,82.72678753300397,-5.459890802184837,63.44074092076316,4339.2095,4360.842293308206,4317.576706691794,0.772052245687913,-1414.0,-3948.5013111538115,4338.332466629277,4352.28,4316.7,4343.8831199999995,4338.68844,4334.49,4330.29156,4324.31412,0,0,0,0,6.0,2.0,3.469999999999345,1,0,0,0,0,0,0,0,0,1,0,2,2026-08-10 18:00:00+00:00,4345.43,4352.28,4343.31,4350.98,3891,4339.504843853787,4335.114261097006,4306.128062467347,4183.583570131751,4341.864,4338.3055,4305.9367999999995,4149.3752,8.154894024762143,10.517299865201972,-2.3624058404398287,17.02558828311309,20.055468166714917,16.705129890369633,24.33934873356137,4303.352891202586,1,0,4360.1100799999995,-1,4339.299999999999,4340.655,4306.8575,4260.91,4306.8575,4260.91,1,0,1,59.277517229143115,75.8407079646015,50.29741811878568,94.65788810674479,-24.159292035398487,48.71356448207231,4338.3055,4360.674877070664,4315.936122929337,0.7833002447936163,-37147.0,-23264.135466430656,4337.521935939903,4371.69,4223.43,4336.70064,4315.05468,4297.5599999999995,4280.06532,4255.15764,0,0,0,0,5.0,3.0,16.039999999999964,1,0,0,0,0,0,0,0,0,0,0,0
91159169,XAUUSD.m,BUY,0.01,4350.05,4338.836684689811,4371.726630620378,9.26,2026-08-10T15:23:01.577046+00:00,4372.73,2026-08-10T21:31:23+00:00,WIN,22.68,CLOSED,4349.51,4352.28,4349.09,4349.8,478,4346.449654077791,4342.2876963355975,4338.831442430632,4339.027357218679,4347.073,4339.1505,4335.4632,4337.9962,4.278544013488499,3.434947043337806,0.8435969701506933,5.4816576550945575,31.32551272321079,12.979145484821554,26.788631612475857,4334.25863547967,1,0,4338.331996493949,1,4347.43,4334.49,4331.817499999999,4337.0599999999995,4337.0599999999995,4331.817499999999,0,0,0,62.516775687285865,89.5842083158353,88.09449211624634,79.48825748286377,-10.415791684164706,63.92478978116695,4339.1505,4360.654177506778,4317.646822493221,0.7476204360078302,-1252.0,-3933.0727397252404,4338.432016822291,4352.28,4316.7,4343.8831199999995,4338.68844,4334.49,4330.29156,4324.31412,0,0,0,0,6.0,2.0,2.2899999999999636,1,0,0,0,0,0,0,0,0,1,0,2,2026-08-10 18:00:00+00:00,4345.43,4352.28,4343.31,4349.8,4053,4339.268843853787,4335.001880144625,4306.081787957543,4183.571828838219,4341.746,4338.246499999999,4305.9132,4149.3693,8.060762970631004,10.498473654375744,-2.43771068374474,17.02558828311309,20.055468166714917,16.705129890369633,24.33934873356137,4303.352891202586,1,0,4360.1100799999995,-1,4339.299999999999,4340.655,4306.8575,4260.91,4306.8575,4260.91,1,0,1,58.88209839888758,73.23008849557633,49.427211629110616,91.51598173515565,-26.76991150442368,48.800165556871534,4338.246499999999,4360.480939171392,4316.012060828607,0.7598109156462575,-36985.0,-23248.706895002084,4337.523703746984,4371.69,4223.43,4336.70064,4315.05468,4297.5599999999995,4280.06532,4255.15764,0,0,0,0,5.0,3.0,14.860000000000582,1,0,0,0,0,0,0,0,0,0,0,0
91160979,XAUUSD.m,BUY,0.01,4348.03,4337.5627327356,4368.9945345288,9.253,2026-08-10T15:26:01.575838+00:00,4369.08,2026-08-10T21:31:20+00:00,WIN,21.05,CLOSED,4349.4,4349.98,4348.04,4348.04,156,4346.703723262232,4342.801067658529,4339.177154285493,4338.929413331903,4347.181,4340.158,4335.821,4338.0195,4.167624993178833,3.576377402634264,0.5912475905445693,5.238633632199967,30.437386537792896,13.838314256038778,27.55305457140516,4334.138635467699,1,0,4340.005756914676,1,4347.43,4334.49,4331.817499999999,4337.0599999999995,4337.0599999999995,4331.817499999999,0,0,0,59.812458849812955,78.61825516893698,85.77542082383293,62.918415734902766,-21.38174483106302,60.98448489423032,4340.158,4361.238466987731,4319.07753301227,0.6869503176705505,-2170.0,-3435.439962152099,4339.3329695854645,4352.28,4316.7,4343.8831199999995,4338.68844,4334.49,4330.29156,4324.31412,0,0,0,0,5.0,3.0,3.069999999999709,0,0,0,0,0,0,0,0,0,0,0,0,2026-08-10 18:00:00+00:00,4345.43,4352.28,4343.31,4348.04,4498,4338.916843853787,4334.834261097006,4306.012768349699,4183.554316400408,4341.57,4338.1585,4305.878000000001,4149.3605,7.920364110232185,10.47039388229598,-2.5500297720637946,17.02558828311309,20.055468166714917,16.705129890369633,24.33934873356137,4303.352891202586,1,0,4360.1100799999995,-1,4339.299999999999,4340.655,4306.8575,4260.91,4306.8575,4260.91,1,0,1,58.277843038298734,69.33628318584131,48.12927652586561,86.7748639892383,-30.66371681415869,49.03674382075639,4338.1585,4360.213614003047,4316.103385996952,0.7240183387543366,-36540.0,-23206.325942621133,4337.539932951865,4371.69,4223.43,4336.70064,4315.05468,4297.5599999999995,4280.06532,4255.15764,0,0,0,0,5.0,3.0,13.100000000000364,1,0,0,0,0,0,0,0,0,0,0,0
91161540,XAUUSD.m,BUY,0.01,4347.96,4337.1927327356,4368.9545345288,9.214,2026-08-10T15:27:01.571415+00:00,4369.08,2026-08-10T21:31:20+00:00,WIN,21.12,CLOSED,4349.4,4349.98,4347.27,4347.78,318,4346.651723262232,4342.776305753767,4339.166958207063,4338.926826267226,4347.155000000001,4340.145,4335.815799999999,4338.0182,4.146884252438213,3.57222925448614,0.5746549979520728,5.293633632199933,30.121146998774805,14.73352027994821,27.325573615362195,4334.138635467699,1,0,4340.005756914676,1,4347.43,4334.49,4331.817499999999,4337.0599999999995,4337.0599999999995,4331.817499999999,0,0,0,59.401911801430614,77.30711043872911,85.33837258043032,60.618017346570426,-22.692889561270885,60.15280297820501,4340.145,4361.205311888523,4319.084688111478,0.6812651218180706,-2332.0,-3450.8685335806704,4339.413067502136,4352.28,4316.7,4343.8831199999995,4338.68844,4334.49,4330.29156,4324.31412,0,0,0,0,5.0,3.0,2.8099999999994907,0,0,0,0,0,0,0,0,0,0,0,0,2026-08-10 18:00:00+00:00,4345.43,4352.28,4343.31,4347.78,4660,4338.8648438537875,4334.809499192244,4306.002572271269,4183.551729335732,4341.544,4338.1455000000005,4305.8728,4149.3592,7.8996233694915645,10.466245734147856,-2.5666223646562916,17.02558828311309,20.055468166714917,16.705129890369633,24.33934873356137,4303.352891202586,1,0,4360.1100799999995,-1,4339.299999999999,4340.655,4306.8575,4260.91,4306.8575,4260.91,1,0,1,58.18706916664934,68.76106194690277,47.9375361128861,86.0712265088547,-31.23893805309723,49.1223831011394,4338.1455000000005,4360.176383084364,4316.114616915637,0.7186589607667028,-36378.0,-23190.89737119256,4337.5491725443435,4371.69,4223.43,4336.70064,4315.05468,4297.5599999999995,4280.06532,4255.15764,0,0,0,0,5.0,3.0,12.840000000000146,1,0,0,0,0,0,0,0,0,0,0,0
91162539,XAUUSD.m,BUY,0.01,4349.66,4339.073766167107,4369.272467665785,9.23,2026-08-10T15:30:01.581299+00:00,4369.27,2026-08-10T21:31:21+00:00,WIN,19.61,CLOSED,4349.14,4349.4,4349.14,4349.14,6,4347.339778609786,4343.484911554205,4339.602656394036,4338.910371321248,4347.235000000001,4341.5005,4336.1598,4338.0599,4.2032564702540185,3.713623430549979,0.4896330397040396,5.033116916446302,29.417359244522533,14.389268078978679,27.82414119270173,4334.713794737597,1,0,4341.478666084915,1,4347.43,4334.49,4331.817499999999,4337.0599999999995,4337.0599999999995,4331.817499999999,0,0,0,61.52061156155018,77.49103942652718,82.90113345109643,63.22596848119506,-22.508960573472823,54.132136973345936,4341.5005,4361.416606652916,4321.584393347084,0.6917920036565411,-2277.0,-2874.7994219577117,4340.635380991477,4352.28,4316.7,4343.8831199999995,4338.68844,4334.49,4330.29156,4324.31412,0,0,0,0,5.0,3.0,2.0,0,0,0,0,0,0,0,0,0,0,0,0,2026-08-10 18:00:00+00:00,4345.43,4352.28,4343.31,4349.14,5179,4339.1368438537875,4334.939023001768,4306.055905604602,4183.56526167404,4341.68,4338.2135,4305.9,4149.366,8.008113397982015,10.487943739845946,-2.4798303418639307,17.02558828311309,20.055468166714917,16.705129890369633,24.33934873356137,4303.352891202586,1,0,4360.1100799999995,-1,4339.299999999999,4340.655,4306.8575,4260.91,4306.8575,4260.91,1,0,1,58.65756493308515,71.76991150442619,48.9404859653939,89.74253441258271,-28.230088495573806,49.39525042388238,4338.2135,4360.377586907072,4316.049413092927,0.7464910926809685,-35859.0,-23141.468799763992,4337.604681999831,4371.69,4223.43,4336.70064,4315.05468,4297.5599999999995,4280.06532,4255.15764,0,0,0,0,5.0,3.0,14.200000000000728,1,0,0,0,0,0,0,0,0,0,0,0
91163974,XAUUSD.m,BUY,0.01,4349.54,4338.879480452822,4370.111039094357,10.407,2026-08-10T15:34:01.573665+00:00,4370.19,2026-08-10T21:31:22+00:00,WIN,20.65,CLOSED,4349.14,4351.43,4348.59,4349.29,680,4347.3697786097855,4343.49919726849,4339.608538746977,4338.911863858561,4347.250000000001,4341.508,4336.1628,4338.060649999999,4.215222282219656,3.716016592943107,0.4992056892765495,5.205259773589214,28.636612759866882,13.913401392770488,27.84532766885317,4334.730794737597,1,0,4341.478666084915,1,4347.43,4334.49,4331.817499999999,4337.0599999999995,4337.0599999999995,4331.817499999999,0,0,0,61.68845494751488,78.56630824372888,83.25955639016365,67.23143955757202,-21.433691756271116,56.68542105421069,4341.508,4361.436329055572,4321.579670944428,0.6952496864714354,-1603.0,-2810.6089457672356,4340.982892737598,4352.28,4316.7,4343.8831199999995,4338.68844,4334.49,4330.29156,4324.31412,0,0,0,0,6.0,2.0,2.149999999999636,0,0,0,0,0,0,0,0,0,0,0,1,2026-08-10 18:00:00+00:00,4345.43,4352.28,4343.31,4349.29,5853,4339.166843853787,4334.9533087160535,4306.061787957543,4183.566754211353,4341.695,4338.221,4305.903,4149.36675,8.020079209946744,10.49033690223889,-2.4702576922921473,17.02558828311309,20.055468166714917,16.705129890369633,24.33934873356137,4303.352891202586,1,0,4360.1100799999995,-1,4339.299999999999,4340.655,4306.8575,4260.91,4306.8575,4260.91,1,0,1,58.7088103294321,72.10176991150503,49.05110543442019,90.14606048138462,-27.898230088494962,49.7449811260874,4338.221,4360.400750746144,4316.041249253855,0.7495294046964136,-35185.0,-23077.278323573515,4337.658482135348,4371.69,4223.43,4336.70064,4315.05468,4297.5599999999995,4280.06532,4255.15764,0,0,0,0,5.0,3.0,14.350000000000364,1,0,0,0,0,0,0,0,0,0,0,0
91166664,XAUUSD.m,BUY,0.01,4350.47,4340.610004191241,4369.379991617516,10.392,2026-08-10T15:40:01.572376+00:00,4369.52,2026-08-10T21:31:21+00:00,WIN,19.05,CLOSED,4350.22,4350.28,4350.2,4350.2,4,4348.239218310263,4344.6236296830575,4340.3807473569905,4339.212818813638,4348.146,4344.415,4336.6988,4338.1139,4.119358654922507,3.8536040663005475,0.2657545886219599,4.7949979043790005,27.551361218474756,13.023206720223776,28.941976756928163,4336.6197137380705,1,0,4343.9154470161575,1,4347.795,4334.49,4331.9825,4336.91,4336.91,4331.9825,0,0,0,62.24260225865462,78.55670103092818,75.77467390902777,73.14327664259152,-21.443298969071815,45.31482450092505,4344.415,4358.612112382447,4330.217887617553,0.7037386140280308,-2427.0,-2942.517267849673,4343.753288022417,4352.28,4316.7,4343.8831199999995,4338.68844,4334.49,4330.29156,4324.31412,0,0,1,1,5.0,3.0,0.8000000000001819,0,0,0,0,0,0,0,0,0,0,-1,0,2026-08-10 18:00:00+00:00,4345.43,4352.28,4343.31,4350.2,6815,4339.348843853787,4335.0399753827205,4306.097474232053,4183.575808937721,4341.786,4338.2665,4305.9212,4149.3713,8.09267180254028,10.504855420757599,-2.412183618217318,17.02558828311309,20.055468166714917,16.705129890369633,24.33934873356137,4303.352891202586,1,0,4360.1100799999995,-1,4339.299999999999,4340.655,4306.8575,4260.91,4306.8575,4260.91,1,0,1,59.01699619956149,74.1150442477879,49.72219687984781,92.5881995133804,-25.88495575221209,50.23605704507693,4338.2665,4360.545372006857,4315.987627993142,0.7678210098861143,-34223.0,-22985.659275954466,4337.746525201471,4371.69,4223.43,4336.70064,4315.05468,4297.5599999999995,4280.06532,4255.15764,0,0,0,0,5.0,3.0,15.260000000000218,1,0,0,0,0,0,0,0,0,0,0,0
91167286,XAUUSD.m,BUY,0.01,4351.39,4341.335718476956,4370.658563046087,9.99,2026-08-10T15:41:01.598495+00:00,4371.15,2026-08-10T21:31:23+00:00,WIN,19.76,CLOSED,4350.22,4351.23,4349.86,4351.11,149,4348.421218310263,4344.710296349725,4340.4164336315,4339.221873540006,4348.237,4344.4605,4336.717,4338.11845,4.1919512475142255,3.868122584818891,0.3238286626953344,4.887140761521855,27.031903878339836,12.777665301443408,28.941976756928163,4336.537713738071,1,0,4343.9154470161575,1,4347.795,4334.49,4331.9825,4336.91,4336.91,4331.9825,0,0,0,63.292259103206064,87.93814432989593,78.90182167535035,78.84928385416102,-12.06185567010407,46.01871508515041,4344.4605,4358.741262879514,4330.179737120487,0.7328131926879962,-2274.0,-2927.945839278244,4343.813232060527,4352.28,4316.7,4343.8831199999995,4338.68844,4334.49,4330.29156,4324.31412,0,0,1,1,5.0,3.0,1.7100000000000364,0,0,0,0,0,0,0,0,0,0,0,0,2026-08-10 18:00:00+00:00,4345.43,4352.28,4343.31,4351.11,6960,4339.530843853787,4335.126642049387,4306.1331605065625,4183.584863664089,4341.8769999999995,4338.312,4305.9394,4149.37585,8.165264395131999,10.519373939275942,-2.3541095441439435,17.02558828311309,20.055468166714917,16.705129890369633,24.33934873356137,4303.352891202586,1,0,4360.1100799999995,-1,4339.299999999999,4340.655,4306.8575,4260.91,4306.8575,4260.91,1,0,1,59.32061572563822,76.12831858407078,50.39328832527544,95.00183965073462,-23.87168141592922,50.30945826248069,4338.312,4360.696954157531,4315.927045842469,0.7858616530982296,-34078.0,-22971.849752144943,4337.772875597767,4371.69,4223.43,4336.70064,4315.05468,4297.5599999999995,4280.06532,4255.15764,0,0,0,0,5.0,3.0,16.170000000000073,1,0,0,0,0,0,0,0,0,0,0,0
91167733,XAUUSD.m,BUY,0.01,4350.53,4340.5228613341,4370.004277331802,9.897,2026-08-10T15:42:01.595174+00:00,4370.02,2026-08-10T21:31:22+00:00,WIN,19.49,CLOSED,4350.22,4351.23,4349.49,4350.35,282,4348.269218310263,4344.637915397344,4340.386629709931,4339.214311350951,4348.161,4344.422500000001,4336.7018,4338.11465,4.131324466887236,3.8559972286934934,0.2753272381937424,4.913569332950418,26.886507618698623,12.708938187358564,28.941976756928163,4336.241713738071,1,0,4343.9154470161575,1,4347.795,4334.49,4331.9825,4336.91,4336.91,4331.9825,0,0,0,62.426054723267306,80.10309278351116,76.29013782655544,74.60984668999993,-19.89690721648884,46.64848916580836,4344.422500000001,4358.63263259688,4330.212367403121,0.7085659637441158,-2141.0,-2915.2791726115775,4343.860980196665,4352.28,4316.7,4343.8831199999995,4338.68844,4334.49,4330.29156,4324.31412,0,0,1,1,5.0,3.0,0.9500000000007276,0,0,0,0,0,0,0,0,0,0,0,0,2026-08-10 18:00:00+00:00,4345.43,4352.28,4343.31,4350.35,7093,4339.378843853787,4335.054261097006,4306.103356584994,4183.577301475035,4341.801,4338.273999999999,4305.9242,4149.37205,8.104637614505009,10.507248583150545,-2.4026109686455364,17.02558828311309,20.055468166714917,16.705129890369633,24.33934873356137,4303.352891202586,1,0,4360.1100799999995,-1,4339.299999999999,4340.655,4306.8575,4260.91,4306.8575,4260.91,1,0,1,59.06735495673095,74.44690265486877,49.83281634887476,92.98786860300368,-25.553097345131235,50.376168076800234,4338.273999999999,4360.569881517328,4315.978118482671,0.7708123469039615,-33945.0,-22959.183085478275,4337.770610750291,4371.69,4223.43,4336.70064,4315.05468,4297.5599999999995,4280.06532,4255.15764,0,0,0,0,5.0,3.0,15.410000000000764,1,0,0,0,0,0,0,0,0,0,0,0
91168248,XAUUSD.m,BUY,0.01,4351.5,4341.445718476956,4371.008563046088,10.0,2026-08-10T15:43:01.582479+00:00,4371.15,2026-08-10T21:31:23+00:00,WIN,19.65,CLOSED,4350.22,4351.42,4349.49,4351.3,413,4348.459218310263,4344.72839158782,4340.423884611892,4339.223764087269,4348.255999999999,4344.47,4336.720799999999,4338.1194,4.207107942670518,3.87115392385015,0.33595401882036846,4.927140761521883,26.81245081063402,12.673932398976008,28.941976756928163,4336.27971373807,1,0,4343.9154470161575,1,4347.795,4334.49,4331.9825,4336.91,4336.91,4331.9825,0,0,0,63.50260567837284,89.89690721649916,79.55474263755143,78.88673573705609,-10.103092783500843,47.25481455213106,4344.47,4358.769628261633,4330.170371738367,0.738817397034203,-2010.0,-2902.802982135387,4343.919638963256,4352.28,4316.7,4343.8831199999995,4338.68844,4334.49,4330.29156,4324.31412,0,0,1,1,5.0,3.0,1.9000000000005457,0,0,0,0,0,0,0,0,0,0,0,0,2026-08-10 18:00:00+00:00,4345.43,4352.28,4343.31,4351.3,7224,4339.568843853787,4335.144737287483,4306.140611486955,4183.586754211353,4341.896,4338.3215,4305.9432,4149.3768,8.180421090289201,10.522405278307383,-2.3419841880181824,17.02558828311309,20.055468166714917,16.705129890369633,24.33934873356137,4303.352891202586,1,0,4360.1100799999995,-1,4339.299999999999,4340.655,4306.8575,4260.91,4306.8575,4260.91,1,0,1,59.38344198998753,76.5486725663728,50.533406319376105,95.5041355401672,-23.451327433627206,50.442163598837105,4338.3215,4360.729472523965,4315.913527476035,0.7895955889387061,-33814.0,-22946.706895002084,4337.797110595569,4371.69,4223.43,4336.70064,4315.05468,4297.5599999999995,4280.06532,4255.15764,0,0,0,0,5.0,3.0,16.360000000000582,1,0,0,0,0,0,0,0,0,0,0,0
91168853,XAUUSD.m,BUY,0.01,4350.81,4340.764289905528,4370.361420188945,9.918,2026-08-10T15:44:01.585333+00:00,4371.15,2026-08-10T21:31:23+00:00,WIN,20.34,CLOSED,4350.22,4351.5,4349.49,4350.63,533,4348.325218310263,4344.664582064011,4340.397610102088,4339.217097420603,4348.189,4344.436500000001,4336.7074,4338.11605,4.153660649223639,3.860464465160774,0.29319618406286496,4.932855047236163,26.78139090654908,12.659250745013402,28.941976756928163,4336.295713738071,1,0,4343.9154470161575,1,4347.795,4334.49,4331.9825,4336.91,4336.91,4331.9825,0,0,0,62.74989780634686,82.98969072165292,77.25233713926934,76.67511734220366,-17.010309278347084,47.79804845580743,4344.436500000001,4358.6717509452255,4330.201249054776,0.7175409490085944,-1890.0,-2891.3744107068155,4343.960860786807,4352.28,4316.7,4343.8831199999995,4338.68844,4334.49,4330.29156,4324.31412,0,0,1,1,5.0,3.0,1.230000000000473,0,0,0,0,0,0,0,0,0,0,0,0,2026-08-10 18:00:00+00:00,4345.43,4352.28,4343.31,4350.63,7344,4339.434843853787,4335.080927763673,4306.114336977151,4183.580087544687,4341.829,4338.288,4305.929800000001,4149.37345,8.126973796841412,10.511715819617825,-2.384742022776413,17.02558828311309,20.055468166714917,16.705129890369633,24.33934873356137,4303.352891202586,1,0,4360.1100799999995,-1,4339.299999999999,4340.655,4306.8575,4260.91,4306.8575,4260.91,1,0,1,59.16102760423483,75.06637168141688,50.039306024390804,93.73075062224825,-24.933628318583125,50.50203859835682,4338.288,4360.616137169877,4315.959862830122,0.7763777359951649,-33694.0,-22935.278323573515,4337.794969426812,4371.69,4223.43,4336.70064,4315.05468,4297.5599999999995,4280.06532,4255.15764,0,0,0,0,5.0,3.0,15.69000000000051,1,0,0,0,0,0,0,0,0,0,0,0
91174692,XAUUSD.m,BUY,0.01,4358.51,4348.806851196084,4377.3762976078315,9.352,2026-08-10T15:59:01.581058+00:00,4377.45,2026-08-10T21:31:25+00:00,WIN,18.94,CLOSED,4357.02,4358.74,4356.35,4358.33,592,4352.152127774855,4347.5767300468315,4342.13465005657,4340.007248900196,4351.094999999999,4348.3365,4337.8642,4338.2577,4.983290041542205,4.244206693085867,0.7390833484563375,4.761574401957931,32.2870491354395,10.500300249185424,32.46383333975936,4343.902729315362,1,0,4347.870841293536,1,4352.42,4337.719999999999,4332.25,4335.5,4335.5,4332.25,0,0,0,70.71406791422555,97.46287128712959,95.2529167851597,218.17274088867077,-2.5371287128704094,62.171528587324225,4348.3365,4357.041161243744,4339.631838756257,1.0740315286354494,-438.0,-2216.8990122203045,4347.8816206000465,4358.74,4316.7,4348.81856,4342.680719999999,4337.719999999999,4332.75928,4325.696559999999,0,0,0,0,6.0,2.0,8.11999999999989,1,0,0,0,1,0,0,0,0,0,0,2,2026-08-10 18:00:00+00:00,4345.43,4358.74,4343.31,4358.33,9708,4340.974843853787,4335.814261097006,4306.416297761464,4183.65670446011,4342.599,4338.673000000001,4306.0838,4149.41195,8.741218811086583,10.63456482246686,-1.8933460113802774,17.487016854541665,22.1649583916173,16.26433291024663,24.785103121264516,4303.352891202586,1,0,4360.1100799999995,-1,4339.299999999999,4340.655,4306.8575,4260.91,4306.8575,4260.91,1,0,1,61.57896336171279,92.10176991150503,55.71777210108686,129.98623223007505,-7.898230088494963,51.661271813956276,4338.673000000001,4362.133984050863,4315.212015949139,0.9189295716962275,-31330.0,-22710.135466430656,4338.297836795862,4371.69,4223.43,4336.70064,4315.05468,4297.5599999999995,4280.06532,4255.15764,0,0,0,0,5.0,3.0,23.390000000000327,1,0,0,0,0,0,0,0,0,0,0,0
91175498,XAUUSD.m,BUY,0.01,4360.28,4350.643403160579,4378.083193678842,11.218,2026-08-10T16:01:01.567176+00:00,4350.22,2026-08-10T19:32:01+00:00,LOSS,-10.06,CLOSED,4358.39,4359.79,4358.39,4359.79,188,4353.686102219885,4348.743345325021,4342.828283495023,4340.073460159149,4352.364,4349.397,4338.3602,4338.3165,5.3379416069601575,4.463464347309426,0.8744772596507318,4.573298419710489,32.7702656162229,10.151683259411545,33.99355078238933,4346.180756384925,1,0,4349.9640898606995,1,4353.530000000001,4338.245,4330.5599999999995,4333.32,4333.32,4330.5599999999995,0,0,0,72.03087904121313,100.0,97.1175805957189,225.90023087911774,-0.0,68.27203391240073,4349.397,4358.282150474094,4340.511849525906,1.084852222272553,215.0,-1698.8247301015988,4348.762905689662,4359.79,4316.7,4349.62076,4343.3296199999995,4338.245,4333.16038,4325.92126,0,0,0,0,7.0,1.0,9.670000000000073,1,0,0,0,1,0,0,0,0,0,0,2,2026-08-10 19:00:00+00:00,4358.39,4359.79,4358.39,4359.79,188,4344.7442750830305,4338.101111515814,4308.511416836803,4185.696211642127,4342.778,4339.4655,4308.2766,4151.1019,9.677755805251763,10.443713275736734,-0.7659574704849703,16.389781995402824,22.39356222362136,16.113656611443485,24.22462350529841,4311.729764759137,1,0,4316.7,1,4338.245,4337.65,4307.174999999999,4260.91,4307.174999999999,4260.91,1,1,0,62.03704331529647,95.33185840708035,84.52112033573663,155.7833039418655,-4.668141592919649,56.003563953583196,4339.4655,4364.685629366568,4314.245370633433,0.9029420250901327,-42335.0,-34840.41960855813,4338.037650652347,4371.69,4223.43,4336.70064,4315.05468,4297.5599999999995,4280.06532,4255.15764,0,0,0,0,7.0,1.0,27.3100000000004,1,0,0,0,0,0,0,0,0,0,0,2
91175913,XAUUSD.m,BUY,0.01,4359.98,4350.526260303436,4378.197479393128,11.2,2026-08-10T16:02:01.571927+00:00,4350.22,2026-08-10T19:32:01+00:00,LOSS,-9.76,CLOSED,4358.39,4360.25,4358.29,4359.75,359,4353.678102219885,4348.739535801212,4342.826714867572,4340.073062149198,4352.360000000001,4349.395,4338.3594,4338.3163,5.334750723770412,4.462826170671477,0.8719245530989355,4.6118698482819145,33.20863842220851,10.066779535195217,34.04917604424709,4346.198756384926,1,0,4349.9640898606995,1,4353.76,4338.475,4330.5599999999995,4333.32,4333.32,4330.5599999999995,0,0,0,71.99631399844267,97.17034521788344,96.17436233501338,227.65372304975105,-2.8296547821165703,68.76317443388919,4349.395,4358.270312892924,4340.519687107077,1.0833597150279326,386.0,-1682.5390158158843,4348.874718365368,4360.25,4316.7,4349.9722,4343.6139,4338.475,4333.3360999999995,4326.0197,0,0,0,0,7.0,1.0,9.63000000000011,1,0,0,0,1,0,0,0,0,0,0,2,2026-08-10 19:00:00+00:00,4358.39,4360.25,4358.29,4359.75,359,4344.73627508303,4338.097301992005,4308.509848209352,4185.695813632176,4342.774,4339.4635,4308.2758,4151.1017,9.674564922060199,10.443075099098422,-0.7685101770382232,16.42835342397425,22.540987990369953,16.075824046062603,24.25558438213853,4311.747764759137,1,0,4316.7,1,4338.475,4337.65,4307.174999999999,4260.91,4307.174999999999,4260.91,1,1,0,62.02461486328502,95.24336283185919,84.49162181066292,156.47190029659146,-4.7566371681408075,56.08351750824658,4339.4635,4364.6768484071035,4314.250151592896,0.902296824532131,-42164.0,-34824.13389427242,4338.065084755454,4371.69,4223.43,4336.70064,4315.05468,4297.5599999999995,4280.06532,4255.15764,0,0,0,0,7.0,1.0,27.270000000000437,1,0,0,0,0,0,0,0,0,0,0,2
91176599,XAUUSD.m,BUY,0.01,4363.24,4353.374831732008,4382.250336535985,11.45,2026-08-10T16:03:01.610730+00:00,4352.58,2026-08-10T19:31:59+00:00,LOSS,-10.66,CLOSED,4358.39,4363.06,4358.29,4363.0,544,4354.328102219885,4349.049059610736,4342.954165847965,4340.105400457656,4352.685,4349.557500000001,4338.4244,4338.33255,5.594009983029537,4.514678022523301,1.0793319605062353,4.812584133996229,35.99424799446984,9.646933064444296,34.352840752690696,4346.760756384925,1,0,4349.9640898606995,1,4355.165000000001,4339.88,4330.5599999999995,4333.32,4333.32,4330.5599999999995,0,0,0,74.55161399678295,99.70703124999805,97.01992434571827,259.37529771055216,-0.2929687500019472,69.27835943859671,4349.557500000001,4359.30704762783,4339.807952372172,1.1893909601317787,571.0,-1664.9199681968369,4349.057690370548,4363.06,4316.7,4352.1190400000005,4345.35048,4339.88,4334.40952,4326.62104,0,0,0,0,7.0,1.0,12.88000000000011,1,0,0,0,1,0,0,0,0,0,0,2,2026-08-10 19:00:00+00:00,4358.39,4363.06,4358.29,4363.0,544,4345.38627508303,4338.406825801529,4308.637299189744,4185.728151940634,4343.099,4339.626,4308.3408,4151.11795,9.933824181320233,10.494926950950429,-0.561102769630196,16.629067709688563,23.47592496573576,15.881787459225297,24.437965267741102,4312.309764759137,1,0,4316.7,1,4339.88,4338.23,4307.174999999999,4260.91,4307.174999999999,4260.91,1,1,0,63.00858369002528,99.8705780845548,86.03402689489478,169.33472182090821,-0.12942191544521015,56.16980522066065,4339.626,4365.424951753554,4313.827048246447,0.9530029014992903,-41979.0,-34806.51484665337,4338.102709529732,4371.69,4223.43,4336.70064,4315.05468,4297.5599999999995,4280.06532,4255.15764,0,1,0,0,7.0,1.0,30.520000000000437,1,0,0,0,1,0,0,0,0,0,0,2
91177517,XAUUSD.m,BUY,0.01,4361.3,4351.279117446293,4380.531765107413,10.812,2026-08-10T16:04:01.586432+00:00,4350.22,2026-08-10T19:32:01+00:00,LOSS,-11.08,CLOSED,4358.39,4363.94,4358.29,4361.03,741,4353.934102219885,4348.861440563117,4342.8769109460045,4340.085798467607,4352.488,4349.459000000001,4338.385,4338.322700000001,5.436858985878644,4.483247823093123,0.9536111627855206,4.875441276853315,36.819448928913964,9.522558958526261,34.43684479999442,4346.9367563849255,1,0,4349.9640898606995,1,4355.605,4340.32,4330.5599999999995,4333.32,4333.32,4330.5599999999995,0,0,0,73.061632650095,86.3764044943825,92.5763820938464,253.86992417735976,-13.623595505617505,69.80797028655695,4349.459000000001,4358.66115512515,4340.256844874852,1.1287114182837394,768.0,-1646.158063434932,4349.186404740741,4363.94,4316.7,4352.791359999999,4345.894319999999,4340.32,4334.74568,4326.80936,0,0,0,0,7.0,1.0,10.909999999999854,1,0,0,0,1,0,0,0,0,0,0,2,2026-08-10 19:00:00+00:00,4358.39,4363.94,4358.29,4361.03,741,4344.99227508303,4338.219206753909,4308.560044287784,4185.708549950585,4342.902,4339.5275,4308.3014,4151.1081,9.77667318416934,10.46349675152025,-0.6868235673509098,16.69192485254565,23.764093332112118,15.821981068292606,24.492802720163503,4312.485764759137,1,0,4316.7,1,4340.32,4338.67,4307.174999999999,4260.91,4307.174999999999,4260.91,1,1,0,62.418330853639,93.83996613039825,84.02382291017592,167.04569751394143,-6.160033869601753,56.26120737639162,4339.5275,4364.963183078846,4314.0918169211545,0.9226837536335486,-41782.0,-34787.752941891464,4338.13491523743,4371.69,4223.43,4336.70064,4315.05468,4297.5599999999995,4280.06532,4255.15764,0,1,0,0,7.0,1.0,28.550000000000182,1,0,0,0,0,0,0,0,0,1,0,2
91179015,XAUUSD.m,BUY,0.01,4357.83,4348.016935817918,4376.3461283641645,9.437,2026-08-10T16:07:01.596752+00:00,4376.49,2026-08-10T21:31:25+00:00,WIN,18.66,CLOSED,4358.01,4359.11,4356.77,4357.46,335,4354.138481775908,4349.410645769616,4343.330672057103,4340.122531024193,4352.968999999999,4349.9015,4338.772800000001,4338.36255,5.250196473401957,4.59668780020098,0.6535086732009763,4.721532091041032,35.30397320932688,10.809850751252755,35.77111721699556,4346.608756385466,1,0,4352.75927188856,1,4355.605,4340.924999999999,4328.3099999999995,4331.07,4331.07,4328.3099999999995,0,0,0,68.65790348961225,68.58943286476095,77.87793076969058,157.32910500352293,-31.410567135239045,65.92260377568294,4349.9015,4358.891064183562,4340.911935816438,0.9204041400483777,-940.0,-1459.0024204221195,4349.745392760604,4363.94,4316.7,4352.791359999999,4345.894319999999,4340.32,4334.74568,4326.80936,0,0,0,0,6.0,2.0,5.329999999999927,0,0,0,0,0,0,0,0,0,0,0,0,2026-08-10 19:00:00+00:00,4358.39,4363.94,4356.77,4357.46,1258,4344.27827508303,4337.87920675391,4308.420044287784,4185.673027562525,4342.545,4339.349,4308.23,4151.09025,9.491886859383158,10.406539486563013,-0.914652627179855,16.800496281117045,23.610520394825066,15.719733190690036,24.492802720163503,4311.269764759137,1,0,4316.7,1,4340.32,4338.67,4307.174999999999,4260.91,4307.174999999999,4260.91,1,1,0,61.13029466449893,86.28281117696953,81.50477125903302,156.2137883012866,-13.717188823030469,56.499107205023535,4339.349,4364.19253640398,4314.5054635960205,0.8645012470345946,-43781.0,-34978.13389427242,4338.207017013531,4371.69,4223.43,4336.70064,4315.05468,4297.5599999999995,4280.06532,4255.15764,0,1,0,0,7.0,1.0,24.980000000000473,1,0,0,0,0,0,0,0,0,1,-1,0
91187517,XAUUSD.m,BUY,0.01,4361.21,4352.42576152936,4378.14847694128,9.122,2026-08-10T16:31:01.578581+00:00,4351.7,2026-08-10T19:32:00+00:00,LOSS,-9.51,CLOSED,4362.59,4362.99,4360.94,4361.0,179,4359.73258410833,4354.664611173624,4346.885211501655,4341.994133281497,4359.818,4353.978,4341.951,4338.895,5.933741218281284,5.588338812988146,0.3454024052931377,4.287119235319908,30.532008527373296,9.795344278214131,41.49415358687537,4350.4737016581885,1,0,4360.62032,1,4358.35,4351.495,4328.415,4330.385,4330.385,4328.415,0,0,0,66.64000735093246,78.95342150661313,86.33946216943359,84.54492036036784,-21.04657849338687,75.43484871327328,4353.978,4367.140908973032,4340.815091026968,0.7667343523527508,134.0,-599.6968582816094,4353.406822484064,4364.66,4316.7,4353.34144,4346.33928,4340.68,4335.0207199999995,4326.9634399999995,0,0,0,0,4.0,4.0,-0.32999999999992724,0,0,0,0,0,0,0,0,0,0,0,0,2026-08-10 19:00:00+00:00,4358.39,4364.66,4356.77,4361.0,4819,4344.98627508303,4338.2163496110525,4308.558867817195,4185.708251443122,4342.899,4339.526,4308.3008,4151.10795,9.774280021775667,10.463018119041514,-0.6887380972658477,16.851924852545633,23.843645206539033,15.671759832850524,24.536899704767645,4311.413764759137,1,0,4316.7,1,4340.68,4339.03,4307.174999999999,4260.91,4307.174999999999,4260.91,1,1,0,62.40919658543485,92.36864053377846,83.533381044636,165.29551085209204,-7.631359466221542,58.07146780968844,4339.526,4364.956346894235,4314.0956531057645,0.9222120934745883,-37704.0,-34399.37198951051,4338.800927318838,4371.69,4223.43,4336.70064,4315.05468,4297.5599999999995,4280.06532,4255.15764,0,1,0,0,7.0,1.0,28.520000000000437,1,0,0,0,0,0,0,0,0,1,0,2
91197828,XAUUSD.m,BUY,0.01,4357.43,4348.347779365147,4374.934441269706,10.65,2026-08-10T17:00:01.715750+00:00,4375.25,2026-08-10T21:31:24+00:00,WIN,17.82,CLOSED,4356.76,4357.21,4356.76,4357.21,5,4356.094418592495,4354.491178736248,4348.402505984757,4342.266589092167,4357.098,4355.92,4344.8252,4339.29035,2.905308101245282,3.9390577787478454,-1.0337496775025632,4.431110317426546,23.733313277386316,22.06908617470553,26.337550850500456,4350.473701658442,1,0,4363.150910168736,-1,4357.1849999999995,4353.62,4336.29,4334.355,4336.29,4334.355,1,0,0,57.956259723274,49.86541049798128,42.92717360108432,18.721247894474814,-50.13458950201872,68.31806028121251,4355.92,4365.59229358316,4346.24770641684,0.5666853207519402,10.0,-661.8229670738651,4355.848418668282,4364.66,4316.7,4353.34144,4346.33928,4340.68,4335.0207199999995,4326.9634399999995,0,0,1,0,6.0,2.0,5.5,1,0,0,0,0,0,0,0,0,0,0,2,2026-08-10 20:00:00+00:00,4356.76,4357.21,4356.76,4357.21,5,4346.752620066424,4339.659917238013,4310.31189129358,4190.038797030192,4342.663,4340.12,4310.0182,4152.743350000001,9.906289265425585,10.297552321665396,-0.3912630562398114,16.1426552380475,23.113328328651445,15.191743757257798,24.261431746698346,4310.596988280988,1,0,4317.6592,1,4340.68,4339.03,4311.317499999999,4260.91,4311.317499999999,4260.91,1,0,0,60.935346388489734,84.46622185154334,86.72814242940952,120.97005168544919,-15.533778148456657,57.66486072854795,4340.12,4366.119741699184,4314.120258300816,0.8286571112461614,-62604.0,-48037.97147455742,4339.221167393235,4371.69,4223.43,4336.70064,4315.05468,4297.5599999999995,4280.06532,4255.15764,0,0,0,1,7.0,1.0,39.4399999999996,0,0,0,0,0,0,0,0,0,0,0,0
91198372,XAUUSD.m,BUY,0.01,4356.41,4347.169207936575,4374.261584126849,9.15,2026-08-10T17:03:01.604840+00:00,4375.25,2026-08-10T21:31:24+00:00,WIN,18.84,CLOSED,4356.76,4357.59,4355.96,4356.2,458,4355.892418592494,4354.394988260057,4348.3628981416205,4342.256539340923,4356.997,4355.8695,4344.805,4339.2853000000005,2.824738300676472,3.9229438186340833,-1.0982055179576111,4.515396031712281,23.891418224841864,21.65713810219878,26.4283921164789,4350.473701658442,1,0,4363.150910168736,-1,4357.1849999999995,4353.62,4336.29,4334.355,4336.29,4334.355,1,0,0,56.24333665809595,43.06864064602811,40.661583650433265,11.09686974850461,-56.93135935397189,69.67899321351777,4355.8695,4365.523964961103,4346.2150350388965,0.5171164327247328,-453.0,-705.9182051691032,4355.869999564726,4364.66,4316.7,4353.34144,4346.33928,4340.68,4335.0207199999995,4326.9634399999995,0,0,1,0,6.0,2.0,4.489999999999782,1,0,0,0,0,0,0,0,0,0,0,0,2026-08-10 20:00:00+00:00,4356.76,4357.59,4355.96,4356.2,458,4346.550620066424,4339.563726761822,4310.272283450443,4190.028747278948,4342.562,4340.0695,4309.998,4152.7383,9.825719464855865,10.281438361551453,-0.45571889669558807,16.226940952333234,22.993273452416688,15.11283504750236,24.261431746698346,4310.0329882809865,1,0,4317.6592,1,4340.68,4339.03,4311.317499999999,4260.91,4311.317499999999,4260.91,1,0,0,60.48271413752444,82.36030025020844,86.02616856229788,118.04788180430192,-17.639699749791557,57.398696650068544,4340.0695,4365.933042701182,4314.205957298817,0.8118385633856505,-63067.0,-48082.06671265265,4339.277453206579,4371.69,4223.43,4336.70064,4315.05468,4297.5599999999995,4280.06532,4255.15764,0,0,0,0,7.0,1.0,38.42999999999938,0,0,0,0,0,0,0,0,0,0,0,0
91198463,XAUUSD.m,BUY,0.01,4354.89,4345.889207936576,4373.3715841268495,9.65,2026-08-10T17:04:01.626660+00:00,4374.05,2026-08-10T21:31:23+00:00,WIN,19.16,CLOSED,4356.76,4357.59,4355.05,4355.05,603,4355.662418592495,4354.285464450534,4348.317800102404,4342.245096554854,4356.8820000000005,4355.812,4344.782,4339.27955,2.7330004089380964,3.9045962402864083,-1.171595831348312,4.5803960317122705,23.552377195668246,21.34980354708686,26.4283921164789,4350.473701658442,1,0,4363.150910168736,-1,4357.1849999999995,4353.62,4336.29,4334.355,4336.29,4334.355,1,0,0,54.16645071044949,35.329744279946944,38.08195152840621,-0.05172012515755933,-64.67025572005306,70.0899794128353,4355.812,4365.471873814197,4346.152126185802,0.460558490998103,-598.0,-719.727728978627,4355.849908587198,4364.66,4316.7,4353.34144,4346.33928,4340.68,4335.0207199999995,4326.9634399999995,0,0,1,0,6.0,2.0,3.3400000000001455,1,0,0,0,0,0,0,0,0,0,0,0,2026-08-10 20:00:00+00:00,4356.76,4357.59,4355.05,4355.05,603,4346.320620066424,4339.454202952298,4310.227185411227,4190.017304492879,4342.446999999999,4340.012000000001,4309.975,4152.73255,9.733981573118399,10.26309078320396,-0.5291092100855614,16.291940952333224,22.90153712837895,15.052539329456142,24.261431746698346,4309.304988280986,1,0,4317.6592,1,4340.68,4339.03,4311.317499999999,4260.91,4311.317499999999,4260.91,1,0,0,59.879864036935075,79.9624687239373,85.22689138687419,113.80907130035973,-20.037531276062687,57.31407430735229,4340.012000000001,4365.729246803676,4314.2947531963255,0.7923718879162939,-63212.0,-48095.87623646217,4339.292437027872,4371.69,4223.43,4336.70064,4315.05468,4297.5599999999995,4280.06532,4255.15764,0,0,0,0,7.0,1.0,37.279999999999745,0,0,0,0,0,0,0,0,0,0,0,0
91204274,XAUUSD.m,BUY,0.01,4362.46,4354.735486894817,4377.429026210367,10.05,2026-08-10T17:35:01.573365+00:00,4377.45,2026-08-10T21:31:25+00:00,WIN,14.99,CLOSED,4362.26,4362.33,4362.26,4362.3,5,4359.38148636441,4357.064307518793,4351.049879093991,4343.615546300822,4358.053,4358.3189999999995,4348.396,4340.1217,3.005492899705132,2.9660994009725963,0.039393498732535726,3.782256552591653,25.95956233000886,18.453416287529507,19.406746075343506,4351.973188108534,1,0,4350.0594,1,4357.26,4356.27,4340.96,4334.49,4340.96,4334.49,1,0,0,64.62709623836255,94.7687642153175,85.12152217242927,85.09277031349568,-5.231235784682492,65.83826554803044,4358.3189999999995,4365.715126724663,4350.922873275336,0.76912735193717,2585.0,58.56592145817385,4358.064115570819,4364.66,4316.7,4353.34144,4346.33928,4340.68,4335.0207199999995,4326.9634399999995,0,0,0,0,7.0,1.0,5.0700000000006185,1,0,0,0,0,0,0,0,0,0,0,2,2026-08-10 20:00:00+00:00,4356.76,4362.77,4351.75,4362.3,4649,4347.770620066424,4340.144679142774,4310.511499136717,4190.089443796361,4343.172,4340.3745,4310.12,4152.7688,10.312329151466656,10.378760298873612,-0.06643114740695566,16.897655238047545,22.080607359836765,14.512965170812002,24.261431746698346,4307.700988280987,1,0,4317.6592,1,4340.68,4339.03,4311.317499999999,4260.91,4311.317499999999,4260.91,1,0,0,62.603359601956925,95.07923269391227,90.26581271019917,132.33591339891606,-4.92076730608772,59.591942360787485,4340.3745,4367.166191936967,4313.582808063033,0.9091846840353411,-57960.0,-47595.6857602717,4339.857682190854,4371.69,4223.43,4336.70064,4315.05468,4297.5599999999995,4280.06532,4255.15764,0,0,0,1,7.0,1.0,44.529999999999745,0,0,0,0,0,0,0,0,0,0,0,0
91204367,XAUUSD.m,BUY,0.01,4363.08,4355.174058323388,4378.3518833532235,10.4,2026-08-10T17:36:01.579437+00:00,4378.82,2026-08-10T21:31:30+00:00,WIN,15.74,CLOSED,4362.26,4363.44,4362.24,4362.9,119,4359.50148636441,4357.121450375936,4351.073408505756,4343.621516450075,4358.112999999999,4358.349,4348.407999999999,4340.124699999999,3.0533561475676834,2.975672050545106,0.07768409702257717,3.8629708383059467,26.656022869681433,18.067844048705762,19.571166145497696,4352.179188108534,1,0,4350.0594,1,4357.594999999999,4356.27,4340.96,4334.49,4340.96,4334.49,1,0,0,65.45355467348074,96.04105571847518,85.5456193401485,95.64420959928896,-3.958944281524829,66.25095270671315,4358.349,4365.817628846252,4350.8803711537485,0.8046743983190098,2699.0,69.42306431531671,4358.103115463771,4364.66,4316.7,4353.34144,4346.33928,4340.68,4335.0207199999995,4326.9634399999995,0,0,0,0,8.0,0.0,5.670000000000073,1,0,0,0,0,0,0,0,0,0,0,2,2026-08-10 20:00:00+00:00,4356.76,4363.44,4351.75,4362.9,4763,4347.890620066424,4340.201821999917,4310.535028548482,4190.095413945614,4343.231999999999,4340.4045,4310.1320000000005,4152.7717999999995,10.360192399329208,10.388332948446122,-0.028140549116914215,16.945512380904628,22.018247794835847,14.471977974211084,24.261431746698346,4307.834988280986,1,0,4317.6592,1,4340.68,4339.03,4311.317499999999,4260.91,4311.317499999999,4260.91,1,0,0,62.79064379878536,96.33027522935734,90.68282688868085,134.8607502903796,-3.669724770642654,59.6371123344037,4340.4045,4367.300704760701,4313.508295239299,0.9181909715542643,-57846.0,-47584.828617414554,4339.886791970203,4371.69,4223.43,4336.70064,4315.05468,4297.5599999999995,4280.06532,4255.15764,0,0,0,1,7.0,1.0,45.1299999999992,0,0,0,0,0,0,0,0,0,0,0,0
91204439,XAUUSD.m,BUY,0.01,4363.57,4355.615486894816,4378.969026210367,9.452,2026-08-10T17:37:01.592165+00:00,4379.25,2026-08-10T21:31:31+00:00,WIN,15.68,CLOSED,4362.26,4363.85,4362.24,4363.4,250,4359.60148636441,4357.169069423555,4351.093016348893,4343.626491574454,4358.163,4358.374,4348.418,4340.1272,3.0932421874540523,2.98364925852238,0.10959292893167216,3.8922565525917157,27.207870038489006,17.931899844766303,19.667363686028033,4352.261188108533,1,0,4350.0594,1,4357.8,4356.27,4340.96,4334.49,4340.96,4334.49,1,0,0,66.11333280317578,96.7971530249059,85.79765177562541,101.24807179917165,-3.202846975094105,66.71309536650949,4358.374,4365.909815954906,4350.838184045094,0.8334741738701713,2830.0,81.89925479150719,4358.152263629119,4364.66,4316.7,4353.34144,4346.33928,4340.68,4335.0207199999995,4326.9634399999995,0,0,0,0,8.0,0.0,6.170000000000073,1,0,0,0,0,0,0,0,0,0,0,2,2026-08-10 20:00:00+00:00,4356.76,4363.85,4351.75,4363.4,4894,4347.9906200664245,4340.2494410475365,4310.554636391619,4190.100389069993,4343.281999999999,4340.4295,4310.142,4152.7743,10.400078439215577,10.396310156423395,0.0037682827921816653,16.974798095190394,21.98026088563217,14.447010242063346,24.261431746698346,4307.916988280987,1,0,4317.6592,1,4340.68,4339.03,4311.317499999999,4260.91,4311.317499999999,4260.91,1,0,0,62.94528697203771,97.37281067556252,91.03033870408258,136.662205826471,-2.627189324437484,59.688823553694945,4340.4295,4367.414527798141,4313.44447220186,0.9256156445683256,-57715.0,-47572.35242693836,4339.914794441977,4371.69,4223.43,4336.70064,4315.05468,4297.5599999999995,4280.06532,4255.15764,0,0,0,1,7.0,1.0,45.6299999999992,0,0,0,0,0,0,0,0,0,0,0,0
91204473,XAUUSD.m,BUY,0.01,4363.39,4355.3797726091025,4378.750454781795,9.421,2026-08-10T17:38:01.592337+00:00,4378.82,2026-08-10T21:31:30+00:00,WIN,15.43,CLOSED,4362.26,4363.89,4362.24,4363.17,377,4359.55548636441,4357.14716466165,4351.08399674105,4343.62420301724,4358.139999999999,4358.3625,4348.4133999999995,4340.12605,3.0748946091061953,2.9799797428528088,0.09491486625338652,3.895113695448856,27.261264504077662,17.91874644192307,19.67657739326758,4352.269188108534,1,0,4350.0594,1,4357.82,4356.27,4340.96,4334.49,4340.96,4334.49,1,0,0,65.81299260290149,94.88999290276617,85.16193173491216,100.08246916181047,-5.110007097233834,67.14915647345674,4358.3625,4365.866657093583,4350.858342906417,0.8203224519454064,2957.0,93.99449288674526,4358.194951564569,4364.66,4316.7,4353.34144,4346.33928,4340.68,4335.0207199999995,4326.9634399999995,0,0,0,0,8.0,0.0,5.940000000000509,1,0,0,0,0,0,0,0,0,0,0,2,2026-08-10 20:00:00+00:00,4356.76,4363.89,4351.75,4363.17,5021,4347.944620066424,4340.227536285632,4310.5456167837765,4190.098100512779,4343.259,4340.418,4310.1374,4152.77315,10.38173086086772,10.392640640753823,-0.010909779886103976,16.977655238047536,21.976561862150604,14.444578977466357,24.261431746698346,4307.924988280986,1,0,4317.6592,1,4340.68,4339.03,4311.317499999999,4260.91,4311.317499999999,4260.91,1,0,0,62.874311065201276,96.89324437030905,90.8704832689981,136.2866052660982,-3.106755629690952,59.73867482884134,4340.418,4367.361975090685,4313.474024909315,0.9222094164544083,-57588.0,-47560.25718884313,4339.929979295923,4371.69,4223.43,4336.70064,4315.05468,4297.5599999999995,4280.06532,4255.15764,0,0,0,1,7.0,1.0,45.399999999999636,0,0,0,0,0,0,0,0,0,0,0,0
91204511,XAUUSD.m,BUY,0.01,4364.24,4356.191201180531,4379.617597638939,9.508,2026-08-10T17:39:01.589573+00:00,4379.77,2026-08-10T21:31:33+00:00,WIN,15.53,CLOSED,4362.26,4364.02,4362.24,4364.0,538,4359.72148636441,4357.226212280698,4351.116545760658,4343.632461723708,4358.223,4358.404,4348.43,4340.1302,3.141105435317513,2.993221908095072,0.14788352722244102,3.904399409734578,27.434256824903205,17.87613083261754,19.706316406393075,4352.295188108534,1,0,4350.0594,1,4357.885,4356.27,4340.96,4334.49,4340.96,4334.49,1,0,0,66.87254618039327,99.85935302390692,86.81838510862575,105.94807870248744,-0.14064697609308158,67.68594884921231,4358.404,4366.028319538294,4350.779680461706,0.8669835696086063,3118.0,109.32782622007863,4358.261241902137,4364.66,4316.7,4353.34144,4346.33928,4340.68,4335.0207199999995,4326.9634399999995,0,0,0,0,8.0,0.0,6.770000000000437,1,0,0,0,0,0,0,0,0,0,0,2,2026-08-10 20:00:00+00:00,4356.76,4364.02,4351.75,4364.0,5182,4348.110620066424,4340.306583904679,4310.578165803384,4190.106359219247,4343.342,4340.4595,4310.1539999999995,4152.7773,10.447941687079037,10.405882805996088,0.04205888108294964,16.986940952333256,21.96454862945573,14.436683015872173,24.261431746698346,4307.950988280987,1,0,4317.6592,1,4340.68,4339.03,4311.317499999999,4260.91,4311.317499999999,4260.91,1,0,0,63.12917046784887,98.62385321100948,91.44735288256491,138.18153537788598,-1.3761467889905212,59.80187914192953,4340.4595,4367.55316713737,4313.36583286263,0.9344280875793805,-57427.0,-47544.92385550979,4339.963394222246,4371.69,4223.43,4336.70064,4315.05468,4297.5599999999995,4280.06532,4255.15764,0,0,0,1,7.0,1.0,46.22999999999956,0,0,0,0,0,0,0,0,0,0,0,0
91205330,XAUUSD.m,BUY,0.01,4362.36,4354.30529934119,4377.659401317621,9.05,2026-08-10T17:43:01.562111+00:00,4377.73,2026-08-10T21:31:26+00:00,WIN,15.37,CLOSED,4363.93,4363.96,4361.58,4362.09,390,4360.179189091528,4357.68081337842,4351.5430309023905,4343.772274697015,4359.057,4358.6085,4348.9296,4340.3039,3.1502791574248477,3.0233570472527926,0.126922110172055,3.8923503294051276,28.0413989575006,17.861815328776842,20.174068413904678,4352.587188109205,1,0,4350.676224,1,4358.615,4356.785,4340.96,4334.49,4340.96,4334.49,1,0,0,62.20382900159281,76.6045548654281,83.65197287789624,80.43956043957512,-23.395445134571904,72.20668024316333,4358.6085,4366.388442565129,4350.828557434872,0.7237484384270938,3662.0,1164.2059011485344,4358.351540493373,4365.48,4316.7,4353.96792,4346.846039999999,4341.09,4335.33396,4327.138919999999,0,0,0,0,6.0,2.0,2.100000000000364,0,0,0,0,0,0,0,0,0,0,-1,0,2026-08-10 20:00:00+00:00,4356.76,4365.48,4351.75,4362.09,5729,4347.728620066424,4340.124679142775,4310.5032638426,4190.087354244122,4343.151,4340.364,4310.1158000000005,4152.76775,10.295577014714581,10.375409871523196,-0.07983285680861485,17.09122666661891,22.173226115508967,14.348594557998856,24.314595234545983,4308.2429882809865,1,0,4317.6592,1,4341.09,4339.44,4311.317499999999,4260.91,4311.317499999999,4260.91,1,0,0,62.53736394529125,93.0504305043062,89.5895453136638,137.29416842984776,-6.9495694956938,60.01458149157759,4340.364,4367.11965175913,4313.608348240869,0.9060076763517214,-56880.0,-47492.828617414554,4340.032782526116,4371.69,4223.43,4336.70064,4315.05468,4297.5599999999995,4280.06532,4255.15764,0,0,0,0,8.0,0.0,44.31999999999971,0,0,0,0,0,0,0,0,0,1,0,0
91212590,XAUUSD.m,BUY,0.01,4376.85,4368.290762019256,4393.1284759614855,9.15,2026-08-10T18:32:01.557816+00:00,4393.27,2026-08-10T22:30:13+00:00,WIN,16.42,CLOSED,4365.83,4379.77,4365.15,4376.57,348,4365.777439831537,4362.307130366839,4355.73795701667,4343.319420622831,4363.996000000001,4361.432500000001,4355.9259999999995,4342.44235,3.784209450389426,2.982606403979487,0.8016030464099391,4.139618990371446,45.21780544615266,14.866372938329281,19.109721961638215,4359.805150744484,1,0,4355.940808942223,1,4368.74,4364.785,4351.56,4340.68,4351.56,4340.68,1,0,0,77.27078254669361,85.49410698095798,86.99058378929006,260.4209097080808,-14.50589301904202,56.30663914105967,4361.432500000001,4370.9704681716385,4351.894531828363,1.2935390288369886,10860.0,8249.349061886245,4360.730668245601,4379.77,4338.33,4369.99016,4363.93992,4359.05,4354.160080000001,4347.19816,0,0,0,0,6.0,2.0,13.529999999999745,1,0,0,0,1,0,0,0,0,0,0,2,2026-08-10 21:00:00+00:00,4360.2,4379.77,4359.93,4376.57,4378,4353.19449605314,4343.432804932241,4313.020957751418,4190.862605458905,4345.936,4342.0195,4312.150799999999,4154.4939,11.890366355684819,10.654279145903685,1.2360872097811342,17.28756498756348,26.259912584098473,13.172375087814805,24.948545692725784,4318.563189464033,1,0,4319.572032,1,4348.235000000001,4346.585,4312.41,4260.91,4312.41,4260.91,1,0,0,66.91356076329372,94.92627239574965,89.21003470154226,181.68986622598402,-5.073727604250351,60.561636657020095,4342.0195,4373.059075739829,4310.979924260172,1.0565556096771338,-42132.0,-39486.75197505309,4341.224782511979,4379.77,4223.43,4342.87376,4320.04812,4301.6,4283.15188,4256.88676,0,0,0,0,8.0,0.0,31.139999999999418,0,0,0,0,1,0,0,0,0,0,0,0
91212831,XAUUSD.m,BUY,0.01,4374.54,4366.050762019257,4390.888475961486,11.15,2026-08-10T18:33:01.602903+00:00,4391.03,2026-08-10T22:29:33+00:00,WIN,16.49,CLOSED,4365.83,4379.77,4365.15,4374.33,525,4365.329439831537,4362.093797033506,4355.650113879416,4343.297132065617,4363.772,4361.3205,4355.8812,4342.43115,3.605519991700021,2.946868512241606,0.6586514794584151,4.139618990371446,45.21780544615266,14.866372938329281,19.109721961638215,4359.805150744484,1,0,4355.940808942223,1,4368.74,4364.785,4351.56,4340.68,4351.56,4340.68,1,0,0,75.53546614610768,75.33998186763186,83.60587541818136,248.8119763768764,-24.660018132368137,57.14188105087618,4361.3205,4370.135220881094,4352.505779118906,1.2379416872917013,11037.0,8266.206204743388,4360.875895271119,4379.77,4338.33,4369.99016,4363.93992,4359.05,4354.160080000001,4347.19816,0,0,0,0,6.0,2.0,11.289999999999964,1,0,0,0,1,0,0,0,0,0,0,2,2026-08-10 21:00:00+00:00,4360.2,4379.77,4359.93,4374.33,4555,4352.74649605314,4343.219471598908,4312.933114614163,4190.840316901691,4345.712,4341.9075,4312.106,4154.4827,11.711676896995414,10.618541254165804,1.0931356428296102,17.28756498756348,26.259912584098473,13.172375087814805,24.948545692725784,4318.563189464033,1,0,4319.572032,1,4348.235000000001,4346.585,4312.41,4260.91,4312.41,4260.91,1,0,0,66.31038498786614,91.37466307277556,88.02616492721755,178.0831910827052,-8.625336927224442,60.62804315375542,4341.9075,4372.434081945355,4311.380918054646,1.0310535594525325,-41955.0,-39469.89483219595,4341.238807574067,4379.77,4223.43,4342.87376,4320.04812,4301.6,4283.15188,4256.88676,0,0,0,0,8.0,0.0,28.899999999999636,0,0,0,0,1,0,0,0,0,0,0,0
91212981,XAUUSD.m,BUY,0.01,4377.32,4368.890762019257,4393.728475961486,9.65,2026-08-10T18:34:01.600057+00:00,4393.94,2026-08-10T22:30:14+00:00,WIN,16.62,CLOSED,4365.83,4379.77,4365.15,4377.17,697,4365.897439831537,4362.364273223982,4355.761486428435,4343.325390772085,4364.0560000000005,4361.4625,4355.938,4342.44535,3.8320726982519773,2.992179053551997,0.8398936446999801,4.139618990371446,45.21780544615266,14.866372938329281,19.109721961638215,4359.805150744484,1,0,4355.940808942223,1,4368.74,4364.785,4351.56,4340.68,4351.56,4340.68,1,0,0,77.69457714706465,88.21396192202938,87.89720210298053,263.48561759728733,-11.78603807797061,57.924424916906325,4361.4625,4371.202574299999,4351.722425700001,1.3063336847441798,11209.0,8282.58715712434,4361.081246217195,4379.77,4338.33,4369.99016,4363.93992,4359.05,4354.160080000001,4347.19816,0,0,0,0,6.0,2.0,14.13000000000011,1,0,0,0,1,0,0,0,0,0,0,2,2026-08-10 21:00:00+00:00,4360.2,4379.77,4359.93,4377.17,4727,4353.31449605314,4343.489947789384,4313.044487163183,4190.868575608159,4345.996,4342.0495,4312.1628,4154.4969,11.93822960354737,10.663851795476194,1.2743778080711756,17.28756498756348,26.259912584098473,13.172375087814805,24.948545692725784,4318.563189464033,1,0,4319.572032,1,4348.235000000001,4346.585,4312.41,4260.91,4312.41,4260.91,1,0,0,67.0714757480182,95.87759632154695,89.52714267680801,182.65140624147045,-4.12240367845305,60.69301608122822,4342.0495,4373.23051681275,4310.868483187251,1.063171178972581,-41783.0,-39453.513879815,4341.3043841485505,4379.77,4223.43,4342.87376,4320.04812,4301.6,4283.15188,4256.88676,0,0,0,0,8.0,0.0,31.73999999999978,0,0,0,0,1,0,0,0,0,0,0,0
91213663,XAUUSD.m,BUY,0.01,4380.92,4372.419279958926,4397.321440082148,9.05,2026-08-10T18:38:01.579721+00:00,4397.32,2026-08-11T01:47:45+00:00,WIN,16.4,CLOSED,4379.59,4380.83,4377.45,4380.72,444,4369.25555186523,4364.324410467443,4356.832784109716,4343.637217032832,4366.314,4362.7835,4356.692,4342.7487,4.978168859523066,3.4207753892654424,1.5573934702576238,4.150360020536829,43.58310926437229,13.768763370319373,21.547797072859076,4366.472035672028,1,0,4357.925544226845,1,4369.27,4365.3150000000005,4352.555,4340.68,4352.555,4340.68,1,0,0,79.95782623676604,99.52422145328862,93.97496523275004,285.93420338261274,-0.47577854671138886,57.50099672810109,4362.7835,4376.143278244341,4349.423721755658,1.1712873399525943,12742.0,9542.776134682354,4362.2441788666465,4380.83,4342.58,4371.803,4366.2185,4361.705,4357.1915,4350.7654999999995,0,0,0,0,8.0,0.0,17.61999999999989,1,0,0,0,0,0,0,0,0,1,0,2,2026-08-10 21:00:00+00:00,4360.2,4380.83,4359.93,4380.72,5354,4354.02449605314,4343.828043027479,4313.183702849457,4190.903898991243,4346.351000000001,4342.227000000001,4312.233799999999,4154.51465,12.22142048673868,10.720489972114457,1.5009305146242227,17.36327927327773,26.581463482366505,13.114935651678511,25.000967144083397,4318.775189464032,1,0,4319.572032,1,4348.764999999999,4347.115,4312.41,4260.91,4312.41,4260.91,1,0,0,67.9758091656237,99.82847341337958,90.84410170741889,189.97611657259748,-0.1715265866204154,60.92742541079467,4342.227000000001,4374.278087574998,4310.175912425004,1.1004944435961652,-41156.0,-39393.79959410071,4341.4914629262585,4380.83,4223.43,4343.6836,4320.7032,4302.13,4283.5568,4257.113600000001,0,0,0,0,8.0,0.0,35.289999999999964,0,0,0,0,1,0,0,0,0,0,0,0
91213768,XAUUSD.m,BUY,0.01,4380.96,4372.522137101783,4397.565725796433,11.75,2026-08-10T18:39:01.586615+00:00,4397.63,2026-08-11T01:47:58+00:00,WIN,16.67,CLOSED,4379.59,4381.16,4377.45,4380.87,616,4369.2855518652295,4364.338696181729,4356.838666462657,4343.638709570146,4366.329,4362.790999999999,4356.695,4342.74945,4.990134671488704,3.42316855165857,1.5669661198301341,4.173931449108252,43.90171217541932,13.691007080773783,21.581426719266368,4366.538035672029,1,0,4357.925544226845,1,4369.4349999999995,4365.48,4352.555,4340.68,4352.555,4340.68,1,0,0,80.04782166045787,98.76332622601294,93.72133349032481,287.814639110507,-1.2366737739870612,58.27117234813008,4362.790999999999,4376.19327616179,4349.3887238382085,1.1744749840158881,12914.0,9559.157087063306,4362.4724405113075,4381.16,4342.58,4372.05512,4366.42244,4361.87,4357.3175599999995,4350.83612,0,0,0,0,8.0,0.0,17.769999999999527,1,0,0,0,1,0,0,0,0,0,0,2,2026-08-10 21:00:00+00:00,4360.2,4381.16,4359.93,4380.87,5526,4354.05449605314,4343.8423287417645,4313.189585202398,4190.905391528557,4346.366,4342.2345000000005,4312.2368,4154.5154,12.233386298705227,10.722883134507766,1.510503164197461,17.386850701849156,26.68099730933839,13.097155676786365,25.017052748197095,4318.841189464032,1,0,4319.572032,1,4348.93,4347.28,4312.41,4260.91,4312.41,4260.91,1,0,0,68.01292794673552,99.55010859447725,90.75131343445145,190.73241509579998,-0.44989140552274814,60.99114758202704,4342.2345000000005,4374.323561244952,4310.145438755049,1.1020042111091402,-40984.0,-39377.418641719756,4341.535016024883,4381.16,4223.43,4343.93572,4320.90714,4302.295,4283.68286,4257.18422,0,0,0,0,8.0,0.0,35.4399999999996,0,0,0,0,1,0,0,0,0,0,0,0
91214097,XAUUSD.m,BUY,0.01,4382.53,4374.260861511242,4398.498276977516,10.55,2026-08-10T18:41:01.563344+00:00,4374.26,2026-08-10T21:45:54+00:00,LOSS,-8.27,CLOSED,4381.36,4382.49,4380.68,4382.34,154,4371.9812414921835,4366.098775004258,4357.858939570258,4344.166166994487,4368.733,4364.2135,4357.4042,4343.0556,5.8367395106897675,3.912647279611411,1.9240922310783564,4.039569244378964,44.40786921894618,13.135934275152811,23.969636474785815,4369.411332103786,1,0,4360.30098980416,1,4371.21,4366.74,4354.362499999999,4340.68,4354.362499999999,4340.68,1,0,0,80.92835448474821,99.39467312348815,97.78847839572553,246.72236940426885,-0.6053268765118553,56.88428069955127,4364.2135,4379.734379349787,4348.692620650213,1.0839392083235697,12349.0,9053.999269892995,4363.315282500953,4382.49,4342.58,4373.07124,4367.24438,4362.535,4357.82562,4351.12074,0,0,0,0,8.0,0.0,17.93000000000029,0,0,0,0,1,0,0,0,0,0,0,2,2026-08-10 21:00:00+00:00,4360.2,4382.49,4359.93,4382.34,5827,4354.34849605314,4343.982328741765,4313.247232261222,4190.9200183942285,4346.513,4342.308,4312.2662,4154.52275,12.350651255969751,10.74633612596067,1.6043151300090805,17.48185070184915,27.079427966046588,13.025983018323892,25.08078621799465,4319.107189464033,1,0,4319.572032,1,4349.594999999999,4347.945,4312.41,4260.91,4312.41,4260.91,1,0,0,68.37218950166078,99.77200182398596,90.82527784428767,195.12055273644808,-0.22799817601403904,61.10249353069514,4342.308,4374.774188144513,4309.841811855487,1.1165183270332004,-40683.0,-39348.75197505309,4341.637554663969,4382.49,4223.43,4344.95184,4321.72908,4302.96,4284.19092,4257.4688400000005,0,0,0,0,8.0,0.0,36.909999999999854,0,0,0,0,1,0,0,0,0,0,0,0
91214208,XAUUSD.m,BUY,0.01,4382.96,4374.67229008267,4399.1154198346585,10.55,2026-08-10T18:42:01.624008+00:00,4374.26,2026-08-10T21:45:54+00:00,LOSS,-8.7,CLOSED,4381.36,4382.97,4380.68,4382.82,319,4372.077241492184,4366.144489289972,4357.87776309967,4344.17094311389,4368.781000000001,4364.2375,4357.413799999999,4343.058000000001,5.875030108979445,3.9203053992693464,1.9547247097100984,4.073854958664712,44.875734651524056,13.02538176555098,24.01703720846937,4369.507332103786,1,0,4360.30098980416,1,4371.450000000001,4366.98,4354.362499999999,4340.68,4354.362499999999,4340.68,1,0,0,81.20633830388911,99.40617577196934,97.79231261188595,249.79368751438602,-0.5938242280306587,57.645457579014895,4364.2375,4379.877424451329,4348.597575548672,1.094072562748886,12514.0,9069.71355560728,4363.55309186747,4382.97,4342.58,4373.43796,4367.541020000001,4362.775,4358.00898,4351.22346,0,0,0,0,8.0,0.0,18.409999999999854,0,0,0,0,1,0,0,0,0,0,0,2,2026-08-10 21:00:00+00:00,4360.2,4382.97,4359.93,4382.82,5992,4354.44449605314,4344.028043027479,4313.266055790634,4190.924794513631,4346.561,4342.332,4312.275799999999,4154.52515,12.388941854259429,10.753994245618607,1.6349476086408217,17.5161364161349,27.22216114869105,13.000486235160805,25.10336568716119,4319.203189464033,1,0,4319.572032,1,4349.835,4348.1849999999995,4312.41,4260.91,4312.41,4260.91,1,0,0,68.48775799788424,99.7736532367579,90.82582831521165,196.6158441191847,-0.2263467632421076,61.16318487001027,4342.332,4374.9232584987085,4309.740741501292,1.1211481523734996,-40518.0,-39333.03768933881,4341.687458974618,4382.97,4223.43,4345.318560000001,4322.025720000001,4303.200000000001,4284.37428,4257.57156,0,0,0,0,8.0,0.0,37.38999999999942,0,0,0,0,1,0,0,0,0,0,0,0
91214331,XAUUSD.m,BUY,0.01,4382.42,4374.08229008267,4398.525419834658,10.55,2026-08-10T18:43:01.591691+00:00,4373.6,2026-08-10T21:45:55+00:00,LOSS,-8.82,CLOSED,4381.36,4382.97,4380.68,4382.23,465,4371.9592414921835,4366.088298813781,4357.854625844768,4344.1650724671235,4368.722,4364.2080000000005,4357.401999999999,4343.05505,5.827964581913875,3.9108922938562323,1.9170722880576427,4.073854958664712,44.875734651524056,13.02538176555098,24.01703720846937,4369.507332103786,1,0,4360.30098980416,1,4371.450000000001,4366.98,4354.362499999999,4340.68,4354.362499999999,4340.68,1,0,0,80.86348770340521,97.07046714172334,97.0137430684706,247.90918534242837,-2.929532858276662,58.29678110048979,4364.2080000000005,4379.701888234809,4348.714111765192,1.0815841616667459,12660.0,9083.618317512042,4363.7485835940215,4382.97,4342.58,4373.43796,4367.541020000001,4362.775,4358.00898,4351.22346,0,0,0,0,8.0,0.0,17.81999999999971,0,0,0,0,1,0,0,0,0,0,0,2,2026-08-10 21:00:00+00:00,4360.2,4382.97,4359.93,4382.23,6138,4354.32649605314,4343.971852551289,4313.242918535731,4190.918923866865,4346.5019999999995,4342.3025,4312.263999999999,4154.522199999999,12.341876327193859,10.744581140205492,1.597295186988367,17.5161364161349,27.22216114869105,13.000486235160805,25.10336568716119,4319.203189464033,1,0,4319.572032,1,4349.835,4348.1849999999995,4312.41,4260.91,4312.41,4260.91,1,0,0,68.34558556586444,98.88335596800862,90.52906255896191,195.6974172548923,-1.1166440319913782,61.21649124986863,4342.3025,4374.740158345674,4309.864841654326,1.1154497894778586,-40372.0,-39319.132927434046,4341.712299201719,4382.97,4223.43,4345.318560000001,4322.025720000001,4303.200000000001,4284.37428,4257.57156,0,0,0,0,8.0,0.0,36.79999999999927,0,0,0,0,1,0,0,0,0,0,0,0
91214665,XAUUSD.m,BUY,0.01,4374.2,4364.985697195015,4390.828605609972,10.067,2026-08-10T18:46:01.584148+00:00,4391.03,2026-08-10T22:29:33+00:00,WIN,16.83,CLOSED,4379.67,4379.82,4373.52,4373.6,179,4371.8777931937475,4366.583109360313,4358.37645613515,4344.879696281622,4369.806,4364.973,4357.8916,4343.29335,5.5387389909055855,4.203786545466375,1.3349524454392103,4.307151402492924,39.4132552467619,21.456436853805627,24.408713493745665,4368.6113321020475,1,0,4363.021271027661,1,4372.24,4366.98,4355.424999999999,4340.68,4355.424999999999,4340.68,1,0,0,63.6586808658146,62.905779889153564,82.89117334910833,135.08777323453526,-37.094220110846436,55.43465864261335,4364.973,4379.90700795786,4350.03899204214,0.7888373979826389,10432.0,8369.14219717635,4364.722445099967,4382.97,4342.58,4373.43796,4367.541020000001,4362.775,4358.00898,4351.22346,0,0,0,0,6.0,2.0,7.760000000000218,0,0,0,0,0,0,0,0,0,0,0,0,2026-08-10 21:00:00+00:00,4360.2,4382.97,4359.93,4373.6,6622,4352.60049605314,4343.149947789384,4312.904487163183,4190.833053220099,4345.639,4341.871000000001,4312.091399999999,4154.47905,11.653443278761188,10.606894530518957,1.0465487482422304,17.5161364161349,27.22216114869105,13.000486235160805,25.10336568716119,4319.203189464033,1,0,4319.572032,1,4349.835,4348.1849999999995,4312.41,4260.91,4312.41,4260.91,1,0,0,66.10903451994145,85.86087218952795,86.18823463280167,182.05868205867813,-14.139127810472052,61.39091073426012,4341.871000000001,4372.235669150757,4311.506330849245,1.0224657618113682,-39888.0,-39273.03768933881,4341.6927340509965,4382.97,4223.43,4345.318560000001,4322.025720000001,4303.200000000001,4284.37428,4257.57156,0,0,0,0,8.0,0.0,28.170000000000073,0,0,0,0,1,0,0,0,0,0,0,0
91214728,XAUUSD.m,BUY,0.01,4374.11,4365.255697195014,4391.098605609972,10.082,2026-08-10T18:47:01.583548+00:00,4391.11,2026-08-10T22:29:34+00:00,WIN,17.0,CLOSED,4379.67,4379.82,4373.52,4373.87,344,4371.931793193748,4366.608823646027,4358.387044370444,4344.882382848787,4369.8330000000005,4364.9865,4357.897,4343.2947,5.560277452445007,4.208094237774259,1.352183214670748,4.307151402492924,39.4132552467619,21.456436853805627,24.408713493745665,4368.6113321020475,1,0,4363.021271027661,1,4372.24,4366.98,4355.424999999999,4340.68,4355.424999999999,4340.68,1,0,0,64.12743581674661,63.97466349960299,83.2474678859248,135.96990865125582,-36.02533650039701,54.46804191382081,4364.9865,4379.953795258984,4350.0192047410155,0.7967637053417315,10267.0,8353.427911462064,4364.8594133173965,4382.97,4342.58,4373.43796,4367.541020000001,4362.775,4358.00898,4351.22346,0,0,0,0,6.0,2.0,8.029999999999745,0,0,0,0,0,0,0,0,0,0,0,0,2026-08-10 21:00:00+00:00,4360.2,4382.97,4359.93,4373.87,6787,4352.65449605314,4343.175662075098,4312.915075398477,4190.835739787263,4345.666,4341.8845,4312.0968,4154.4803999999995,11.6749817402997,10.61120222282666,1.063779517473039,17.5161364161349,27.22216114869105,13.000486235160805,25.10336568716119,4319.203189464033,1,0,4319.572032,1,4349.835,4348.1849999999995,4312.41,4260.91,4312.41,4260.91,1,0,0,66.18378646135814,86.26829636336154,86.3240426907462,182.4912820004319,-13.731703636638455,61.450560820333095,4341.8845,4372.308746892087,4311.460253107914,1.025658040336231,-39723.0,-39257.32340362452,4341.7305139577475,4382.97,4223.43,4345.318560000001,4322.025720000001,4303.200000000001,4284.37428,4257.57156,0,0,0,0,8.0,0.0,28.4399999999996,0,0,0,0,1,0,0,0,0,0,0,0
91214792,XAUUSD.m,BUY,0.01,4376.72,4367.915697195014,4393.758605609972,9.869,2026-08-10T18:48:01.609503+00:00,4393.94,2026-08-10T22:30:14+00:00,WIN,17.22,CLOSED,4379.67,4379.82,4373.52,4376.53,493,4372.463793193747,4366.86215697936,4358.491358095934,4344.908850510478,4370.099,4365.1195,4357.9502,4343.308000000001,5.772471184638562,4.25053298421297,1.5219382004255912,4.307151402492924,39.4132552467619,21.456436853805627,24.408713493745665,4368.6113321020475,1,0,4363.021271027661,1,4372.24,4366.98,4355.424999999999,4340.68,4355.424999999999,4340.68,1,0,0,69.14343001075832,74.50514647664112,86.75762887827085,144.5447145839875,-25.49485352335888,53.623135042834015,4365.1195,4380.461747793906,4349.777252206093,0.8718653274695445,10118.0,8339.237435271587,4365.011451545376,4382.97,4342.58,4373.43796,4367.541020000001,4362.775,4358.00898,4351.22346,0,0,0,0,6.0,2.0,10.6899999999996,0,0,0,0,0,0,0,0,0,0,0,0,2026-08-10 21:00:00+00:00,4360.2,4382.97,4359.93,4376.53,6936,4353.18649605314,4343.428995408432,4313.019389123967,4190.862207448955,4345.932,4342.0175,4312.15,4154.4937,11.887175472493254,10.653640969265371,1.233534503227883,17.5161364161349,27.22216114869105,13.000486235160805,25.10336568716119,4319.203189464033,1,0,4319.572032,1,4349.835,4348.1849999999995,4312.41,4260.91,4312.41,4260.91,1,0,0,66.90297922717676,90.2821789648401,87.66200355790572,186.73264492954237,-9.717821035159902,61.5047301101669,4342.0175,4373.047705912154,4310.987294087846,1.0561113596491116,-39574.0,-39243.132927434046,4341.802118190113,4382.97,4223.43,4345.318560000001,4322.025720000001,4303.200000000001,4284.37428,4257.57156,0,0,0,0,8.0,0.0,31.099999999999454,0,0,0,0,1,0,0,0,0,0,0,0
91214852,XAUUSD.m,BUY,0.01,4377.21,4368.485697195015,4394.328605609972,9.419,2026-08-10T18:49:01.602756+00:00,4394.58,2026-08-10T22:49:11+00:00,WIN,17.37,CLOSED,4379.67,4379.82,4373.52,4377.1,647,4372.577793193747,4366.916442693646,4358.513711037111,4344.9145221522695,4370.156,4365.148,4357.9616,4343.31085,5.817941270108349,4.259627001306928,1.5583142688014213,4.307151402492924,39.4132552467619,21.456436853805627,24.408713493745665,4368.6113321020475,1,0,4363.021271027661,1,4372.24,4366.98,4355.424999999999,4340.68,4355.424999999999,4340.68,1,0,0,70.32211649275919,76.76167854315186,87.50980623377443,146.35523821048974,-23.23832145684814,52.777224960111575,4365.148,4380.581342715356,4349.714657284644,0.8872135875045425,9964.0,8324.57076860492,4365.151064358244,4382.97,4342.58,4373.43796,4367.541020000001,4362.775,4358.00898,4351.22346,0,0,0,0,6.0,2.0,11.260000000000218,0,0,0,0,0,0,0,0,0,0,0,0,2026-08-10 21:00:00+00:00,4360.2,4382.97,4359.93,4377.1,7090,4353.30049605314,4343.483281122717,4313.041742065144,4190.867879090746,4345.989,4342.046,4312.1614,4154.49655,11.932645557963951,10.66273498635951,1.2699105716044414,17.5161364161349,27.22216114869105,13.000486235160805,25.10336568716119,4319.203189464033,1,0,4319.572032,1,4349.835,4348.1849999999995,4312.41,4260.91,4312.41,4260.91,1,0,0,67.05313004904747,91.14229666515791,87.94870945801166,187.63668245832056,-8.857703334842089,61.56015775943172,4342.046,4373.210429385931,4310.8815706140695,1.0624040082027817,-39420.0,-39228.46626076738,4341.843396093953,4382.97,4223.43,4345.318560000001,4322.025720000001,4303.200000000001,4284.37428,4257.57156,0,0,0,0,8.0,0.0,31.670000000000073,0,0,0,0,1,0,0,0,0,0,0,0
91216082,XAUUSD.m,BUY,0.01,4380.63,4372.826193947273,4395.787612105451,11.303,2026-08-10T19:05:01.578822+00:00,4395.79,2026-08-11T01:46:08+00:00,WIN,15.16,CLOSED,4380.11,4380.48,4379.93,4380.48,5,4376.5212336921595,4370.922289475694,4361.534653134881,4345.002911263076,4376.36,4369.156000000001,4360.568,4344.35155,6.216699292413978,5.334138794175302,0.8825604982386759,3.8269030263630452,36.740633309558824,17.95401045084252,26.382758400170925,4369.02443964457,1,0,4371.006839797391,1,4373.6900000000005,4367.360000000001,4355.4025,4340.68,4355.4025,4340.68,1,0,0,73.22786503721896,89.19270833333032,86.61926382290649,98.85538733130637,-10.807291666669684,77.91866682353155,4369.156000000001,4386.348684368383,4351.963315631619,0.8293261179395517,11793.0,9194.67976003911,4368.654493958458,4382.97,4343.31,4373.61024,4367.81988,4363.14,4358.460120000001,4351.797240000001,0,0,0,0,5.0,3.0,3.699999999999818,1,0,0,0,0,0,0,0,0,0,0,2,2026-08-10 22:00:00+00:00,4378.55,4381.2,4378.55,4380.48,745,4358.958796842512,4347.126551394066,4315.73657751721,4191.582902605166,4350.063,4344.4835,4315.129,4156.2882,13.552629116660682,11.25845630027315,2.2941728163875332,16.458556256048222,26.90199575248853,12.8475839788715,25.835808958543197,4332.039870513341,1,0,4323.37591008,1,4349.835,4348.1849999999995,4313.9675,4266.225,4313.9675,4266.225,1,0,0,67.95426698616227,96.24264373019363,92.88610405343486,185.5828879577717,-3.75735626980636,59.90170735086409,4344.4835,4379.998821689944,4308.968178310057,1.0067742355574958,-28901.0,-30644.38104480488,4342.499730442194,4382.97,4223.43,4345.318560000001,4322.025720000001,4303.200000000001,4284.37428,4257.57156,0,0,0,1,7.0,1.0,22.109999999999673,1,0,0,0,0,0,0,0,0,0,0,2
91216225,XAUUSD.m,BUY,0.01,4382.69,4374.479051090131,4398.301897819738,10.75,2026-08-10T19:06:01.591948+00:00,4398.31,2026-08-11T01:51:38+00:00,WIN,15.62,CLOSED,4380.11,4382.49,4379.93,4382.42,169,4376.909233692159,4371.107051380455,4361.610731566254,4345.022214745663,4376.554,4369.253000000001,4360.6068,4344.36125,6.371457127172107,5.365090361126928,1.0063667660451792,3.9704744549344895,37.73280201587468,17.30479762797432,26.58049106496346,4369.42643964457,1,0,4371.006839797391,1,4373.6900000000005,4367.360000000001,4355.4025,4340.68,4355.4025,4340.68,1,0,0,74.93713826261413,97.61284722222143,89.42597678587019,108.50397453574233,-2.387152777778571,78.30000735458168,4369.253000000001,4386.734162312353,4351.771837687648,0.8766053928432304,11957.0,9210.298807658157,4368.81222057808,4382.97,4343.31,4373.61024,4367.81988,4363.14,4358.460120000001,4351.797240000001,0,0,0,0,6.0,2.0,5.640000000000327,1,0,0,0,0,0,0,0,0,0,0,2,2026-08-10 22:00:00+00:00,4378.55,4382.49,4378.55,4382.42,909,4359.346796842512,4347.311313298827,4315.812655948583,4191.602206087753,4350.257,4344.5805,4315.167799999999,4156.2979000000005,13.707386951417902,11.289407867224593,2.417979084193309,16.550699113191076,26.752224027770055,12.776057508170789,25.835808958543197,4332.297870513342,1,0,4323.37591008,1,4349.835,4348.1849999999995,4313.9675,4266.225,4313.9675,4266.225,1,0,0,68.4643124199815,99.17006186811501,93.86191009940865,189.90598290598604,-0.8299381318849831,59.96580308006527,4344.5805,4380.517865673937,4308.643134326063,1.026464576498471,-28737.0,-30628.76199718583,4342.5481123012405,4382.97,4223.43,4345.318560000001,4322.025720000001,4303.200000000001,4284.37428,4257.57156,0,0,0,1,7.0,1.0,24.050000000000182,1,0,0,0,0,0,0,0,0,0,0,2
91216370,XAUUSD.m,BUY,0.01,4382.56,4374.400479661559,4398.279040676881,10.75,2026-08-10T19:07:01.599870+00:00,4398.28,2026-08-11T01:51:37+00:00,WIN,15.72,CLOSED,4380.11,4382.62,4379.93,4382.36,322,4376.89723369216,4371.101337094741,4361.608378625077,4345.0216177307375,4376.548000000001,4369.25,4360.6056,4344.36095,6.36667080238567,5.36413309616964,1.00253770621603,3.979760169220212,37.87808599914705,17.264421474710517,26.59949663521001,4369.452439644569,1,0,4371.006839797391,1,4373.6900000000005,4367.360000000001,4355.4025,4340.68,4355.4025,4340.68,1,0,0,74.88755135032144,97.35243055555303,89.33917123031405,108.67320745297408,-2.647569444446975,78.64408334207808,4369.25,4386.721666085145,4351.778333914855,0.87517887350039,12110.0,9224.870236229584,4368.956055795352,4382.97,4343.31,4373.61024,4367.81988,4363.14,4358.460120000001,4351.797240000001,0,0,0,0,6.0,2.0,5.579999999999927,1,0,0,0,0,0,0,0,0,0,0,2,2026-08-10 22:00:00+00:00,4378.55,4382.62,4378.55,4382.36,1062,4359.334796842512,4347.305599013113,4315.810303007406,4191.601609072827,4350.251,4344.577499999999,4315.1666,4156.2976,13.702600626632375,11.288450602267487,2.414150024364888,16.5599848274768,26.73722319827549,12.768893563218253,25.835808958543197,4332.323870513341,1,0,4323.37591008,1,4349.835,4348.1849999999995,4313.9675,4266.225,4313.9675,4266.225,1,0,0,68.44878124495227,99.07952316281789,93.83173053097629,189.99919666771004,-0.9204768371821006,60.02535104827513,4344.577499999999,4380.501573075294,4308.653426924705,1.0258660386422587,-28584.0,-30614.190568614402,4342.588255366956,4382.97,4223.43,4345.318560000001,4322.025720000001,4303.200000000001,4284.37428,4257.57156,0,0,0,1,7.0,1.0,23.98999999999978,1,0,0,0,0,0,0,0,0,0,0,2
91216510,XAUUSD.m,BUY,0.01,4381.78,4373.674765375845,4397.630469248309,10.69,2026-08-10T19:08:01.615679+00:00,4397.63,2026-08-11T01:47:58+00:00,WIN,15.85,CLOSED,4380.11,4382.8,4379.93,4381.66,464,4376.757233692159,4371.034670428075,4361.580927644685,4345.014652556609,4376.478,4369.215,4360.5916,4344.35745,6.310830346544208,5.352965005001348,0.9578653415428597,3.992617312077375,38.07813280064075,17.20882608053758,26.625548064844715,4369.488439644569,1,0,4371.006839797391,1,4373.6900000000005,4367.360000000001,4355.4025,4340.68,4355.4025,4340.68,1,0,0,74.29419666200687,94.31423611110937,88.32643974883284,107.414602557874,-5.6857638888906346,78.953759327157,4369.215,4386.578557118022,4351.851442881978,0.8583655098839952,12252.0,9238.394045753394,4369.080610141675,4382.97,4343.31,4373.61024,4367.81988,4363.14,4358.460120000001,4351.797240000001,0,0,0,0,6.0,2.0,4.880000000000109,1,0,0,0,0,0,0,0,0,0,0,2,2026-08-10 22:00:00+00:00,4378.55,4382.8,4378.55,4381.66,1204,4359.194796842512,4347.238932346447,4315.782852027014,4191.594643898698,4350.1810000000005,4344.5425,4315.1526,4156.2941,13.646760170790913,11.277282511099195,2.369477659691718,16.57284197033396,26.716480570132447,12.758987507940343,25.835808958543197,4332.359870513341,1,0,4323.37591008,1,4349.835,4348.1849999999995,4313.9675,4266.225,4313.9675,4266.225,1,0,0,68.26644731408582,98.02323826769218,93.47963556593437,189.30627186342784,-1.9767617323078188,60.08043930674495,4344.5425,4380.3126150624685,4308.772384937531,1.0188339474891026,-28442.0,-30600.666759090593,4342.623893854774,4382.97,4223.43,4345.318560000001,4322.025720000001,4303.200000000001,4284.37428,4257.57156,0,0,0,1,7.0,1.0,23.289999999999964,1,0,0,0,0,0,0,0,0,0,0,2
91216593,XAUUSD.m,BUY,0.01,4382.39,4374.194765375845,4398.1504692483095,10.735,2026-08-10T19:09:01.595585+00:00,4398.18,2026-08-11T01:51:35+00:00,WIN,15.79,CLOSED,4380.11,4382.8,4379.93,4382.18,590,4376.86123369216,4371.084194237598,4361.601319801548,4345.019826685962,4376.530000000001,4369.241,4360.602,4344.36005,6.352311828027268,5.36126130129796,0.9910505267293086,3.992617312077375,38.07813280064075,17.20882608053758,26.625548064844715,4369.488439644569,1,0,4371.006839797391,1,4373.6900000000005,4367.360000000001,4355.4025,4340.68,4355.4025,4340.68,1,0,0,74.73760629046063,96.57118055555571,89.07875456364827,108.67320745297408,-3.428819444444292,79.2211902252496,4369.241,4386.684394044475,4351.797605955525,0.8708853898217852,12378.0,9250.394045753394,4369.199896199565,4382.97,4343.31,4373.61024,4367.81988,4363.14,4358.460120000001,4351.797240000001,0,0,0,0,6.0,2.0,5.400000000000546,1,0,0,0,0,0,0,0,0,0,0,2,2026-08-10 22:00:00+00:00,4378.55,4382.8,4378.55,4382.18,1330,4359.298796842512,4347.28845615597,4315.803244183877,4191.599818028051,4350.233,4344.568499999999,4315.163,4156.296700000001,13.688241652272154,11.285578807395442,2.402662844876712,16.57284197033396,26.716480570132447,12.758987507940343,25.835808958543197,4332.359870513341,1,0,4323.37591008,1,4349.835,4348.1849999999995,4313.9675,4266.225,4313.9675,4266.225,1,0,0,68.40209579569702,98.80790704692929,93.74119182568008,189.99919666771405,-1.1920929530707083,60.12922821387283,4344.568499999999,4380.452786122614,4308.6842138773845,1.0240664377644886,-28316.0,-30588.666759090593,4342.658120349854,4382.97,4223.43,4345.318560000001,4322.025720000001,4303.200000000001,4284.37428,4257.57156,0,0,0,1,7.0,1.0,23.8100000000004,1,0,0,0,0,0,0,0,0,0,0,2
91216646,XAUUSD.m,BUY,0.01,4382.15,4374.49656760851,4396.79686478298,11.653,2026-08-10T19:10:01.620205+00:00,4396.82,2026-08-11T01:46:49+00:00,WIN,14.67,CLOSED,4381.9,4382.03,4381.9,4381.93,6,4377.830186953728,4372.093001137722,4362.388611066214,4345.732103914617,4378.254,4370.21,4361.284799999999,4344.629199999999,6.413456880566628,5.568126282566848,0.84533059799978,3.7167161957450277,37.98299725093236,17.16583159211581,27.419955583611664,4371.237095679603,1,0,4372.442419021704,1,4374.0599999999995,4367.360000000001,4355.4025,4340.68,4355.4025,4340.68,1,0,0,74.52831121578836,95.15377446411946,92.97010355146779,97.9090549047202,-4.846225535880531,77.87184972109975,4370.21,4388.1676179407705,4352.25238205923,0.826323904391337,11679.0,8732.503910503267,4369.671978470676,4382.97,4343.31,4373.61024,4367.81988,4363.14,4358.460120000001,4351.797240000001,0,0,0,0,6.0,2.0,5.0700000000006185,1,0,0,0,0,0,0,0,0,0,0,2,2026-08-10 22:00:00+00:00,4378.55,4382.8,4378.55,4381.93,1472,4359.248796842512,4347.264646632161,4315.793440262308,4191.597330465862,4350.2080000000005,4344.556,4315.157999999999,4156.2954500000005,13.668298632330334,11.28159020340708,2.3867084289232547,16.57284197033396,26.716480570132447,12.758987507940343,25.835808958543197,4332.359870513341,1,0,4323.37591008,1,4349.835,4348.1849999999995,4313.9675,4266.225,4313.9675,4266.225,1,0,0,68.33702522418318,98.43066244152715,93.61544362387936,189.6661981608572,-1.5693375584728486,60.18403830864411,4344.556,4380.385253205537,4308.726746794462,1.0215570610082443,-28174.0,-30575.142949566783,4342.694208027932,4382.97,4223.43,4345.318560000001,4322.025720000001,4303.200000000001,4284.37428,4257.57156,0,0,0,1,7.0,1.0,23.5600000000004,1,0,0,0,0,0,0,0,0,0,0,2
91216722,XAUUSD.m,BUY,0.01,4382.36,4374.412281894224,4397.535436211551,11.446,2026-08-10T19:12:01.558912+00:00,4397.54,2026-08-11T01:47:57+00:00,WIN,15.18,CLOSED,4381.9,4382.69,4380.64,4382.12,289,4377.868186953728,4372.111096375817,4362.396062046607,4345.733994461882,4378.273,4370.2195,4361.2886,4344.63015,6.42861357572383,5.571157621598289,0.8574559541255411,3.853859052887825,36.631339939558565,16.55497085292744,27.419955583611664,4370.361095679603,1,0,4372.442419021704,1,4374.0599999999995,4367.360000000001,4355.4025,4340.68,4355.4025,4340.68,1,0,0,74.70144736348209,96.03914259086504,93.26522626038299,96.94472912502172,-3.9608574091349595,78.52449188063571,4370.2195,4388.203405641063,4352.235594358937,0.8308652813665569,11962.0,8759.456291455648,4369.921824086866,4382.97,4343.31,4373.61024,4367.81988,4363.14,4358.460120000001,4351.797240000001,0,0,0,0,6.0,2.0,5.260000000000218,0,0,0,0,0,0,0,0,0,0,1,2,2026-08-10 22:00:00+00:00,4378.55,4382.8,4378.55,4382.12,1755,4359.286796842513,4347.282741870256,4315.8008912427,4191.599221013126,4350.227000000001,4344.5655,4315.1618,4156.2964,13.683455327486627,11.284621542438337,2.3988337850482893,16.57284197033396,26.716480570132447,12.758987507940343,25.835808958543197,4332.359870513341,1,0,4323.37591008,1,4349.835,4348.1849999999995,4313.9675,4266.225,4313.9675,4266.225,1,0,0,68.38650326228648,98.71736834163218,93.71101225724772,189.91930038683614,-1.2826316583678259,60.29285336520566,4344.5655,4380.436554142114,4308.6944458578855,1.0234652409602532,-27891.0,-30548.190568614402,4342.768160041496,4382.97,4223.43,4345.318560000001,4322.025720000001,4303.200000000001,4284.37428,4257.57156,0,0,0,1,7.0,1.0,23.75,1,0,0,0,0,0,0,0,0,0,0,2
91216750,XAUUSD.m,BUY,0.01,4382.37,4374.462281894224,4397.5854362115515,11.439,2026-08-10T19:13:01.600029+00:00,4397.63,2026-08-11T01:47:58+00:00,WIN,15.26,CLOSED,4381.9,4382.69,4380.64,4382.17,418,4377.878186953728,4372.115858280579,4362.39802283092,4345.734491974319,4378.278,4370.222,4361.2896,4344.6304,6.432602179712376,5.571955342395998,0.860646837316378,3.853859052887825,36.631339939558565,16.55497085292744,27.419955583611664,4370.361095679603,1,0,4372.442419021704,1,4374.0599999999995,4367.360000000001,4355.4025,4340.68,4355.4025,4340.68,1,0,0,74.746619012448,96.27213420316784,93.34289013115058,97.06242432850847,-3.7278657968321554,78.80938534178054,4370.222,4388.212883773422,4352.231116226578,0.8320570615227689,12091.0,8771.742005741362,4370.032860058589,4382.97,4343.31,4373.61024,4367.81988,4363.14,4358.460120000001,4351.797240000001,0,0,0,0,6.0,2.0,5.3100000000004,0,0,0,0,0,0,0,0,0,0,1,2,2026-08-10 22:00:00+00:00,4378.55,4382.8,4378.55,4382.17,1884,4359.296796842512,4347.287503775018,4315.802852027014,4191.599718525564,4350.232,4344.568,4315.1628,4156.29665,13.687443931475173,11.285419263236047,2.4020246682391253,16.57284197033396,26.716480570132447,12.758987507940343,25.835808958543197,4332.359870513341,1,0,4323.37591008,1,4349.835,4348.1849999999995,4313.9675,4266.225,4313.9675,4266.225,1,0,0,68.39949810835675,98.79281726271287,93.73616189760794,189.9858816451125,-1.2071827372871233,60.342256502688706,4344.568,4380.45007973793,4308.685920262071,1.0239662844884154,-27762.0,-30535.904854328688,4342.801701463205,4382.97,4223.43,4345.318560000001,4322.025720000001,4303.200000000001,4284.37428,4257.57156,0,0,0,1,7.0,1.0,23.800000000000182,1,0,0,0,0,0,0,0,0,0,0,2
91216767,XAUUSD.m,BUY,0.01,4382.67,4374.747996179938,4397.884007640123,11.459,2026-08-10T19:14:01.588940+00:00,4397.9,2026-08-11T01:51:20+00:00,WIN,15.23,CLOSED,4381.9,4382.72,4380.64,4382.46,543,4377.936186953728,4372.143477328198,4362.40939537994,4345.737377546458,4378.307,4370.2365,4361.2954,4344.63185,6.45573608284667,5.576582123022856,0.8791539598238138,3.856001910030729,36.61098317359343,16.545770925549167,27.419955583611664,4370.367095679603,1,0,4372.442419021704,1,4374.0599999999995,4367.360000000001,4355.4025,4340.68,4355.4025,4340.68,1,0,0,75.00546611317797,97.62348555451902,93.79334058160099,97.81505198427305,-2.376514445480976,79.07835138942903,4370.2365,4388.268350504954,4352.204649495046,0.8389419182640768,12216.0,8783.646767646123,4370.142303848076,4382.97,4343.31,4373.61024,4367.81988,4363.14,4358.460120000001,4351.797240000001,0,0,0,0,6.0,2.0,5.600000000000364,0,0,0,0,0,0,0,0,0,0,1,2,2026-08-10 22:00:00+00:00,4378.55,4382.8,4378.55,4382.46,2009,4359.354796842512,4347.315122822637,4315.814224576034,4191.602604097703,4350.261,4344.5824999999995,4315.1686,4156.298100000001,13.710577834608557,11.290046043862723,2.4205317907458337,16.57284197033396,26.716480570132447,12.758987507940343,25.835808958543197,4332.359870513341,1,0,4323.37591008,1,4349.835,4348.1849999999995,4313.9675,4266.225,4313.9675,4266.225,1,0,0,68.47465804471655,99.2304210049793,93.88202981169674,190.37185105456174,-0.7695789950206955,60.39002507100868,4344.5824999999995,4380.528735803271,4308.636264196728,1.0268632327359464,-27637.0,-30524.000092423925,4342.835262704855,4382.97,4223.43,4345.318560000001,4322.025720000001,4303.200000000001,4284.37428,4257.57156,0,0,0,1,7.0,1.0,24.090000000000146,1,0,0,0,0,0,0,0,0,0,0,2
91216802,XAUUSD.m,BUY,0.01,4382.35,4374.958853912824,4396.502292174352,10.872,2026-08-10T19:15:01.577620+00:00,4396.82,2026-08-11T01:46:49+00:00,WIN,14.47,CLOSED,4382.02,4382.14,4382.02,4382.14,4,4378.703349562982,4373.055889918048,4363.165749892911,4346.06077392438,4379.8910000000005,4371.1255,4362.0296,4344.91325,6.426838300994859,5.740762167601146,0.6860761333937129,3.5905730435879564,36.509019898709916,16.499690513491885,28.157623620533222,4371.856386112314,1,0,4373.7057287391,1,4378.245000000001,4369.1,4355.585,4340.68,4355.585,4340.68,1,0,0,74.72927290839756,96.13233923578785,95.65606824496793,88.52035827433598,-3.8676607642121428,77.92326986935997,4371.1255,4389.588281309588,4352.6627186904125,0.798289293885544,13222.0,9995.040952401092,4370.587942298167,4382.97,4343.57,4373.6716,4367.9192,4363.27,4358.6208,4352.0016,0,0,0,0,6.0,2.0,3.6500000000005457,0,0,0,0,0,0,0,0,0,0,0,2,2026-08-10 22:00:00+00:00,4378.55,4382.8,4378.55,4382.14,2157,4359.2907968425125,4347.284646632161,4315.801675556426,4191.599420018101,4350.229,4344.5665,4315.1622,4156.2965,13.685050769082409,11.284940630757493,2.4001101383249157,16.57284197033396,26.716480570132447,12.758987507940343,25.835808958543197,4332.359870513341,1,0,4323.37591008,1,4349.835,4348.1849999999995,4313.9675,4266.225,4313.9675,4266.225,1,0,0,68.39170248301016,98.74754791006501,93.72107211339198,189.94593411928585,-1.2524520899349958,60.44639577612941,4344.5665,4380.4419631146075,4308.691036885392,1.0236657138051197,-27489.0,-30509.904854328688,4342.871931999113,4382.97,4223.43,4345.318560000001,4322.025720000001,4303.200000000001,4284.37428,4257.57156,0,0,0,1,7.0,1.0,23.770000000000437,1,0,0,0,0,0,0,0,0,0,0,2
91216851,XAUUSD.m,BUY,0.01,4382.63,4375.17313962711,4396.94372074578,10.392,2026-08-10T19:16:01.594439+00:00,4397.15,2026-08-11T01:46:49+00:00,WIN,14.52,CLOSED,4382.02,4382.5,4381.83,4382.43,129,4378.761349562982,4373.0835089656675,4363.17712244193,4346.063659496519,4379.92,4371.14,4362.0354,4344.914699999999,6.449972204128244,5.7453889482278235,0.7045832559004204,3.628430186445081,36.12810387969917,16.32754137219076,28.157623620533222,4371.782386112314,1,0,4373.7057287391,1,4378.245000000001,4369.1,4355.585,4340.68,4355.585,4340.68,1,0,0,75.00819240349118,97.48369058713904,96.10651869541833,89.57926273284062,-2.5163094128609633,78.21504323419101,4371.14,4389.639622755794,4352.640377244206,0.80514135744914,13347.0,10006.945714305853,4370.695324500061,4382.97,4343.57,4373.6716,4367.9192,4363.27,4358.6208,4352.0016,0,0,0,0,6.0,2.0,3.9400000000005093,0,0,0,0,0,0,0,0,0,0,0,2,2026-08-10 22:00:00+00:00,4378.55,4382.8,4378.55,4382.43,2282,4359.3487968425125,4347.3122656797805,4315.813048105445,4191.602305590241,4350.258,4344.581,4315.168,4156.29795,13.708184672215793,11.289567411384171,2.4186172608316223,16.57284197033396,26.716480570132447,12.758987507940343,25.835808958543197,4332.359870513341,1,0,4323.37591008,1,4349.835,4348.1849999999995,4313.9675,4266.225,4313.9675,4266.225,1,0,0,68.4668994626959,99.18515165233143,93.8669400274808,190.3319391479106,-0.8148483476685681,60.49391612629982,4344.581,4380.520582576775,4308.641417423225,1.0265642682291325,-27364.0,-30498.000092423925,4342.905541563742,4382.97,4223.43,4345.318560000001,4322.025720000001,4303.200000000001,4284.37428,4257.57156,0,0,0,1,7.0,1.0,24.0600000000004,1,0,0,0,0,0,0,0,0,0,0,2
91216914,XAUUSD.m,BUY,0.01,4383.02,4375.511711055681,4397.436577888637,10.723,2026-08-10T19:17:01.599819+00:00,4397.44,2026-08-11T01:47:52+00:00,WIN,14.42,CLOSED,4382.02,4382.86,4381.83,4382.82,265,4378.8393495629825,4373.12065182281,4363.192416559577,4346.067540093533,4379.959,4371.1595,4362.0432,4344.91665,6.48108331523872,5.751611170449919,0.7294721447888017,3.6541444721593432,36.14753157749809,16.212644146026122,28.180864026495232,4371.8543861123135,1,0,4373.7057287391,1,4378.245000000001,4369.1,4355.585,4340.68,4355.585,4340.68,1,0,0,75.3737252947011,99.30102516309158,96.7122968874025,91.30166162650455,-0.6989748369084131,78.52389009790159,4371.1595,4389.709982445176,4352.609017554823,0.8142910173485001,13483.0,10019.898095258235,4370.814713699196,4382.97,4343.57,4373.6716,4367.9192,4363.27,4358.6208,4352.0016,0,0,0,0,7.0,1.0,4.329999999999927,0,0,0,0,0,0,0,0,0,0,0,2,2026-08-10 22:00:00+00:00,4378.55,4382.86,4378.55,4382.82,2418,4359.426796842512,4347.349408536923,4315.8283422230925,4191.606186187255,4350.2970000000005,4344.6005,4315.1758,4156.299900000001,13.73929578332627,11.295789633606265,2.4435061497200046,16.57712768461964,26.709573510922866,12.755688904221177,25.835808958543197,4332.3718705133415,1,0,4323.37591008,1,4349.835,4348.1849999999995,4313.9675,4266.225,4313.9675,4266.225,1,0,0,68.56746410705306,99.7736532367579,94.06310722228962,190.9302313669468,-0.2263467632421076,60.545500476413295,4344.6005,4380.626868398762,4308.574131601237,1.0304378667447534,-27228.0,-30485.047711471547,4342.9429557647945,4382.97,4223.43,4345.318560000001,4322.025720000001,4303.200000000001,4284.37428,4257.57156,0,0,0,1,7.0,1.0,24.449999999999818,1,0,0,0,0,0,0,0,0,0,0,2
91217001,XAUUSD.m,BUY,0.01,4382.78,4375.270282484253,4397.199435031494,10.683,2026-08-10T19:18:01.590766+00:00,4397.23,2026-08-11T01:47:15+00:00,WIN,14.45,CLOSED,4382.02,4382.87,4381.83,4382.58,397,4378.791349562982,4373.097794679953,4363.1830047948715,4346.065152033832,4379.9349999999995,4371.1475,4362.0384,4344.9154499999995,6.461938016093882,5.7477821106209515,0.7141559054729303,3.6548587578736447,36.16001055658827,16.20947563504615,28.182514763047838,4371.856386112315,1,0,4373.7057287391,1,4378.245000000001,4369.1,4355.585,4340.68,4355.585,4340.68,1,0,0,75.15005887203084,98.18266542404321,96.3395103077197,90.77399541953052,-1.8173345759567883,78.81536168155975,4371.1475,4389.666506310768,4352.628493689232,0.8086693694075834,13615.0,10032.469523829663,4370.923893019563,4382.97,4343.57,4373.6716,4367.9192,4363.27,4358.6208,4352.0016,0,0,0,0,7.0,1.0,4.0900000000001455,0,0,0,0,0,0,0,0,0,0,0,2,2026-08-10 22:00:00+00:00,4378.55,4382.87,4378.55,4382.58,2550,4359.378796842512,4347.326551394066,4315.818930458387,4191.603798127554,4350.273,4344.5885,4315.170999999999,4156.2987,13.720150484181431,11.291960573777299,2.4281899104041322,16.577841970333942,26.708422681591273,12.755139302748521,25.835808958543197,4332.373870513341,1,0,4323.37591008,1,4349.835,4348.1849999999995,4313.9675,4266.225,4313.9675,4266.225,1,0,0,68.50565423103167,99.41149841557217,93.94238894856103,190.62454097963354,-0.5885015844278328,60.59539349261821,4344.5885,4380.5613864417455,4308.615613558254,1.028057430997695,-27096.0,-30472.476282900116,4342.975668301573,4382.97,4223.43,4345.318560000001,4322.025720000001,4303.200000000001,4284.37428,4257.57156,0,0,0,1,7.0,1.0,24.210000000000036,1,0,0,0,0,0,0,0,0,0,0,2
91217131,XAUUSD.m,BUY,0.01,4382.76,4375.120282484253,4397.289435031495,10.662,2026-08-10T19:19:01.598012+00:00,4397.31,2026-08-11T01:47:21+00:00,WIN,14.55,CLOSED,4382.02,4382.87,4381.27,4382.51,547,4378.777349562983,4373.091128013286,4363.180259696832,4346.064455516419,4379.928,4371.144,4362.037,4344.915099999999,6.456353970509554,5.746665301504086,0.7096886690054678,3.6948587578736083,35.768547575985835,16.03399422482456,28.182514763047838,4371.4083861123145,1,0,4373.7057287391,1,4378.245000000001,4369.1,4355.585,4340.68,4355.585,4340.68,1,0,0,75.0840554845459,97.85647716682183,96.23078088864592,89.32621965121778,-2.1435228331781713,79.13707751208011,4371.144,4389.653932923799,4352.634067076201,0.8070243432753378,13765.0,10046.755238115378,4371.038907376991,4382.97,4343.57,4373.6716,4367.9192,4363.27,4358.6208,4352.0016,0,0,0,0,7.0,1.0,4.020000000000437,0,0,0,0,0,0,0,0,0,0,0,2,2026-08-10 22:00:00+00:00,4378.55,4382.87,4378.55,4382.51,2700,4359.364796842512,4347.319884727399,4315.816185360347,4191.603101610141,4350.2660000000005,4344.585,4315.169599999999,4156.29835,13.714566438597103,11.290843764660433,2.4237226739366697,16.577841970333942,26.708422681591273,12.755139302748521,25.835808958543197,4332.373870513341,1,0,4323.37591008,1,4349.835,4348.1849999999995,4313.9675,4266.225,4313.9675,4266.225,1,0,0,68.48758053393864,99.30586992606001,93.907179452057,190.53146186603595,-0.6941300739399929,60.65194984111993,4344.585,4380.54233290272,4308.62766709728,1.0273611380271688,-26946.0,-30458.190568614402,4343.013759856487,4382.97,4223.43,4345.318560000001,4322.025720000001,4303.200000000001,4284.37428,4257.57156,0,0,0,1,7.0,1.0,24.140000000000327,1,0,0,0,0,0,0,0,0,0,0,2
91217264,XAUUSD.m,BUY,0.01,4383.65,4376.411588150805,4397.466823698392,10.583,2026-08-10T19:21:01.571842+00:00,4397.47,2026-08-11T01:47:54+00:00,WIN,13.82,CLOSED,4382.78,4383.47,4382.56,4383.43,144,4379.749479650386,4374.098186118192,4363.984724930801,4346.744949014813,4380.334,4372.318,4362.768,4345.20115,6.501414711538018,5.90093339797085,0.600481313567168,3.509205924597823,36.16300287269676,15.676388367560225,29.022714958628207,4373.092547499629,1,0,4375.016726715626,1,4378.495000000001,4369.9349999999995,4355.1900000000005,4340.68,4355.1900000000005,4340.68,1,0,0,75.96921223432166,99.81785063752294,97.96878256056239,87.63385731528541,-0.18214936247706537,84.65847690803713,4372.318,4390.883613488706,4353.752386511294,0.7992629359315258,13318.0,9699.1617692793,4371.770647707005,4383.47,4346.1,4374.650680000001,4369.19466,4364.785,4360.3753400000005,4354.097180000001,0,0,0,0,7.0,1.0,3.3900000000003274,0,0,0,0,1,0,0,0,0,0,0,2,2026-08-10 22:00:00+00:00,4378.55,4383.47,4378.55,4383.43,2996,4359.548796842512,4347.407503775018,4315.852263791719,4191.612255838997,4350.358,4344.630999999999,4315.188,4156.30295,13.787956751987622,11.305521827338536,2.4824349246490858,16.62069911319111,26.85443229698392,12.722249661732931,25.860878372645328,4332.493870513341,1,0,4323.37591008,1,4350.085,4348.4349999999995,4313.9675,4266.225,4313.9675,4266.225,1,0,0,68.72347766172932,99.94009285607314,94.11858709539469,192.54811338278975,-0.059907143926858406,60.76321919068824,4344.630999999999,4380.794379499785,4308.467620500214,1.0364404618245289,-26650.0,-30430.000092423925,4343.099628387557,4383.47,4223.43,4345.70056,4322.33472,4303.450000000001,4284.565280000001,4257.67856,0,0,0,0,8.0,0.0,25.0600000000004,1,0,0,0,1,0,0,0,0,0,0,2
91217683,XAUUSD.m,BUY,0.01,4385.5,4377.967302436519,4399.845395126963,10.25,2026-08-10T19:22:01.605461+00:00,4400.12,2026-08-11T02:00:01+00:00,WIN,14.62,CLOSED,4382.78,4385.39,4382.56,4385.26,306,4380.115479650386,4374.272471832477,4364.056489636684,4346.763157970036,4380.517,4372.4095,4362.8045999999995,4345.2103,6.647397617521165,5.9301299791674795,0.7172676383536851,3.646348781740685,38.56397675136113,15.086783582309257,29.3255646849801,4373.476547499629,1,0,4375.016726715626,1,4379.455,4370.895,4355.1900000000005,4340.68,4355.1900000000005,4340.68,1,0,0,77.5857758331189,99.4556113902843,97.84803614481616,96.24400440214177,-0.5443886097156975,84.91373644803495,4372.4095,4391.222098774041,4353.596901225958,0.8415397350028078,13480.0,9714.590340707871,4371.931929494145,4385.39,4346.1,4376.117560000001,4370.38122,4365.745000000001,4361.1087800000005,4354.50806,0,0,0,0,7.0,1.0,5.220000000000255,0,0,0,0,1,0,0,0,0,0,0,2,2026-08-10 22:00:00+00:00,4378.55,4385.39,4378.55,4385.26,3158,4359.914796842512,4347.581789489304,4315.924028497602,4191.630464794221,4350.541,4344.7225,4315.2246,4156.3121,13.933939657970768,11.334718408535165,2.599221249435603,16.757841970333974,27.453041125011218,12.618133292156013,25.95466685846296,4332.877870513341,1,0,4323.37591008,1,4351.045,4349.395,4313.9675,4266.225,4313.9675,4266.225,1,0,0,69.18236229215456,99.81074392196811,94.07547078402634,197.48341991914236,-0.18925607803189426,60.82412307105077,4344.7225,4381.306040662049,4308.138959337951,1.0540401402706914,-26488.0,-30414.571520995356,4343.1678267446105,4385.39,4223.43,4347.16744,4323.52128,4304.41,4285.298720000001,4258.089440000001,0,0,0,0,8.0,0.0,26.890000000000327,1,0,0,0,1,0,0,0,0,0,0,2
91217722,XAUUSD.m,BUY,0.01,4384.34,4376.748731007948,4398.682537984106,9.621,2026-08-10T19:23:01.582986+00:00,4398.81,2026-08-11T01:51:42+00:00,WIN,14.47,CLOSED,4382.78,4385.52,4382.56,4384.06,477,4379.875479650386,4374.158186118191,4364.009430813155,4346.751217671529,4380.397,4372.3495,4362.7806,4345.2043,6.551671121793333,5.9109846800219135,0.64068644177142,3.655634496026407,38.72003101755157,15.048461490210576,29.344542553289937,4373.50254749963,1,0,4375.016726715626,1,4379.52,4370.96,4355.1900000000005,4340.68,4355.1900000000005,4340.68,1,0,0,76.55141620374809,93.91920033319441,96.00256579245287,93.79871833853346,-6.080799666805594,85.17399801828108,4372.3495,4390.996456545842,4353.702543454158,0.8140056655146615,13651.0,9730.876054993587,4372.072347357374,4385.52,4346.1,4376.216880000001,4370.461560000001,4365.81,4361.15844,4354.53588,0,0,0,0,7.0,1.0,4.020000000000437,0,0,0,0,1,0,0,0,0,0,0,2,2026-08-10 22:00:00+00:00,4378.55,4385.52,4378.55,4384.06,3329,4359.6747968425125,4347.4675037750185,4315.876969674073,4191.618524495713,4350.421,4344.6625,4315.2006,4156.306100000001,13.838213162243846,11.315573109389781,2.522640052854065,16.767127684619695,27.493217972535863,12.611145310506803,25.960878838038305,4332.903870513341,1,0,4323.37591008,1,4351.110000000001,4349.46,4313.9675,4266.225,4313.9675,4266.225,1,0,0,68.88298897847376,97.87852368497526,93.43139737169541,196.0809771844325,-2.121476315024736,60.88776922831637,4344.6625,4380.968991735069,4308.356008264932,1.042568258694436,-26317.0,-30398.28580670964,4343.205390040194,4385.52,4223.43,4347.26676,4323.60162,4304.475,4285.34838,4258.11726,0,0,0,0,8.0,0.0,25.69000000000051,1,0,0,0,1,0,0,0,0,0,0,2
91217783,XAUUSD.m,BUY,0.01,4385.25,4377.698731007948,4399.6325379841055,10.212,2026-08-10T19:24:01.600587+00:00,4399.69,2026-08-11T01:57:37+00:00,WIN,14.44,CLOSED,4382.78,4385.52,4382.56,4385.01,646,4380.065479650386,4374.248662308668,4364.046685715115,4346.760670407847,4380.492,4372.397,4362.799599999999,4345.2090499999995,6.627454597577525,5.9261413751787515,0.7013132223987739,3.655634496026407,38.72003101755157,15.048461490210576,29.344542553289937,4373.50254749963,1,0,4375.016726715626,1,4379.52,4370.96,4355.1900000000005,4340.68,4355.1900000000005,4340.68,1,0,0,77.37787940895511,97.87588504789582,97.32146069735336,95.97022004991169,-2.12411495210418,85.42264365612417,4372.397,4391.173945662767,4353.620054337232,0.8358639958417304,13820.0,9746.971293088824,4372.229874867444,4385.52,4346.1,4376.216880000001,4370.461560000001,4365.81,4361.15844,4354.53588,0,0,0,0,7.0,1.0,4.970000000000255,0,0,0,0,1,0,0,0,0,0,0,2,2026-08-10 22:00:00+00:00,4378.55,4385.52,4378.55,4385.01,3498,4359.864796842512,4347.557979965494,4315.914224576033,4191.627977232031,4350.5160000000005,4344.71,4315.219599999999,4156.31085,13.913996638027129,11.330729804546438,2.5832668334806907,16.767127684619695,27.493217972535863,12.611145310506803,25.960878838038305,4332.903870513341,1,0,4323.37591008,1,4351.110000000001,4349.46,4313.9675,4266.225,4313.9675,4266.225,1,0,0,69.12046884502755,99.25893635571023,93.89153492860707,197.32636452687868,-0.7410636442897612,60.950656102548216,4344.71,4381.235345201772,4308.184654798228,1.0516717196973226,-26148.0,-30382.190568614402,4343.257216895708,4385.52,4223.43,4347.26676,4323.60162,4304.475,4285.34838,4258.11726,0,0,0,0,8.0,0.0,26.640000000000327,1,0,0,0,1,0,0,0,0,0,0,2
91218373,XAUUSD.m,BUY,0.01,4389.68,4381.874843062182,4404.540313875638,10.45,2026-08-10T19:26:01.589101+00:00,4404.54,2026-08-11T03:05:20+00:00,WIN,14.86,CLOSED,4386.62,4389.45,4386.26,4389.43,192,4382.195983720309,4375.833234151638,4365.102575673308,4347.094566121887,4381.456,4373.919,4363.63,4345.5488000000005,7.121484816320844,6.185759456968922,0.9357253593519221,3.7775784689094483,41.9086948822189,13.52249066527874,31.19730844627899,4376.782492751791,1,0,4377.071650441126,1,4381.485000000001,4373.295,4354.5599999999995,4340.68,4354.5599999999995,4340.68,1,0,0,80.69794140807245,99.92628086988748,97.9429776132568,115.76921386599267,-0.07371913011252113,91.97369071858225,4373.919,4393.507155282463,4354.330844717537,0.8959280436654279,14985.0,10990.277881354366,4373.319219097323,4389.45,4347.27,4379.49552,4373.33724,4368.360000000001,4363.38276,4356.29652,0,0,0,0,7.0,1.0,7.530000000000655,1,0,0,0,1,0,0,0,0,0,0,2,2026-08-10 22:00:00+00:00,4378.55,4389.45,4378.55,4389.43,3856,4360.748796842512,4347.9789323464465,4316.087557909367,4191.671957331534,4350.9580000000005,4344.931,4315.308,4156.33295,14.266589230620411,11.401248323065094,2.865340907555318,17.047841970333938,28.687133868852627,12.403486848278103,26.14089739089871,4333.689870513341,1,0,4323.37591008,1,4353.075,4351.424999999999,4313.9675,4266.225,4313.9675,4266.225,1,0,0,70.17934404986858,99.97250859106595,94.1293923403923,208.11934274139387,-0.02749140893405782,61.083920940037174,4344.931,4382.521005894669,4307.3409941053305,1.0918993485222024,-25790.0,-30348.095330519165,4343.423075390236,4389.45,4223.43,4350.2692799999995,4326.03036,4306.4400000000005,4286.84964,4258.95828,0,0,0,0,8.0,0.0,31.0600000000004,1,0,0,0,1,0,0,0,0,0,0,2
91218511,XAUUSD.m,BUY,0.01,4389.21,4381.289128776466,4404.241742447066,9.95,2026-08-10T19:27:01.586849+00:00,4404.3,2026-08-11T03:04:54+00:00,WIN,15.09,CLOSED,4386.62,4390.12,4386.26,4388.94,366,4382.097983720309,4375.786567484971,4365.083359987033,4347.089690499996,4381.407,4373.8945,4363.620199999999,4345.5463500000005,7.082396497233276,6.177941793151408,0.9044547040818678,3.825435611766596,42.63543143458136,13.35332097240451,31.275178336657525,4376.916492751792,1,0,4377.071650441126,1,4381.82,4373.63,4354.5599999999995,4340.68,4354.5599999999995,4340.68,1,0,0,80.37003179314664,95.75539568345222,96.55268255111172,116.17884602959454,-4.244604316547782,92.1145370527397,4373.8945,4393.402028883981,4354.38697111602,0.8856331596247021,15159.0,11006.849309925796,4373.508376998329,4390.12,4347.27,4380.0074,4373.7513,4368.695,4363.6387,4356.4399,0,0,0,0,7.0,1.0,7.039999999999964,1,0,0,0,1,0,0,0,0,0,0,2,2026-08-10 22:00:00+00:00,4378.55,4390.12,4378.55,4388.94,4030,4360.650796842512,4347.93226567978,4316.068342223092,4191.667081709644,4350.909000000001,4344.906499999999,4315.2982,4156.3305,14.227500911531934,11.393430659247398,2.834070252284535,17.095699113191085,28.886764781832234,12.368764931491045,26.1701578261761,4333.823870513341,1,0,4323.37591008,1,4353.41,4351.76,4313.9675,4266.225,4313.9675,4266.225,1,0,0,70.06555009976603,98.39280849904618,93.60282564305237,208.34901754121591,-1.6071915009538136,61.14798795193289,4344.906499999999,4382.374829517679,4307.438170482319,1.0876095967825636,-25616.0,-30331.523901947738,4343.473612297975,4390.12,4223.43,4350.7811599999995,4326.44442,4306.775,4287.10558,4259.10166,0,0,0,0,8.0,0.0,30.56999999999971,1,0,0,0,1,0,0,0,0,0,0,2
91218556,XAUUSD.m,BUY,0.01,4389.36,4381.569128776467,4404.521742447067,9.95,2026-08-10T19:28:01.597076+00:00,4404.52,2026-08-11T03:04:59+00:00,WIN,15.16,CLOSED,4386.62,4390.12,4386.26,4389.22,523,4382.153983720309,4375.8132341516375,4365.09434037919,4347.092476569648,4381.4349999999995,4373.9085,4363.6258,4345.547750000001,7.104732679569679,6.1824090296186895,0.9223236499509895,3.825435611766596,42.63543143458136,13.35332097240451,31.275178336657525,4376.916492751792,1,0,4377.071650441126,1,4381.82,4373.63,4354.5599999999995,4340.68,4354.5599999999995,4340.68,1,0,0,80.55875983684871,96.76258992805889,96.8884139659806,116.81559728541474,-3.2374100719411163,92.23745308015563,4373.9085,4393.461841106381,4354.355158893618,0.8915315525028997,15316.0,11021.801690878176,4373.67777447441,4390.12,4347.27,4380.0074,4373.7513,4368.695,4363.6387,4356.4399,0,0,0,0,7.0,1.0,7.3200000000006185,1,0,0,0,1,0,0,0,0,0,0,2,2026-08-10 22:00:00+00:00,4378.55,4390.12,4378.55,4389.22,4187,4360.706796842513,4347.958932346447,4316.079322615249,4191.669867779296,4350.937,4344.9205,4315.3038,4156.3319,14.249837093868337,11.39789789571468,2.851939198153657,17.095699113191085,28.886764781832234,12.368764931491045,26.1701578261761,4333.823870513341,1,0,4323.37591008,1,4353.41,4351.76,4313.9675,4266.225,4313.9675,4266.225,1,0,0,70.13068132509763,98.77417597384958,93.72994813465351,208.70604210459132,-1.2258240261504159,61.20562998074901,4344.9205,4382.458250528504,4307.382749471496,1.090065991918741,-25459.0,-30316.571520995356,4343.520318109415,4390.12,4223.43,4350.7811599999995,4326.44442,4306.775,4287.10558,4259.10166,0,0,0,0,8.0,0.0,30.850000000000364,1,0,0,0,1,0,0,0,0,0,0,2
91218676,XAUUSD.m,BUY,0.01,4389.95,4382.023414490753,4405.233171018495,9.95,2026-08-10T19:29:01.614748+00:00,4405.6,2026-08-11T03:09:34+00:00,WIN,15.65,CLOSED,4386.62,4390.72,4386.26,4389.76,708,4382.261983720309,4375.864662723066,4365.115516849778,4347.097849703976,4381.489,4373.9355000000005,4363.6366,4345.55045,7.147809602645793,6.191024414233912,0.9567851884118816,3.868292754623765,43.27097834529783,13.205378399069565,31.342016986041653,4377.036492751791,1,0,4377.071650441126,1,4382.120000000001,4373.93,4354.5599999999995,4340.68,4354.5599999999995,4340.68,1,0,0,80.9126737748933,96.6197183098591,96.84079009324734,119.40238848616454,-3.380281690140908,92.37749988247286,4373.9355000000005,4393.579145791998,4354.291854208003,0.9027892827930803,15501.0,11039.420738497223,4373.888598844792,4390.72,4347.27,4380.4658,4374.1221000000005,4368.995000000001,4363.8679,4356.568300000001,0,0,0,0,7.0,1.0,7.860000000000582,1,0,0,0,1,0,0,0,0,0,0,2,2026-08-10 22:00:00+00:00,4378.55,4390.72,4378.55,4389.76,4372,4360.814796842512,4348.010360917875,4316.100499085837,4191.675240913623,4350.991,4344.9475,4315.3146,4156.3346,14.29291401694536,11.406513280330085,2.8864007366152755,17.138556256048254,29.06459248419222,12.337835259369534,26.196026210256708,4333.943870513342,1,0,4323.37591008,1,4353.71,4352.0599999999995,4313.9675,4266.225,4313.9675,4266.225,1,0,0,70.25549450522392,98.70305322885703,93.70624055298931,210.1565408430203,-1.2969467711429759,61.27343439335065,4344.9475,4382.619948050381,4307.275051949619,1.0947649053768755,-25274.0,-30298.952473376306,4343.583292688847,4390.72,4223.43,4351.23956,4326.81522,4307.075000000001,4287.33478,4259.23006,0,0,0,0,8.0,0.0,31.390000000000327,1,0,0,0,1,0,0,0,0,0,0,2
91219161,XAUUSD.m,BUY,0.01,4392.4,4384.689802589401,4408.000394821199,10.25,2026-08-10T19:31:01.602585+00:00,4384.66,2026-08-10T22:35:43+00:00,LOSS,-7.74,CLOSED,4390.74,4393.94,4390.57,4392.46,206,4384.4359869762475,4377.517551988833,4366.219889719027,4347.770559882572,4382.852,4375.659000000001,4364.5146,4345.9182,7.640534767059762,6.491647640696643,1.1488871263631193,3.8850987052997636,45.82269494206803,12.209093816756376,33.318745883721675,4380.72254347521,1,0,4379.670553361723,1,4384.465,4375.825,4355.51,4340.68,4355.51,4340.68,1,0,0,82.58208897863659,94.98814764646266,95.72158643277298,136.44973374789083,-5.011852353537339,92.2000985532036,4375.659000000001,4395.741768628631,4355.57623137137,0.9182939192967593,15088.0,10732.339852419535,4375.012598499952,4393.94,4347.27,4382.92588,4376.1120599999995,4370.605,4365.097940000001,4357.25738,0,0,0,0,8.0,0.0,10.460000000000036,1,0,0,0,1,0,0,0,0,0,0,2,2026-08-10 22:00:00+00:00,4378.55,4393.94,4378.55,4392.46,4740,4361.354796842512,4348.267503775018,4316.206381438778,4191.702106585265,4351.261,4345.0824999999995,4315.3686,4156.3481,14.50829863233048,11.449590203407109,3.058708428923371,17.36855625604821,30.003941932017,12.174453682465796,26.3296824318105,4334.587870513341,1,0,4323.37591008,1,4355.32,4353.67,4313.9675,4266.225,4313.9675,4266.225,1,0,0,70.8642341341246,98.0838943552569,93.49985426178928,217.6097600526879,-1.9161056447430964,61.40811960801894,4345.0824999999995,4383.444148543183,4306.7208514568165,1.1175112618878786,-24906.0,-30263.904854328688,4343.748970772745,4393.94,4223.43,4353.69964,4328.80518,4308.6849999999995,4288.56482,4259.91914,0,0,0,0,8.0,0.0,34.090000000000146,1,0,0,0,1,0,0,0,0,0,0,2
91219551,XAUUSD.m,BUY,0.01,4387.14,4379.301653839608,4402.756692320783,9.271,2026-08-10T19:35:01.575776+00:00,4403.53,2026-08-11T03:00:00+00:00,WIN,16.39,CLOSED,4387.16,4387.17,4387.08,4387.12,4,4384.1247895809975,4377.975381505493,4366.840067768807,4348.250707449276,4383.356,4376.74,4365.171600000001,4346.22925,7.134589762415089,6.552589201526466,0.5820005608886234,3.9091730801958997,42.28760569647655,11.267197451710988,35.076174548340866,4377.194492751319,1,0,4382.524442689379,1,4385.1,4375.825,4356.1475,4340.68,4356.1475,4340.68,1,0,0,72.52043436159516,76.31121917332506,83.41133706005142,93.47191323692464,-23.688780826674947,83.21496307331878,4376.74,4395.291553204986,4358.188446795014,0.7797609419897642,13291.0,10251.781408943505,4376.4299579682265,4393.94,4347.88,4383.06984,4376.34508,4370.91,4365.47492,4357.73684,0,0,0,0,6.0,2.0,4.349999999999454,0,0,0,0,0,0,0,0,0,0,0,0,2026-08-10 22:00:00+00:00,4378.55,4393.94,4378.55,4387.12,5429,4360.286796842513,4347.758932346447,4315.996969674073,4191.648972256907,4350.727000000001,4344.8155,4315.2618,4156.3214,14.082315726346678,11.364393622210347,2.7179221041363313,17.36855625604821,30.003941932017,12.174453682465796,26.3296824318105,4334.587870513341,1,0,4323.37591008,1,4355.32,4353.67,4313.9675,4266.225,4313.9675,4266.225,1,0,0,69.63517405996276,91.1703780424654,91.19534882419212,210.8926084382093,-8.829621957534604,61.6556788394835,4344.8155,4381.839743821172,4307.791256178827,1.0713080894282576,-24217.0,-30198.28580670964,4343.887303059586,4393.94,4223.43,4353.69964,4328.80518,4308.6849999999995,4288.56482,4259.91914,0,0,0,0,8.0,0.0,28.75,1,0,0,0,1,0,0,0,0,0,0,2
91219602,XAUUSD.m,BUY,0.01,4385.53,4377.008796696751,4401.822406606498,9.249,2026-08-10T19:36:01.590169+00:00,4401.89,2026-08-11T02:58:21+00:00,WIN,16.36,CLOSED,4387.16,4387.56,4384.3,4385.28,168,4383.756789580998,4377.800143410254,4366.767910906062,4348.232398991565,4383.172,4376.647999999999,4365.134800000001,4346.22005,6.987809135634961,6.52323307617044,0.4645760594645214,4.1356016516244765,39.97231448770478,13.793742669841217,34.41667714216691,4377.194492751319,1,0,4382.524442689379,1,4385.1,4375.825,4356.1475,4340.68,4356.1475,4340.68,1,0,0,68.26752881631987,69.92011114970522,81.2809677188448,82.36119887956822,-30.079888850294775,81.8719300169758,4376.647999999999,4394.999988390808,4358.296011609191,0.7351788758847476,13127.0,10236.162361324456,4376.536769711053,4393.94,4347.88,4383.06984,4376.34508,4370.91,4365.47492,4357.73684,0,0,0,0,5.0,3.0,2.509999999999309,0,0,0,0,0,0,0,0,0,0,0,0,2026-08-10 22:00:00+00:00,4378.55,4393.94,4378.55,4385.28,5593,4359.918796842512,4347.583694251209,4315.924812811328,4191.630663799196,4350.543,4344.7235,4315.225,4156.3122,13.93553509956655,11.335037496854323,2.6004976027122275,17.36855625604821,30.003941932017,12.174453682465796,26.3296824318105,4334.587870513341,1,0,4323.37591008,1,4355.32,4353.67,4313.9675,4266.225,4313.9675,4266.225,1,0,0,69.18730305118314,88.78819264629742,90.40128702546946,208.55306843023195,-11.211807353702588,61.71402144083407,4344.7235,4381.311707059008,4308.135292940992,1.0542291254473335,-24053.0,-30182.666759090593,4343.910707042186,4393.94,4223.43,4353.69964,4328.80518,4308.6849999999995,4288.56482,4259.91914,0,0,0,0,8.0,0.0,26.909999999999854,1,0,0,0,1,0,0,0,0,0,0,2
91219692,XAUUSD.m,BUY,0.01,4387.88,4379.408796696751,4404.282406606498,9.099,2026-08-10T19:38:01.565398+00:00,4404.3,2026-08-11T03:04:54+00:00,WIN,16.42,CLOSED,4387.16,4387.7,4384.3,4387.7,483,4384.240789580997,4378.030619600731,4366.862812866846,4348.256478593555,4383.414,4376.768999999999,4365.1832,4346.23215,7.1808575686836775,6.561842762780183,0.6190148059034941,4.1456016516244345,39.87589346647165,13.760469471331229,34.41667714216691,4377.194492751319,1,0,4382.524442689379,1,4385.1,4375.825,4356.1475,4340.68,4356.1475,4340.68,1,0,0,73.11105895149058,78.32580757207437,84.08286652630119,89.10253478219327,-21.674192427925632,79.40953573103411,4376.768999999999,4395.390555025844,4358.1474449741545,0.793503952404334,13778.0,10298.162361324456,4376.764296408561,4393.94,4347.88,4383.06984,4376.34508,4370.91,4365.47492,4357.73684,0,0,0,1,5.0,3.0,4.9299999999993815,0,0,0,0,0,0,0,0,0,0,1,0,2026-08-10 22:00:00+00:00,4378.55,4393.94,4378.55,4387.7,5908,4360.4027968425125,4347.814170441685,4316.019714772112,4191.654743401185,4350.785000000001,4344.8445,4315.2734,4156.3243,14.128583532615266,11.373647183464065,2.754936349151201,17.36855625604821,30.003941932017,12.174453682465796,26.3296824318105,4334.587870513341,1,0,4323.37591008,1,4355.32,4353.67,4313.9675,4266.225,4313.9675,4266.225,1,0,0,69.77366421821556,91.92128430864862,91.44565091291986,211.62739539743637,-8.078715691351372,61.82648821292576,4344.8445,4382.008906557084,4307.680093442917,1.0765664512115205,-23738.0,-30152.666759090593,4344.028659388475,4393.94,4223.43,4353.69964,4328.80518,4308.6849999999995,4288.56482,4259.91914,0,0,0,0,8.0,0.0,29.329999999999927,1,0,0,0,1,0,0,0,0,0,0,2
91219716,XAUUSD.m,BUY,0.01,4388.09,4379.564510982465,4404.570978035069,9.109,2026-08-10T19:39:01.602482+00:00,4404.59,2026-08-11T03:05:22+00:00,WIN,16.5,CLOSED,4387.16,4388.01,4384.3,4387.9,650,4384.280789580998,4378.049667219779,4366.870656004101,4348.2584686433065,4383.433999999999,4376.7789999999995,4365.1872,4346.233149999999,7.196811984638771,6.5650336459712015,0.6317783386675693,4.167744508767321,39.66403637911527,13.687361316769026,34.41667714216691,4377.194492751319,1,0,4382.524442689379,1,4385.1,4375.825,4356.1475,4340.68,4356.1475,4340.68,1,0,0,73.28892155458175,79.02049322681496,84.31442841121473,90.43925399077703,-20.979506773185033,78.16315418920101,4376.7789999999995,4395.425469286268,4358.132530713731,0.7982065888524507,13945.0,10314.067123229219,4376.883311312402,4393.94,4347.88,4383.06984,4376.34508,4370.91,4365.47492,4357.73684,0,0,0,1,5.0,3.0,5.1299999999992,0,0,0,0,0,0,0,0,0,0,1,0,2026-08-10 22:00:00+00:00,4378.55,4393.94,4378.55,4387.9,6075,4360.442796842512,4347.833218060732,4316.027557909367,4191.656733450937,4350.805,4344.8544999999995,4315.2774,4156.3253,14.14453794856945,11.376838066654901,2.767699881914549,17.36855625604821,30.003941932017,12.174453682465796,26.3296824318105,4334.587870513341,1,0,4323.37591008,1,4355.32,4353.67,4313.9675,4266.225,4313.9675,4266.225,1,0,0,69.82112699417057,92.18021750388402,91.53196197799832,211.88047387948504,-7.819782496115977,61.885685643952996,4344.8544999999995,4382.067535336434,4307.641464663565,1.0783658818856834,-23571.0,-30136.76199718583,4344.077989579037,4393.94,4223.43,4353.69964,4328.80518,4308.6849999999995,4288.56482,4259.91914,0,0,0,0,8.0,0.0,29.529999999999745,1,0,0,0,1,0,0,0,0,0,0,2
91219985,XAUUSD.m,BUY,0.01,4388.46,4380.470660818928,4403.778678362143,12.705,2026-08-10T19:45:01.580045+00:00,4403.97,2026-08-11T03:04:36+00:00,WIN,15.51,CLOSED,4388.22,4388.26,4388.22,4388.24,4,4385.699705331839,4379.894806955086,4368.51290025335,4349.3713968019865,4385.543,4379.2325,4366.7496,4346.93075,6.985999661254937,6.738393950080334,0.24760571117460284,3.884669590535921,39.970458349610986,12.661855914323947,36.8231137982534,4377.194492751623,1,0,4384.3,1,4386.9349999999995,4375.825,4357.6475,4341.09,4357.6475,4341.09,1,0,0,73.6113884328471,72.08619000979407,74.33232895350237,91.58557060654512,-27.913809990205934,74.81356776171071,4379.2325,4396.704403309738,4361.760596690262,0.7577710006836896,13852.0,10140.438491292136,4378.998325579209,4393.94,4348.45,4383.20436,4376.56282,4371.195,4365.827179999999,4358.184859999999,0,0,1,1,4.0,4.0,-2.360000000000582,0,0,0,0,0,0,0,0,0,0,0,2,2026-08-10 22:00:00+00:00,4378.55,4393.94,4378.55,4388.24,6994,4360.510796842512,4347.865599013114,4316.0408912427,4191.660116535514,4350.839,4344.871499999999,4315.2842,4156.327,14.17166045569138,11.382262568079287,2.7893978876120933,17.36855625604821,30.003941932017,12.174453682465796,26.3296824318105,4334.587870513341,1,0,4323.37591008,1,4355.32,4353.67,4313.9675,4266.225,4313.9675,4266.225,1,0,0,69.90147253948491,92.62040393578478,91.67869078863191,212.31035912499212,-7.379596064215217,62.208082403284706,4344.871499999999,4382.167551025659,4307.575448974339,1.0814087390936213,-22652.0,-30049.23818766202,4344.338589740253,4393.94,4223.43,4353.69964,4328.80518,4308.6849999999995,4288.56482,4259.91914,0,0,0,0,8.0,0.0,29.86999999999989,1,0,0,0,1,0,0,0,0,0,0,2
91220037,XAUUSD.m,BUY,0.01,4388.0,4379.854946533214,4403.720106933572,10.145,2026-08-10T19:46:01.607156+00:00,4403.97,2026-08-11T03:04:36+00:00,WIN,15.97,CLOSED,4388.22,4388.72,4387.36,4387.81,155,4385.61370533184,4379.853854574133,4368.496037508253,4349.367118195021,4385.5,4379.211,4366.741,4346.9286,6.951697666952896,6.7315335512199255,0.22016411573297034,3.977526733393077,39.03733009936548,12.36625921761234,36.8231137982534,4377.194492751623,1,0,4384.3,1,4386.9349999999995,4375.825,4357.6475,4341.09,4357.6475,4341.09,1,0,0,72.49826245576035,69.98041136141308,73.63040273737538,89.15970310576976,-30.019588638586928,73.69164552852317,4379.211,4396.637231769545,4361.7847682304555,0.7467257440885282,13693.0,10125.295634149279,4379.09266954965,4393.94,4348.45,4383.20436,4376.56282,4371.195,4365.827179999999,4358.184859999999,0,0,1,0,4.0,4.0,-2.7899999999999636,0,0,0,0,0,0,0,0,0,0,-1,0,2026-08-10 22:00:00+00:00,4378.55,4393.94,4378.55,4387.81,7145,4360.4247968425125,4347.824646632161,4316.024028497603,4191.655837928549,4350.796,4344.85,4315.2756,4156.324850000001,14.13735846138934,11.37540216921888,2.76195629217046,17.36855625604821,30.003941932017,12.174453682465796,26.3296824318105,4334.587870513341,1,0,4323.37591008,1,4355.32,4353.67,4313.9675,4266.225,4313.9675,4266.225,1,0,0,69.7997872037694,92.06369756602898,91.4931219987133,211.76660734875287,-7.936302433971021,62.26044421555975,4344.85,4382.041133634994,4307.658866365006,1.0775570115934565,-22501.0,-30034.85723528107,4344.373718454575,4393.94,4223.43,4353.69964,4328.80518,4308.6849999999995,4288.56482,4259.91914,0,0,0,0,8.0,0.0,29.44000000000051,1,0,0,0,1,0,0,0,0,0,0,2
91220088,XAUUSD.m,BUY,0.01,4389.31,4381.000660818928,4405.2086783621435,12.78,2026-08-10T19:47:01.592861+00:00,4405.6,2026-08-11T03:09:34+00:00,WIN,16.29,CLOSED,4388.22,4389.52,4387.36,4389.07,263,4385.865705331839,4379.973854574133,4368.545449272959,4349.379655508454,4385.626,4379.273999999999,4366.7662,4346.9349,7.052210487466255,6.751636115322597,0.30057437214365734,4.034669590535947,38.48444602123932,12.191116404054252,36.8231137982534,4377.194492751623,1,0,4384.3,1,4386.9349999999995,4375.825,4357.6475,4341.09,4357.6475,4341.09,1,0,0,74.41606412837743,76.15083251713962,75.68720978928421,95.16607962325645,-23.849167482860384,72.90933615334086,4379.273999999999,4396.83967873654,4361.708321263459,0.7788392110241201,14111.0,10165.105157958802,4379.171494404061,4393.94,4348.45,4383.20436,4376.56282,4371.195,4365.827179999999,4358.184859999999,0,0,1,1,4.0,4.0,-1.5300000000006548,0,0,0,0,0,0,0,0,0,0,0,2,2026-08-10 22:00:00+00:00,4378.55,4393.94,4378.55,4389.07,7253,4360.676796842512,4347.944646632161,4316.073440262308,4191.668375241981,4350.9220000000005,4344.913,4315.3008,4156.331150000001,14.237871281902699,11.395504733321552,2.842366548581147,17.36855625604821,30.003941932017,12.174453682465796,26.3296824318105,4334.587870513341,1,0,4323.37591008,1,4355.32,4353.67,4313.9675,4266.225,4313.9675,4266.225,1,0,0,70.09582488566637,93.69497669601255,92.03688170870782,213.35794708044313,-6.305023303987448,62.29810306101768,4344.913,4382.413524684092,4307.412475315907,1.088751762435085,-22393.0,-30024.571520995356,4344.423246528567,4393.94,4223.43,4353.69964,4328.80518,4308.6849999999995,4288.56482,4259.91914,0,0,0,0,8.0,0.0,30.699999999999818,1,0,0,0,1,0,0,0,0,0,0,2
91220137,XAUUSD.m,BUY,0.01,4390.58,4382.0763751046425,4406.777249790715,9.909,2026-08-10T19:48:01.611943+00:00,4407.06,2026-08-11T03:10:18+00:00,WIN,16.48,CLOSED,4388.22,4390.67,4387.36,4390.31,395,4386.11370533184,4380.091949812228,4368.594076723939,4349.391993816912,4385.75,4379.336,4366.791,4346.9411,7.151127866382922,6.771419591105931,0.37970827527699047,4.116812447678778,37.71656495016306,11.947866767128362,36.8231137982534,4377.194492751623,1,0,4384.3,1,4386.9349999999995,4375.825,4357.6475,4341.09,4357.6475,4341.09,1,0,0,75.53078951830666,82.22331047992483,77.71136911021262,102.07441074498502,-17.776689520075163,75.80793884087683,4379.336,4397.05534345943,4361.61665654057,0.8096615860831989,14243.0,10177.676586530231,4379.2789133566575,4393.94,4348.45,4383.20436,4376.56282,4371.195,4365.827179999999,4358.184859999999,0,0,1,1,4.0,4.0,-0.2899999999999636,0,0,0,0,0,0,0,0,0,0,0,2,2026-08-10 22:00:00+00:00,4378.55,4393.94,4378.55,4390.31,7385,4360.9247968425125,4348.062741870256,4316.122067713289,4191.68071355044,4351.046,4344.975,4315.3256,4156.337350000001,14.336788660819366,11.415288209104885,2.921500451714481,17.36855625604821,30.003941932017,12.174453682465796,26.3296824318105,4334.587870513341,1,0,4323.37591008,1,4355.32,4353.67,4313.9675,4266.225,4313.9675,4266.225,1,0,0,70.38155133178384,95.30036250647436,92.5720103121951,214.91817810579343,-4.699637493525647,62.343980169039334,4344.975,4382.785732255375,4307.164267744626,1.0994991011256647,-22261.0,-30012.000092423925,4344.479693144426,4393.94,4223.43,4353.69964,4328.80518,4308.6849999999995,4288.56482,4259.91914,0,0,0,0,8.0,0.0,31.94000000000051,1,0,0,0,1,0,0,0,0,0,0,2
91220260,XAUUSD.m,BUY,0.01,4393.88,4384.9092322475,4411.041535505001,9.85,2026-08-10T19:49:01.615412+00:00,4411.11,2026-08-11T03:23:48+00:00,WIN,17.23,CLOSED,4388.22,4394.01,4387.36,4393.62,571,4386.775705331839,4380.407187907466,4368.723880645507,4349.424929140295,4386.081,4379.5015,4366.8572,4346.95765,7.415173450429393,6.824228707915225,0.5909447425141678,4.355383876250217,41.04621524760535,11.293407889563449,37.17740281789827,4377.246824194339,1,0,4384.3,1,4386.97,4375.860000000001,4357.6475,4341.09,4357.6475,4341.09,1,0,0,78.08021926827529,98.09663250365871,83.00247645145724,120.96312844161983,-1.903367496341296,76.21480138459955,4379.5015,4397.707560616168,4361.295439383833,0.887741760770088,14419.0,10194.438491292136,4379.486006236019,4394.01,4348.45,4383.25784,4376.6060800000005,4371.23,4365.85392,4358.19984,0,0,1,0,5.0,3.0,3.019999999999527,0,0,0,0,0,0,0,0,0,1,0,2,2026-08-10 22:00:00+00:00,4378.55,4394.01,4378.55,4393.62,7561,4361.586796842512,4348.377979965494,4316.251871634857,4191.713648873822,4351.377,4345.1404999999995,4315.3918,4156.3539,14.600834244865837,11.46809732591418,3.1327369189516574,17.37355625604825,30.02408635640456,12.170949951421,26.33249485908054,4334.601870513342,1,0,4323.37591008,1,4355.355,4353.705,4313.9675,4266.225,4313.9675,4266.225,1,0,0,71.11818142419645,99.49553744664296,93.97040195891798,219.14185859066532,-0.5044625533570372,62.40533097841376,4345.1404999999995,4383.806057895519,4306.47494210448,1.1269080628682444,-22085.0,-29995.23818766202,4344.584116992426,4394.01,4223.43,4353.75312,4328.848440000001,4308.72,4288.59156,4259.93412,0,0,0,0,8.0,0.0,35.25,1,0,0,0,1,0,0,0,0,0,0,2
91220531,XAUUSD.m,BUY,0.01,4394.89,4386.083163923487,4412.023672153025,9.95,2026-08-10T19:52:01.601419+00:00,4386.06,2026-08-10T23:08:08+00:00,LOSS,-8.83,CLOSED,4393.99,4395.16,4392.06,4394.73,385,4388.420964265471,4381.800562304509,4369.7573655060805,4350.3297070570425,4387.584,4381.103,4367.7562,4347.33265,7.669593401868951,6.997640800273539,0.6719526015954127,4.323418038256257,40.193429069679325,10.56427114799132,38.76739526654232,4380.350741773394,1,0,4386.416,1,4387.9,4376.4349999999995,4357.7,4341.09,4357.7,4341.09,1,0,0,78.85829114051401,98.01293900184703,88.53204217362526,135.54601271498365,-1.9870609981529694,75.7027035978624,4381.103,4398.836610194431,4363.369389805569,0.8842139262844179,14499.0,10195.832104714309,4380.664997620181,4395.16,4348.45,4384.13644,4377.31678,4371.805,4366.29322,4358.44594,0,0,0,0,6.0,2.0,7.569999999999709,1,0,0,0,0,0,0,0,0,1,1,2,2026-08-10 22:00:00+00:00,4378.55,4395.16,4378.55,4394.73,8108,4361.808796842512,4348.483694251208,4316.295401046622,4191.724693649942,4351.488,4345.196,4315.414,4156.35945,14.689381253412648,11.485806727623542,3.203574525789106,17.45569911319108,30.353378322346003,12.113676014887766,26.378155866712923,4334.831870513341,1,0,4323.37591008,1,4355.93,4354.28,4313.9675,4266.225,4313.9675,4266.225,1,0,0,71.35707228796493,99.45195003823568,93.95587282278221,221.9423785396117,-0.5480499617643269,62.59320272402937,4345.196,4384.156615687386,4306.235384312614,1.1356932395197858,-21538.0,-29943.142949566783,4344.779553752535,4395.16,4223.43,4354.63172,4329.55914,4309.295,4289.03086,4260.18022,0,0,0,0,8.0,0.0,36.35999999999967,1,0,0,0,1,0,0,0,0,0,0,2
91220749,XAUUSD.m,BUY,0.01,4390.02,4381.140080071598,4406.939839856803,11.829,2026-08-10T19:56:01.563470+00:00,4407.06,2026-08-11T03:10:18+00:00,WIN,17.04,CLOSED,4392.48,4392.63,4389.35,4389.74,211,4388.335971412378,4382.36885342065,4370.458182252992,4350.330561627869,4388.15,4382.326,4368.4648,4347.65,7.227943488418532,7.015877203778958,0.21206628463957422,4.299959964200699,37.52607948143088,13.085817043541587,39.44755705691062,4379.734741771712,1,0,4387.36,1,4388.215,4376.4349999999995,4357.79,4341.09,4357.79,4341.09,1,0,0,68.16959426820294,73.12840852751584,85.5867647570255,95.17834474357268,-26.871591472484152,81.13851195891988,4382.326,4397.951204200828,4366.700795799172,0.7372448994812749,13764.0,11102.814080578755,4382.033150712831,4395.16,4349.8,4384.45504,4377.83248,4372.48,4367.12752,4359.50704,0,0,1,0,6.0,2.0,1.8400000000001455,0,0,0,0,0,0,0,0,0,0,0,0,2026-08-10 22:00:00+00:00,4378.55,4395.16,4378.55,4389.74,8821,4360.810796842512,4348.008456155971,4316.099714772112,4191.675041908648,4350.989,4344.9465,4315.3142,4156.3345,14.291318575349578,11.406194192010927,2.885124383338651,17.45569911319108,30.353378322346003,12.113676014887766,26.378155866712923,4334.831870513341,1,0,4323.37591008,1,4355.93,4354.28,4313.9675,4266.225,4313.9675,4266.225,1,0,0,70.25089039894681,93.09202141218447,91.83589661409847,215.7337340026628,-6.907978587815537,62.83359368763949,4344.9465,4382.613940232747,4307.279059767253,1.094591771078957,-20825.0,-29875.23818766202,4344.890148581595,4395.16,4223.43,4354.63172,4329.55914,4309.295,4289.03086,4260.18022,0,0,0,0,8.0,0.0,31.36999999999989,1,0,0,0,1,0,0,0,0,0,0,2
91220776,XAUUSD.m,BUY,0.01,4388.6,4379.594365785884,4406.041268428231,13.169,2026-08-10T19:57:01.621718+00:00,4406.12,2026-08-11T03:09:34+00:00,WIN,17.52,CLOSED,4392.48,4392.63,4387.84,4388.41,381,4388.0699714123775,4382.242186753984,4370.406025390247,4350.317327797024,4388.017,4382.2595,4368.4382000000005,4347.64335,7.121846622321755,6.9946578305596026,0.12718879176215214,4.407817107057857,36.60783455039304,15.212564868998696,38.947399157901174,4379.734741771712,1,0,4387.36,1,4388.215,4376.4349999999995,4357.79,4341.09,4357.79,4341.09,1,0,0,65.43336243399926,66.53445711452665,83.38878095269577,86.01911782665871,-33.465542885473354,79.80774978444578,4382.2595,4397.762691488128,4366.756308511872,0.6983623825039356,13594.0,11086.623604388278,4382.106382326621,4395.16,4349.8,4384.45504,4377.83248,4372.48,4367.12752,4359.50704,0,0,1,0,6.0,2.0,0.5100000000002183,0,0,0,0,0,0,0,0,0,0,0,0,2026-08-10 22:00:00+00:00,4378.55,4395.16,4378.55,4388.41,8991,4360.544796842512,4347.881789489304,4316.047557909367,4191.661808077803,4350.856000000001,4344.879999999999,4315.2876,4156.327850000001,14.1852217092528,11.384974818791573,2.800246890461228,17.45569911319108,30.353378322346003,12.113676014887766,26.378155866712923,4334.831870513341,1,0,4323.37591008,1,4355.93,4354.28,4313.9675,4266.225,4313.9675,4266.225,1,0,0,69.94148509679232,91.39689013510069,91.27085285507054,214.06328411383552,-8.603109864899308,62.89039554852129,4344.879999999999,4382.217721859904,4307.542278140095,1.082922548988533,-20655.0,-29859.047711471547,4344.911419083405,4395.16,4223.43,4354.63172,4329.55914,4309.295,4289.03086,4260.18022,0,0,0,0,8.0,0.0,30.039999999999964,1,0,0,0,1,0,0,0,0,0,0,2
91220836,XAUUSD.m,BUY,0.01,4388.4,4379.344365785884,4405.791268428231,13.131,2026-08-10T19:58:01.604024+00:00,4406.12,2026-08-11T03:09:34+00:00,WIN,17.72,CLOSED,4392.48,4392.63,4387.84,4388.16,554,4388.019971412377,4382.218377230174,4370.396221468678,4350.314840234834,4387.992,4382.247,4368.4332,4347.6421,7.101903602379025,6.990669226571057,0.11123437580796836,4.407817107057857,36.60783455039304,15.212564868998696,38.947399157901174,4379.734741771712,1,0,4387.36,1,4388.215,4376.4349999999995,4357.79,4341.09,4357.79,4341.09,1,0,0,64.94337448283505,65.29499256321282,82.97562610225783,85.20523567869365,-34.705007436787184,78.49731547019655,4382.247,4397.729700838838,4366.764299161163,0.6909550556310933,13421.0,11070.147413912087,4382.189633339968,4395.16,4349.8,4384.45504,4377.83248,4372.48,4367.12752,4359.50704,0,0,1,0,6.0,2.0,0.2600000000002183,0,0,0,0,0,0,0,0,0,0,0,0,2026-08-10 22:00:00+00:00,4378.55,4395.16,4378.55,4388.16,9164,4360.494796842512,4347.857979965494,4316.037753987798,4191.659320515613,4350.831,4344.867499999999,4315.2826000000005,4156.3266,14.165278689310071,11.380986214803027,2.784292474507044,17.45569911319108,30.353378322346003,12.113676014887766,26.378155866712923,4334.831870513341,1,0,4323.37591008,1,4355.93,4354.28,4313.9675,4266.225,4313.9675,4266.225,1,0,0,69.88260621748438,91.07825643640072,91.16464162217055,213.74854754816036,-8.921743563599282,62.94826689682276,4344.867499999999,4382.143978755703,4307.591021244296,1.0806946021340136,-20482.0,-29842.571520995356,4344.953651400634,4395.16,4223.43,4354.63172,4329.55914,4309.295,4289.03086,4260.18022,0,0,0,0,8.0,0.0,29.789999999999964,1,0,0,0,1,0,0,0,0,0,0,2
91220893,XAUUSD.m,BUY,0.01,4388.19,4378.754365785884,4405.351268428231,12.31,2026-08-10T19:59:01.636474+00:00,4405.6,2026-08-11T03:09:34+00:00,WIN,17.41,CLOSED,4392.48,4392.63,4387.49,4387.62,751,4387.911971412378,4382.166948658746,4370.37504499809,4350.3094671005065,4387.938,4382.22,4368.4223999999995,4347.6394,7.058826679302001,6.982053841955652,0.07677283734634877,4.4328171070578835,36.40137535262834,15.690745183476885,38.83813860281794,4379.734741771712,1,0,4387.36,1,4388.215,4376.4349999999995,4357.79,4341.09,4357.79,4341.09,1,0,0,63.90964636739681,62.61774913237513,82.08321162531193,82.29769550855139,-37.38225086762487,77.0568338410471,4382.22,4397.661111222683,4366.778888777318,0.6748578817328631,13224.0,11051.385509150183,4382.269913774286,4395.16,4349.8,4384.45504,4377.83248,4372.48,4367.12752,4359.50704,0,0,1,0,6.0,2.0,-0.27999999999974534,0,0,0,0,0,0,0,0,0,0,0,0,2026-08-10 22:00:00+00:00,4378.55,4395.16,4378.55,4387.62,9361,4360.386796842512,4347.8065513940655,4316.01657751721,4191.653947381285,4350.777,4344.8405,4315.2717999999995,4156.3239,14.122201766233047,11.372370830187622,2.7498309360454254,17.45569911319108,30.353378322346003,12.113676014887766,26.378155866712923,4334.831870513341,1,0,4323.37591008,1,4355.93,4354.28,4313.9675,4266.225,4313.9675,4266.225,1,0,0,69.75463728007672,90.39000764720882,90.93522535910658,213.06791241808307,-9.609992352791181,63.01388407514338,4344.8405,4381.985497523973,4307.695502476027,1.0758447011928085,-20285.0,-29823.80961623345,4344.9962984204285,4395.16,4223.43,4354.63172,4329.55914,4309.295,4289.03086,4260.18022,0,0,0,0,8.0,0.0,29.25,1,0,0,0,1,0,0,0,0,0,0,2
91221581,XAUUSD.m,BUY,0.01,4390.93,4380.887626404271,4406.514747191459,10.763,2026-08-10T20:01:01.600038+00:00,4406.52,2026-08-11T03:10:17+00:00,WIN,15.59,CLOSED,4388.27,4389.66,4387.49,4389.43,158,4388.316377129902,4382.912953546586,4371.145491590003,4350.408593046046,4388.744000000001,4383.5025,4369.0832,4347.9724,6.819301576827456,6.957544708900047,-0.1382431320725903,4.271186797864704,35.08038550374432,15.121334964549478,38.903821719197985,4379.7347417744095,1,0,4387.49,1,4388.860000000001,4376.4349999999995,4358.66,4341.09,4358.66,4341.09,1,0,0,66.40129273336981,69.6825396825414,74.45424711088599,69.32798693998396,-30.31746031745859,72.97514460872739,4383.5025,4396.813558916384,4370.191441083615,0.7226532102830915,13857.0,11894.877138176938,4383.177748522419,4395.16,4349.8,4384.45504,4377.83248,4372.48,4367.12752,4359.50704,0,0,1,0,4.0,3.0,1.230000000000473,0,1,0,0,0,0,0,0,0,0,0,1,2026-08-10 23:00:00+00:00,4388.27,4389.66,4387.49,4389.43,158,4366.29623747401,4351.8249750671785,4318.918173915799,4193.02927313,4356.212,4347.729,4318.2444,4158.1381,15.77304407106385,12.260547098741714,3.512496972322136,16.363862259802865,30.06587057711019,11.99893471298462,27.56188056196119,4341.103183467099,1,0,4329.1186372736,1,4355.93,4354.28,4316.995,4277.455,4316.995,4277.455,1,0,0,70.20033846278974,92.69691562579715,92.37655228830765,180.28352376456613,-7.303084374202856,60.50913072062002,4347.729,4389.459855377403,4305.9981446225975,0.9996422865391473,-11928.0,-20847.832289143687,4345.581559610705,4395.16,4229.65,4356.099639999999,4331.9351799999995,4312.405,4292.87482,4265.06914,0,0,0,1,7.0,1.0,32.67000000000007,1,0,0,0,0,0,0,0,0,0,0,2
91222587,XAUUSD.m,BUY,0.01,4392.43,4383.5712156096115,4406.127568780777,9.651,2026-08-10T20:31:01.580981+00:00,4406.27,2026-08-11T03:09:35+00:00,WIN,13.84,CLOSED,4390.4,4391.43,4390.4,4391.09,72,4389.015013550342,4385.611322582392,4374.887644214402,4351.735096776446,4389.548,4387.058,4372.4,4349.8268,4.977109147301235,5.746806697598599,-0.769697550297364,3.7593921951942564,33.14412014235486,18.26365251442534,35.73153498754654,4380.068266390671,1,0,4393.220250973225,-1,4390.25,4379.785,4359.5824999999995,4343.625,4359.5824999999995,4343.625,1,0,0,65.02325445128949,62.523020257828435,57.39648231456223,81.25234949787713,-37.476979742171565,52.65410954238323,4387.058,4395.356120522895,4378.759879477105,0.7429465798234373,15792.0,14775.973189212786,4386.692168733284,4395.16,4349.8,4384.45504,4377.83248,4372.48,4367.12752,4359.50704,0,0,1,0,6.0,2.0,2.3900000000003274,1,0,0,0,0,0,0,0,0,0,0,0,2026-08-10 23:00:00+00:00,4388.27,4391.43,4385.34,4391.09,2131,4366.62823747401,4351.983070305274,4318.983271955015,4193.045790542935,4356.378000000001,4347.812,4318.2776,4158.1464000000005,15.905465723484667,12.287031429225879,3.6184342942587886,16.64386225980287,29.560071885064854,11.797076414280125,27.561880561961193,4339.737183467099,1,0,4329.1186372736,1,4355.93,4354.28,4316.995,4277.455,4316.995,4277.455,1,0,0,70.60769299610303,94.81264338516479,93.08179487476353,181.75505199960233,-5.1873566148352115,61.244839394218005,4347.812,4389.897178088494,4305.726821911506,1.0141715203033945,-9955.0,-20659.927527238924,4346.1571339642815,4395.16,4229.65,4356.099639999999,4331.9351799999995,4312.405,4292.87482,4265.06914,0,0,0,1,7.0,1.0,34.32999999999993,1,0,0,0,0,0,0,0,0,0,0,2
91222675,XAUUSD.m,BUY,0.01,4391.94,4383.089787038183,4405.830425923634,9.15,2026-08-10T20:34:01.572755+00:00,4406.12,2026-08-11T03:09:34+00:00,WIN,14.18,CLOSED,4390.4,4391.43,4389.97,4390.67,230,4388.931013550342,4385.571322582391,4374.871173626167,4351.730917671968,4389.505999999999,4387.037,4372.3916,4349.8247,4.9436048737979945,5.740105842897951,-0.7965009690999567,3.7901064809084977,32.87552663952657,18.115647426879825,35.73153498754654,4379.734741779104,1,0,4393.220250973225,-1,4390.25,4379.785,4359.5824999999995,4343.625,4359.5824999999995,4343.625,1,0,0,64.51313727615423,58.65561694291053,56.107347876256256,76.05956703312715,-41.34438305708947,53.57052888303778,4387.037,4395.29418213703,4378.779817862971,0.7199903029695588,15950.0,14791.020808260404,4386.741081059454,4395.16,4349.8,4384.45504,4377.83248,4372.48,4367.12752,4359.50704,0,0,1,0,6.0,2.0,1.9700000000002547,1,0,0,0,0,0,0,0,0,0,0,0,2026-08-10 23:00:00+00:00,4388.27,4391.43,4385.34,4390.67,2289,4366.5442374740105,4351.943070305274,4318.96680136678,4193.041611438457,4356.336,4347.790999999999,4318.269200000001,4158.1443,15.871961449980518,12.280330574525049,3.5916308754554684,16.64386225980287,29.560071885064854,11.797076414280125,27.561880561961193,4339.737183467099,1,0,4329.1186372736,1,4355.93,4354.28,4316.995,4277.455,4316.995,4277.455,1,0,0,70.50568346258146,94.27733877134874,92.9033600034915,181.2726985630801,-5.722661228651261,61.3025449303658,4347.790999999999,4389.785572531562,4305.796427468436,1.010530259211154,-9797.0,-20644.879908191306,4346.2004010900055,4395.16,4229.65,4356.099639999999,4331.9351799999995,4312.405,4292.87482,4265.06914,0,0,0,1,7.0,1.0,33.909999999999854,1,0,0,0,0,0,0,0,0,0,0,2
91226123,XAUUSD.m,BUY,0.01,4397.08,4390.802218543445,4405.195562913113,9.336,2026-08-10T22:46:01.561111+00:00,4405.6,2026-08-11T03:09:34+00:00,WIN,8.52,CLOSED,4394.54,4395.64,4394.44,4395.6,64,4392.788304145282,4390.579068586768,4382.383983784812,4359.422815383129,4392.129,4390.7375,4382.528,4354.16155,3.054993823380755,3.175608029603007,-0.12061420622225194,2.3988907282780283,31.010906044019247,11.422341936076759,33.471172911975735,4388.712832948528,1,0,4388.421451197158,1,4392.255,4390.49,4380.4625,4370.605,4380.4625,4370.605,1,0,0,70.81772150041373,99.47712418300705,94.3821586569609,200.30299038335457,-0.5228758169929512,74.77664786928224,4390.7375,4394.817679949797,4386.657320050203,1.095868326866616,14853.0,13553.263231445722,4390.456765607048,4395.64,4357.71,4386.688520000001,4381.15074,4376.675,4372.19926,4365.82702,0,0,0,0,8.0,0.0,4.230000000000473,1,0,0,0,1,0,0,0,0,0,0,2,2026-08-11 01:00:00+00:00,4389.88,4395.64,4387.99,4395.6,2674,4372.228989979209,4356.032800573518,4321.943023060656,4195.46567988153,4362.323,4351.406,4321.221399999999,4159.95325,17.367223263647247,13.28762550794721,4.079597755700037,16.001443066893547,30.429929326131315,11.3942218618686,28.844151460217827,4345.736965122338,1,0,4334.401946291712,1,4356.17,4354.52,4316.995,4277.79,4316.995,4277.79,1,0,0,71.75886466565247,99.94932860400309,94.80424981846426,169.05011229521372,-0.0506713959969133,60.140758231358426,4351.406,4396.583816820149,4306.228183179851,0.9891117268452221,-12969.0,-26060.96843787549,4348.899032751802,4395.64,4229.65,4356.46636,4332.23182,4312.645,4293.05818,4265.1718599999995,0,0,0,0,7.0,1.0,35.400000000000546,0,0,0,0,1,0,0,0,0,0,0,2
91226405,XAUUSD.m,BUY,0.01,4398.21,4391.613647114873,4406.662705770255,9.441,2026-08-10T22:47:01.594781+00:00,4406.72,2026-08-11T03:10:17+00:00,WIN,8.51,CLOSED,4394.54,4397.17,4394.44,4396.63,157,4392.9943041452825,4390.677163824863,4382.424375941675,4359.433064139348,4392.232,4390.789,4382.5486,4354.1667,3.1371590655453474,3.1920410780359254,-0.054882012490578,2.508176442563724,34.01688372683165,10.924650156457115,33.844000688733296,4389.018832948527,1,0,4388.421451197158,1,4393.02,4391.255,4380.4625,4370.605,4380.4625,4370.605,1,0,0,72.44890870692163,94.11764705882412,92.59566628223327,228.2046925223393,-5.8823529411758875,75.43472212693504,4390.789,4395.144322938246,4386.433677061754,1.1705587717397463,14946.0,13562.120374302864,4390.565434305425,4397.17,4357.71,4387.85744,4382.09628,4377.4400000000005,4372.78372,4366.15444,0,0,0,0,8.0,0.0,5.260000000000218,1,0,0,0,1,0,0,0,0,0,0,2,2026-08-11 01:00:00+00:00,4389.88,4397.17,4387.99,4396.63,2767,4372.434989979209,4356.130895811613,4321.983415217519,4195.475928637749,4362.426,4351.4574999999995,4321.241999999999,4159.9583999999995,17.44938850581275,13.30405855638031,4.145329949432439,16.110728781179244,30.901851792815876,11.316930158196032,28.906683414971397,4346.042965122338,1,0,4334.401946291712,1,4356.9349999999995,4355.285,4316.995,4277.79,4316.995,4277.79,1,0,0,72.00456779953295,99.32894246302975,94.59745443813982,171.78336358071488,-0.6710575369702522,60.17696360742296,4351.4574999999995,4396.849278469618,4306.065721530381,0.9975846014739779,-12876.0,-26052.111295018345,4348.944151364897,4397.17,4229.65,4357.63528,4333.17736,4313.41,4293.64264,4265.49928,0,0,0,0,7.0,1.0,36.43000000000029,0,0,0,0,1,0,0,0,0,0,0,2
91226504,XAUUSD.m,BUY,0.01,4399.0,4392.417932829158,4407.664134341683,11.029,2026-08-10T22:48:01.588304+00:00,4407.7,2026-08-11T03:11:32+00:00,WIN,8.7,CLOSED,4394.54,4397.63,4394.44,4397.5,232,4393.1683041452825,4390.76002096772,4382.458493588733,4359.441720855766,4392.3189999999995,4390.8324999999995,4382.566000000001,4354.17105,3.20656077494732,3.20592141991632,0.0006393550310002105,2.5410335854208697,34.87008641174935,10.783387643078884,33.94235811742716,4389.110832948527,1,0,4388.421451197158,1,4393.25,4391.485000000001,4380.4625,4370.605,4380.4625,4370.605,1,0,0,73.69104768612175,98.65145228215658,94.10693469001075,241.99387357283683,-1.34854771784341,75.94101882556507,4390.8324999999995,4395.443342485135,4386.221657514864,1.223024048370265,15021.0,13569.263231445722,4390.661249845393,4397.63,4357.71,4388.20888,4382.3805600000005,4377.67,4372.95944,4366.25288,0,0,0,0,8.0,0.0,6.130000000000109,1,0,0,0,1,0,0,0,0,0,0,2,2026-08-11 01:00:00+00:00,4389.88,4397.63,4387.99,4397.5,2842,4372.608989979208,4356.21375295447,4322.017532864577,4195.484585354167,4362.513000000001,4351.500999999999,4321.2594,4159.96275,17.51879021521472,13.317938898260705,4.200851316954017,16.14358592403639,31.042487692267887,11.293896738442706,28.92509286933306,4346.134965122337,1,0,4334.401946291712,1,4357.165,4355.514999999999,4316.995,4277.79,4316.995,4277.79,1,0,0,72.20879703787514,99.83936735450376,94.76759606863116,173.19737877078134,-0.16063264549624204,60.20606261572364,4351.500999999999,4397.076347860821,4305.925652139177,1.0046478212352028,-12801.0,-26044.96843787549,4348.976450497672,4397.63,4229.65,4357.98672,4333.4616399999995,4313.639999999999,4293.81836,4265.59772,0,0,0,0,7.0,1.0,37.30000000000018,0,0,0,0,1,0,0,0,0,0,0,2
91226542,XAUUSD.m,BUY,0.01,4398.55,4391.957932829158,4407.204134341683,9.468,2026-08-10T22:49:01.597738+00:00,4407.44,2026-08-11T03:10:38+00:00,WIN,8.89,CLOSED,4394.54,4397.63,4394.44,4397.04,312,4393.076304145283,4390.716211443911,4382.440454373047,4359.437143741338,4392.272999999999,4390.8095,4382.5568,4354.16875,3.1698656182525156,3.198582388577359,-0.028716770324843655,2.5410335854208697,34.87008641174935,10.783387643078884,33.94235811742716,4389.110832948527,1,0,4388.421451197158,1,4393.25,4391.485000000001,4380.4625,4370.605,4380.4625,4370.605,1,0,0,73.04857950505951,93.87966804979123,92.51633994588896,237.27697952555437,-6.1203319502087705,76.4583845581638,4390.8095,4395.2828431512735,4386.336156848727,1.196403091525224,15101.0,13576.882279064768,4390.738238269348,4397.63,4357.71,4388.20888,4382.3805600000005,4377.67,4372.95944,4366.25288,0,0,0,0,8.0,0.0,5.670000000000073,1,0,0,0,1,0,0,0,0,0,0,2,2026-08-11 01:00:00+00:00,4389.88,4397.63,4387.99,4397.04,2922,4372.516989979208,4356.169943430661,4321.999493648891,4195.48000823974,4362.467,4351.478,4321.2501999999995,4159.96045,17.482095058519917,13.310599866921743,4.171495191598174,16.14358592403639,31.042487692267887,11.293896738442706,28.92509286933306,4346.134965122337,1,0,4334.401946291712,1,4357.165,4355.514999999999,4316.995,4277.79,4316.995,4277.79,1,0,0,72.10118643740451,99.27097491659441,94.57813192266137,172.70878283190115,-0.7290250834055892,60.236900562907515,4351.478,4396.955965792622,4306.000034207378,1.000923900243924,-12721.0,-26037.34939025644,4348.998629215779,4397.63,4229.65,4357.98672,4333.4616399999995,4313.639999999999,4293.81836,4265.59772,0,0,0,0,7.0,1.0,36.840000000000146,0,0,0,0,1,0,0,0,0,0,0,2
91226744,XAUUSD.m,BUY,0.01,4399.72,4393.109509209002,4408.260981581995,9.543,2026-08-10T22:52:01.584916+00:00,4408.47,2026-08-11T03:11:33+00:00,WIN,8.75,CLOSED,4396.9,4398.81,4396.49,4398.16,171,4394.070643316227,4391.413080193607,4383.051126863465,4359.545544478059,4393.171,4391.2755,4383.313,4354.4843,3.38511791350993,3.2341028726295247,0.1510150408804054,2.52524539549885,35.91952993516006,10.07574926575793,35.53132520347929,4390.722249653999,1,0,4389.710648029556,1,4394.375,4392.075000000001,4381.035,4370.605,4381.035,4370.605,1,0,0,74.68408949914877,93.99260628465333,91.76460164372615,234.8646344063175,-6.00739371534666,81.65295391097366,4391.2755,4396.676534891259,4385.874465108741,1.1373315613218984,15718.0,14135.206415464876,4391.191548683557,4398.81,4357.71,4389.1104000000005,4383.1098,4378.26,4373.4102,4366.5054,0,0,0,0,8.0,0.0,5.430000000000291,1,0,0,0,1,0,0,0,0,0,0,2,2026-08-11 01:00:00+00:00,4389.88,4398.81,4387.99,4398.16,3153,4372.740989979208,4356.276610097328,4322.0434152175185,4195.491152518347,4362.579,4351.534,4321.2726,4159.96605,17.57143978786462,13.328468812790684,4.242970975073936,16.227871638322124,31.400645145676577,11.235237527001754,28.971517574670816,4346.370965122337,1,0,4334.401946291712,1,4357.755,4356.105,4316.995,4277.79,4316.995,4277.79,1,0,0,72.36175282751974,99.20837900377477,94.55726661838816,175.1468943463402,-0.7916209962252357,60.32599862319915,4351.534,4397.25032457487,4305.817675425129,1.0099491312303523,-12490.0,-26015.34939025644,4349.0880959435435,4398.81,4229.65,4358.88824,4334.19088,4314.23,4294.26912,4265.85024,0,0,0,0,7.0,1.0,37.960000000000036,0,0,0,0,1,0,0,0,0,0,0,2
91226784,XAUUSD.m,BUY,0.01,4399.34,4392.829509209002,4407.980981581995,9.506,2026-08-10T22:53:01.597643+00:00,4407.99,2026-08-11T03:11:33+00:00,WIN,8.65,CLOSED,4396.9,4398.81,4396.49,4397.88,212,4394.014643316226,4391.3864135269405,4383.040146471308,4359.542758408407,4393.143,4391.2615,4383.3074,4354.4829,3.362781731173527,3.2296356361622442,0.13314609501128283,2.52524539549885,35.91952993516006,10.07574926575793,35.53132520347929,4390.722249653999,1,0,4389.710648029556,1,4394.375,4392.075000000001,4381.035,4370.605,4381.035,4370.605,1,0,0,74.29761686390837,91.40480591497007,90.90200152049839,232.40800133039986,-8.595194085029926,81.85057896065666,4391.2615,4396.588338798087,4385.934661201913,1.1212408757683214,15759.0,14139.111177369638,4391.238133974241,4398.81,4357.71,4389.1104000000005,4383.1098,4378.26,4373.4102,4366.5054,0,0,0,0,8.0,0.0,5.150000000000546,1,0,0,0,1,0,0,0,0,0,0,2,2026-08-11 01:00:00+00:00,4389.88,4398.81,4387.99,4397.87,3195,4372.682989979208,4356.248991049708,4322.032042668499,4195.488266946208,4362.55,4351.5195,4321.2668,4159.964599999999,17.548305884731235,13.323842032164007,4.224463852567228,16.227871638322124,31.400645145676577,11.235237527001754,28.971517574670816,4346.370965122337,1,0,4334.401946291712,1,4357.755,4356.105,4316.995,4277.79,4316.995,4277.79,1,0,0,72.29475284866984,98.85519425161307,94.4395383676676,174.8401496849597,-1.1448057483869232,60.342092868611495,4351.5195,4397.173698849996,4305.865301150005,1.0076258172034913,-12448.0,-26011.34939025644,4349.09935222719,4398.81,4229.65,4358.88824,4334.19088,4314.23,4294.26912,4265.85024,0,0,0,0,7.0,1.0,37.67000000000007,0,0,0,0,1,0,0,0,0,0,0,2
91226812,XAUUSD.m,BUY,0.01,4400.07,4393.579509209002,4408.730981581995,9.582,2026-08-10T22:54:01.616715+00:00,4408.76,2026-08-11T03:11:41+00:00,WIN,8.69,CLOSED,4396.9,4398.81,4396.49,4398.63,270,4394.164643316226,4391.457842098369,4383.069558236014,4359.550221094974,4393.218,4391.299,4383.3224,4354.48665,3.4226107910026258,3.2416014481280637,0.18100934287456205,2.52524539549885,35.91952993516006,10.07574926575793,35.53132520347929,4390.722249653999,1,0,4389.710648029556,1,4394.375,4392.075000000001,4381.035,4370.605,4381.035,4370.605,1,0,0,75.30732659363302,98.33641404805655,93.21253756486055,238.9554683541558,-1.663585951943445,82.12307868274858,4391.299,4396.82871646763,4385.76928353237,1.162873046286737,15817.0,14144.634986893447,4391.319318334248,4398.81,4357.71,4389.1104000000005,4383.1098,4378.26,4373.4102,4366.5054,0,0,0,0,8.0,0.0,5.900000000000546,1,0,0,0,1,0,0,0,0,0,0,2,2026-08-11 01:00:00+00:00,4389.88,4398.81,4387.99,4398.63,3252,4372.834989979208,4356.321372002089,4322.061846590068,4195.495829135262,4362.626,4351.5575,4321.281999999999,4159.9684,17.608932665357315,13.335967388289223,4.272965277068092,16.227871638322124,31.400645145676577,11.235237527001754,28.971517574670816,4346.370965122337,1,0,4334.401946291712,1,4357.755,4356.105,4316.995,4277.79,4316.995,4277.79,1,0,0,72.46965350569667,99.78078187796822,94.74806757645264,175.64362326926948,-0.21921812203177415,60.36402209802709,4351.5575,4397.375111817236,4305.739888182764,1.0136943866451393,-12391.0,-26005.920818827868,4349.123219023524,4398.81,4229.65,4358.88824,4334.19088,4314.23,4294.26912,4265.85024,0,0,0,0,7.0,1.0,38.43000000000029,0,0,0,0,1,0,0,0,0,0,0,2
91227019,XAUUSD.m,BUY,0.01,4400.87,4394.389034186894,4409.271931626214,9.113,2026-08-10T22:58:01.572646+00:00,4409.27,2026-08-11T03:22:01+00:00,WIN,8.4,CLOSED,4398.95,4399.81,4398.06,4399.35,201,4395.252914652981,4392.237049880279,4383.720032387657,4359.932247592808,4394.129,4391.8125,4384.1038,4354.81935,3.667520990171397,3.330869704047397,0.33665128612399986,2.480482906553425,36.80246230582163,9.524890597276528,37.22740764938894,4392.131824688865,1,0,4391.192144344827,1,4395.07,4392.575000000001,4381.85,4371.38,4381.85,4371.38,1,0,0,76.24161782457355,96.1082910321488,96.11784252059304,213.74543557642107,-3.891708967851204,87.28769870628372,4391.8125,4398.397608799138,4385.227391200862,1.0723140064889534,16484.0,14745.665214591341,4391.771336770392,4399.81,4357.71,4389.874400000001,4383.727800000001,4378.76,4373.7922,4366.7194,0,0,0,0,8.0,0.0,6.260000000000218,1,0,0,0,1,0,0,0,0,0,0,2,2026-08-11 01:00:00+00:00,4389.88,4399.81,4387.99,4399.35,3506,4372.978989979209,4356.38994343066,4322.090081884186,4195.502993314367,4362.698,4351.5935,4321.296399999999,4159.972,17.66636856279365,13.34745456777649,4.3189139950171604,16.299300209750694,31.70126872184918,11.186001243487306,29.009984153615957,4346.570965122337,1,0,4334.401946291712,1,4358.255,4356.605,4316.995,4277.79,4316.995,4277.79,1,0,0,72.63332398982095,99.44651666466125,94.63664583868365,177.45713850732747,-0.5534833353387476,60.461309169547974,4351.5935,4397.567706166446,4305.6192938335535,1.0193836281490238,-12137.0,-25981.730342637395,4349.218265340105,4399.81,4229.65,4359.65224,4334.8088800000005,4314.73,4294.6511199999995,4266.06424,0,0,0,0,7.0,1.0,39.150000000000546,0,0,0,0,1,0,0,0,0,0,0,2
91227117,XAUUSD.m,BUY,0.01,4400.52,4395.525123797798,4409.819752404403,9.661,2026-08-10T23:00:01.589579+00:00,4395.07,2026-08-11T02:16:35+00:00,LOSS,-5.45,CLOSED,4399.46,4400.29,4399.21,4400.29,6,4396.290731722385,4393.020369392293,4384.376836593316,4360.249971004673,4395.107,4392.443499999999,4384.9367999999995,4355.147,3.8842952400791546,3.4439799676153604,0.4403152724637942,2.382438101100713,37.01917262590808,9.208521901860092,38.86546072922363,4393.295042220436,1,0,4392.743358362758,1,4395.655000000001,4392.8150000000005,4382.1675,4371.625,4382.1675,4371.625,1,0,0,77.46201921983652,100.0,99.17786222604146,189.75584855388698,-0.0,87.08878027646898,4392.443499999999,4399.801420973644,4385.085579026355,1.0332008884103367,17010.0,15299.180091846514,4392.287361588393,4400.29,4357.71,4390.24112,4384.02444,4379.0,4373.97556,4366.82212,0,0,0,0,8.0,0.0,5.75,1,0,0,0,1,0,0,0,0,0,0,2,2026-08-11 02:00:00+00:00,4399.46,4400.29,4399.21,4400.29,6,4378.471591983367,4360.587273082612,4325.164312925096,4197.765413507939,4369.498,4355.637,4324.4382000000005,4161.76865,19.00697957704142,14.481784419501027,4.525195157540393,15.212207682675364,31.765889918873967,11.129275489168588,30.374229777618716,4356.829868608643,1,0,4340.942751662541,1,4359.1,4356.844999999999,4318.55,4287.629999999999,4318.55,4287.629999999999,1,0,0,72.85691132936589,100.0,97.64852854336844,166.21549971300405,-0.0,64.24847721492378,4355.637,4403.932846655938,4307.341153344061,0.9622861290548439,-15539.0,-28203.22540938614,4350.708055344182,4400.29,4229.65,4360.01896,4335.10552,4314.969999999999,4294.8344799999995,4266.16696,0,0,0,0,7.0,1.0,21.800000000000182,1,0,0,0,1,0,0,0,0,0,0,2
91227211,XAUUSD.m,BUY,0.01,4400.42,4395.179409512084,4409.971180975831,9.118,2026-08-10T23:01:01.609314+00:00,4395.07,2026-08-11T02:16:35+00:00,LOSS,-5.35,CLOSED,4399.46,4401.45,4399.21,4400.11,136,4396.254731722385,4393.00322653515,4384.369777769786,4360.248179959897,4395.089,4392.4345,4384.9331999999995,4355.146100000001,3.869936265720753,3.44110817274368,0.4288280929770729,2.4652952439578457,39.1359216943149,8.899028823254005,39.06457084210934,4393.527042220436,1,0,4392.743358362758,1,4396.235000000001,4393.395,4382.1675,4371.625,4382.1675,4371.625,1,0,0,77.23481234683133,90.04457652303014,95.85938773371817,195.810958171273,-9.95542347696985,87.50905201564801,4392.4345,4399.7523411399225,4385.116658860078,1.02443745725266,17140.0,15311.561044227466,4392.480724043716,4401.45,4357.71,4391.1273599999995,4384.74132,4379.58,4374.41868,4367.07036,0,0,0,0,8.0,0.0,5.569999999999709,1,0,0,0,1,0,0,0,0,0,0,2,2026-08-11 02:00:00+00:00,4399.46,4401.45,4399.21,4400.11,136,4378.435591983367,4360.570130225469,4325.157254101567,4197.763622463163,4369.4800000000005,4355.628,4324.4346,4161.76775,18.99262060268302,14.478912624629347,4.513707978053672,15.295064825532497,32.13553094172752,11.068985455774087,30.42070377072812,4357.061868608643,1,0,4340.942751662541,1,4359.68,4357.424999999999,4318.55,4287.629999999999,4318.55,4287.629999999999,1,0,0,72.8137525158874,98.41887905604703,97.12148822871745,167.16837100367624,-1.581120943952974,64.2959822574168,4355.628,4403.888864650828,4307.367135349172,0.9608495964777218,-15409.0,-28190.844457005187,4350.755154651736,4401.45,4229.65,4360.9052,4335.8224,4315.549999999999,4295.277599999999,4266.4151999999995,0,0,0,0,7.0,1.0,21.61999999999989,1,0,0,0,1,0,0,0,0,0,0,2
91227277,XAUUSD.m,BUY,0.01,4400.14,4394.899409512084,4409.691180975831,9.075,2026-08-10T23:02:01.581615+00:00,4394.9,2026-08-11T02:16:46+00:00,LOSS,-5.24,CLOSED,4399.46,4401.45,4399.21,4399.83,211,4396.198731722385,4392.9765598684835,4384.358797377629,4360.245393890245,4395.061,4392.4205,4384.927599999999,4355.144700000001,3.8476000833852595,3.4366409362765813,0.4109591471086782,2.4652952439578457,39.1359216943149,8.899028823254005,39.06457084210934,4393.527042220436,1,0,4392.743358362758,1,4396.235000000001,4393.395,4382.1675,4371.625,4382.1675,4371.625,1,0,0,76.87212897602552,87.96433878157588,95.16597515323342,194.09141721012955,-12.035661218424119,87.73928587215795,4392.4205,4399.677329741458,4385.163670258542,1.0105190740296237,17215.0,15318.703901370323,4392.584251944393,4401.45,4357.71,4391.1273599999995,4384.74132,4379.58,4374.41868,4367.07036,0,0,0,0,8.0,0.0,5.289999999999964,1,0,0,0,1,0,0,0,0,0,0,2,2026-08-11 02:00:00+00:00,4399.46,4401.45,4399.21,4399.83,211,4378.3795919833665,4360.543463558803,4325.14627370941,4197.760836393511,4369.451999999999,4355.614,4324.429,4161.76635,18.970284420347525,14.474445388162248,4.495839032185277,15.295064825532497,32.13553094172752,11.068985455774087,30.42070377072812,4357.061868608643,1,0,4340.942751662541,1,4359.68,4357.424999999999,4318.55,4287.629999999999,4318.55,4287.629999999999,1,0,0,72.74634310347787,98.08849557522137,97.01136040177556,166.89633048258352,-1.9115044247786324,64.32332990565631,4355.614,4403.8206649246895,4307.40733507531,0.9586087843773895,-15334.0,-28183.701599862332,4350.782134495447,4401.45,4229.65,4360.9052,4335.8224,4315.549999999999,4295.277599999999,4266.4151999999995,0,0,0,0,7.0,1.0,21.340000000000146,1,0,0,0,1,0,0,0,0,0,0,2
91229648,XAUUSD.m,BUY,0.01,4397.71,4392.623170580129,4406.893658839742,9.15,2026-08-10T23:36:01.571925+00:00,4407.06,2026-08-11T03:10:18+00:00,WIN,9.35,CLOSED,4395.57,4397.43,4395.37,4397.38,101,4396.012263840508,4394.433477990128,4387.160486181494,4362.770168928574,4396.8949999999995,4394.577,4389.460999999999,4356.9976,2.4715017876196725,2.9290310733992113,-0.4575292857795388,2.378414709935537,29.07015504831278,12.173462884500875,38.36699580044563,4392.44704222088,1,0,4400.6163867136,-1,4398.15,4394.835,4384.495,4372.48,4384.495,4372.48,1,0,0,63.65926951585987,58.614051973050564,46.59638533653645,55.59541876476175,-41.385948026949436,68.58404197995648,4394.577,4400.722999469221,4388.43100053078,0.7280345136732834,16839.0,16121.85662908098,4394.74473222606,4401.68,4365.15,4393.05892,4387.72554,4383.415,4379.10446,4372.96742,0,0,1,0,5.0,3.0,2.3400000000001455,0,0,0,0,0,0,0,0,0,0,0,2,2026-08-11 02:00:00+00:00,4399.46,4401.68,4394.62,4397.38,2413,4377.889591983367,4360.310130225469,4325.050195278037,4197.736458284058,4369.207,4355.491499999999,4324.38,4161.7541,18.774842824906045,14.435357069073952,4.339485755832094,15.639350539818256,31.533143581882985,10.825312065734186,30.42978033729509,4353.435868608642,1,0,4340.942751662541,1,4359.795,4357.54,4318.55,4287.629999999999,4318.55,4287.629999999999,1,0,0,71.3086767294611,94.93998587903017,95.96185716971183,160.22822849293522,-5.060014120969826,65.107591615622,4355.491499999999,4403.235303246332,4307.747696753667,0.9386799663181289,-17958.0,-28433.60636176709,4351.524589429988,4401.68,4229.65,4361.08092,4335.96454,4315.665,4295.36546,4266.464419999999,0,1,0,0,7.0,1.0,18.890000000000327,1,0,0,0,0,0,0,0,0,1,0,-1
91229714,XAUUSD.m,BUY,0.01,4398.02,4392.850313437271,4407.249373125456,9.15,2026-08-10T23:37:01.609274+00:00,4407.44,2026-08-11T03:10:38+00:00,WIN,9.42,CLOSED,4395.57,4397.73,4395.37,4397.65,160,4396.066263840507,4394.459192275843,4387.1710744167885,4362.772855495738,4396.9220000000005,4394.5905,4389.466399999999,4356.998949999999,2.493040249157275,2.933338765706732,-0.44029851654945684,2.3998432813640562,29.703498592353345,12.064764153638464,38.45713698610041,4392.44704222088,1,0,4400.6163867136,-1,4398.15,4394.835,4384.495,4372.48,4384.495,4372.48,1,0,0,64.2186181173043,61.21270452357528,47.46260285337802,59.98464096134736,-38.78729547642472,69.00866330617639,4394.5905,4400.763550001237,4388.417449998764,0.7478110495935263,16898.0,16127.475676700027,4394.768728013029,4401.68,4365.15,4393.05892,4387.72554,4383.415,4379.10446,4372.96742,0,0,1,0,5.0,3.0,2.6099999999996726,0,0,0,0,0,0,0,0,0,0,0,2,2026-08-11 02:00:00+00:00,4399.46,4401.68,4394.62,4397.65,2472,4377.943591983367,4360.3358445111835,4325.060783513331,4197.739144851223,4369.2339999999995,4355.504999999999,4324.3854,4161.75545,18.796381286443648,14.439664761381472,4.3567165250621755,15.639350539818256,31.533143581882985,10.825312065734186,30.42978033729509,4353.435868608642,1,0,4340.942751662541,1,4359.795,4357.54,4318.55,4287.629999999999,4318.55,4287.629999999999,1,0,0,71.47679276407956,95.2577076959277,96.06776444201101,160.49450710844684,-4.742292304072291,65.12814957879922,4355.504999999999,4403.298800743161,4307.711199256837,0.9409044619246998,-18017.0,-28439.22540938614,4351.545850594374,4401.68,4229.65,4361.08092,4335.96454,4315.665,4295.36546,4266.464419999999,0,1,0,0,7.0,1.0,19.159999999999854,1,0,0,0,0,0,0,0,0,1,0,-1
91231310,XAUUSD.m,BUY,0.01,4399.83,4394.922710288088,4409.134579423823,9.15,2026-08-10T23:56:01.585904+00:00,4409.2,2026-08-11T03:22:00+00:00,WIN,9.37,CLOSED,4398.79,4400.67,4398.54,4399.66,104,4397.807333669072,4395.959727980583,4388.923214040054,4364.853769528305,4397.17,4396.3015,4391.0382,4358.08585,2.5614681726601702,2.7176635613994886,-0.15619538873931837,2.368644855955859,29.94557111226976,12.41411356630266,39.013431450928415,4392.828499500106,1,0,4394.62,1,4397.645,4394.835,4386.3625,4372.48,4386.3625,4372.48,1,0,0,66.94124921347182,71.38810198299826,62.97970578210525,108.25850178670922,-28.611898017001728,61.274989409198334,4396.3015,4401.522789516263,4391.080210483736,0.8216159522986483,16227.0,15720.080012923157,4396.515819774719,4401.68,4374.99,4395.38116,4391.48442,4388.335,4385.18558,4380.70166,0,0,1,1,5.0,3.0,0.9600000000000364,0,0,0,0,0,0,0,0,0,0,0,0,2026-08-11 02:00:00+00:00,4399.46,4401.68,4394.62,4399.66,4039,4378.345591983367,4360.527273082612,4325.139607042744,4197.759144851223,4369.4349999999995,4355.6055,4324.4256,4161.7654999999995,18.956723166785196,14.471733137449782,4.484990029335414,15.639350539818256,31.533143581882985,10.825312065734186,30.42978033729509,4353.435868608642,1,0,4340.942751662541,1,4359.795,4357.54,4318.55,4287.629999999999,4318.55,4287.629999999999,1,0,0,72.70525262063042,97.62297011061376,96.85618524690636,162.4718360169226,-2.3770298893862383,65.66519118031505,4355.6055,4403.779386997257,4307.431613002743,0.9572446064245214,-11506.0,-27819.1301712909,4352.082247065374,4401.68,4229.65,4361.08092,4335.96454,4315.665,4295.36546,4266.464419999999,0,0,0,0,7.0,1.0,21.170000000000073,1,0,0,0,0,0,0,0,0,1,1,2
91231832,XAUUSD.m,BUY,0.01,4403.45,4398.619151363676,4413.081697272648,10.078,2026-08-11T00:00:01.593660+00:00,4398.58,2026-08-11T03:02:06+00:00,LOSS,-4.87,CLOSED,4402.36,4403.53,4402.36,4403.44,6,4399.3642669352585,4396.903926223518,4389.594070966705,4365.382992615868,4398.051,4397.0025000000005,4391.6236,4358.3902499999995,3.0248494218039923,2.813434518640966,0.21141490316302614,2.410424318161984,35.39544629797743,11.327588918110198,40.37150267015438,4395.97644955436,1,0,4394.7792,1,4399.08,4395.76,4386.3675,4373.075,4386.3675,4373.075,1,0,0,73.29918961168431,98.98989898989734,85.34840104497789,186.46739534536206,-1.0101010101026597,62.213502344421144,4397.0025000000005,4403.1302655412455,4390.8747344587555,1.0252730344094672,15844.0,15024.659694845268,4397.037413495687,4403.53,4376.26,4397.09428,4393.11286,4389.895,4386.67714,4382.095780000001,0,0,0,0,5.0,3.0,4.75,1,0,0,0,1,0,0,0,0,0,0,2,2026-08-11 03:00:00+00:00,4402.36,4403.53,4402.36,4403.44,6,4383.794873586693,4364.845990831561,4328.309347058262,4198.623596568019,4378.271,4359.5835,4327.5706,4163.57755,20.2069965686469,15.653120927243322,4.553875641403579,14.666234868713726,32.093269271962846,10.719037414712407,31.854923744402672,4362.105281742679,1,0,4348.339221463036,1,4373.42,4358.465,4318.55,4297.5599999999995,4318.55,4297.5599999999995,1,0,0,73.60961798599013,99.89634918806847,99.76788765937562,149.50552210300035,-0.10365081193152781,69.51114167855847,4359.5835,4410.669134719953,4308.497865280046,0.9292449358847856,-6051.0,-21171.19714284105,4353.38162699612,4403.53,4229.65,4362.49432,4337.10784,4316.59,4296.07216,4266.86032,0,0,0,0,7.0,1.0,15.1899999999996,1,0,0,0,1,0,0,0,0,0,0,2
91233077,XAUUSD.m,BUY,0.01,4404.86,4398.963802945953,4416.022394108093,11.083,2026-08-11T00:09:01.568729+00:00,4416.03,2026-08-11T03:29:17+00:00,WIN,11.17,CLOSED,4404.35,4404.86,4402.79,4404.65,572,4400.5574135482075,4397.7148901675955,4390.217022100408,4366.052706632768,4399.097,4397.709,4392.1638,4358.6764,3.3341784865187947,2.928432046277713,0.40574644024108153,2.843098527023398,26.503283498423944,13.793483932095365,38.31775531426867,4395.072004597079,1,0,4395.168832,1,4399.745,4396.424999999999,4386.8925,4373.075,4386.8925,4373.075,1,0,0,74.96043557473723,97.9492187499996,97.5788463968624,200.7112187658189,-2.050781250000399,69.0443107926971,4397.709,4404.307289730723,4391.110710269277,1.0259696287418987,16562.0,14600.814554370096,4398.205125806315,4404.86,4378.55,4398.65084,4394.80958,4391.705,4388.60042,4384.18034,0,0,0,0,5.0,3.0,6.759999999999309,1,0,0,0,1,0,0,0,0,0,1,2,2026-08-11 03:00:00+00:00,4402.36,4404.86,4396.45,4404.65,1436,4384.036873586693,4364.961228926799,4328.356798038653,4198.635636369014,4378.392,4359.643999999999,4327.594800000001,4163.583600000001,20.303520785170804,15.672425770548102,4.6310950146227015,15.182663440142331,31.627350941461575,10.354436223294718,31.908233149581672,4357.646281742678,1,0,4348.339221463036,1,4374.085,4359.129999999999,4318.55,4297.5599999999995,4318.55,4297.5599999999995,1,0,0,73.90124275809184,99.7617967332123,99.72303684109022,146.481089359992,-0.23820326678770046,69.95541651623617,4359.643999999999,4410.950711328753,4308.337288671246,0.9385975911769068,-4621.0,-21035.006666650574,4353.888585736274,4404.86,4229.65,4363.51044,4337.9297799999995,4317.254999999999,4296.58022,4267.144939999999,0,0,0,0,7.0,1.0,16.399999999999636,0,0,0,0,1,0,0,0,0,0,1,2
91233497,XAUUSD.m,BUY,0.01,4407.38,4401.382918825055,4418.504162349891,10.393,2026-08-11T00:11:01.604900+00:00,4418.7,2026-08-11T03:47:10+00:00,WIN,11.32,CLOSED,4405.91,4407.47,4405.79,4407.09,168,4402.075130838566,4398.721499268927,4390.928938626025,4366.744665518989,4400.460000000001,4398.493,4392.7312,4358.9788499999995,3.7613525952265263,3.111863750528633,0.6494888446978933,2.8535405874727027,30.80126708085811,12.761365459114998,38.90563900497198,4397.86760413687,1,0,4395.834902080001,1,4401.33,4398.17,4387.21,4373.365,4387.21,4373.365,1,0,0,77.97275924955001,97.04280155641946,97.38148731234789,235.5257258473921,-2.9571984435805323,68.44391650291163,4398.493,4406.1403458761615,4390.845654123839,1.0620904389063244,16135.0,14094.809540668584,4398.789650444928,4407.47,4379.93,4400.970560000001,4396.9497200000005,4393.700000000001,4390.45028,4385.823560000001,0,0,0,0,7.0,1.0,8.3100000000004,1,0,0,0,1,0,0,0,0,0,0,2,2026-08-11 03:00:00+00:00,4402.36,4407.47,4396.45,4407.09,1743,4384.5248735866935,4365.193609879179,4328.452484313163,4198.6599149759795,4378.636,4359.766,4327.6436,4163.5958,20.498164659815302,15.711354545477,4.7868101143383015,15.369092011570944,32.45671778233783,10.228835911213547,32.00836006488997,4358.168281742678,1,0,4348.339221463036,1,4375.39,4360.4349999999995,4318.55,4297.5599999999995,4318.55,4297.5599999999995,1,0,0,74.47013717651166,99.5813594800043,99.66289109002089,151.0050122288398,-0.4186405199957115,70.04931573576877,4359.766,4411.532853202893,4307.999146797106,0.9570878571131216,-4314.0,-21005.76857141248,4354.017411618,4407.47,4229.65,4365.5044800000005,4339.54276,4318.5599999999995,4297.57724,4267.70348,0,0,0,0,7.0,1.0,18.840000000000146,0,0,0,0,1,0,0,0,0,0,0,2
91233683,XAUUSD.m,BUY,0.01,4407.58,4401.491490253627,4419.187019492749,10.409,2026-08-11T00:12:01.610412+00:00,4401.16,2026-08-11T04:01:45+00:00,LOSS,-6.42,CLOSED,4405.91,4408.81,4405.79,4407.39,307,4402.1351308385665,4398.750070697498,4390.940703331908,4366.747650593616,4400.49,4398.508,4392.7372000000005,4358.98035,3.7852842191587115,3.11665007531507,0.6686341438436414,2.9492548731869985,33.04702323910184,12.347211704292727,39.204830156489834,4398.13560413687,1,0,4395.834902080001,1,4402.0,4398.84,4387.21,4373.365,4387.21,4373.365,1,0,0,78.30653113880399,89.99295278365031,95.03153772142484,246.12644382080543,-10.007047216349696,69.18437868416686,4398.508,4406.22718621305,4390.7888137869495,1.0753197134293975,16274.0,14108.04763590668,4398.950161060911,4408.81,4379.93,4401.994320000001,4397.777840000001,4394.370000000001,4390.96216,4386.110320000001,0,0,0,0,7.0,1.0,8.610000000000582,1,0,0,0,1,0,0,0,0,0,0,2,2026-08-11 03:00:00+00:00,4402.36,4408.81,4396.45,4407.39,1882,4384.584873586693,4365.222181307751,4328.464249019045,4198.662900050606,4378.665999999999,4359.781,4327.649600000001,4163.5973,20.522096283747487,15.716140870263438,4.80595541348405,15.464806297285241,32.874754509600145,10.165527926353601,32.05758718371322,4358.436281742678,1,0,4348.339221463036,1,4376.06,4361.105,4318.55,4297.5599999999995,4318.55,4297.5599999999995,1,0,0,74.5383756620421,98.45836499837144,99.28855959614327,152.46355088003722,-1.541635001628557,70.09163308262399,4359.781,4411.605732116539,4307.956267883461,0.959327024527028,-4175.0,-20992.530476174383,4354.075073569152,4408.81,4229.65,4366.528240000001,4340.37088,4319.23,4298.08912,4267.99024,0,0,0,0,7.0,1.0,19.140000000000327,0,0,0,0,1,0,0,0,0,0,0,2
91235799,XAUUSD.m,BUY,0.01,4414.43,4407.500177724575,4427.359644550849,9.92,2026-08-11T00:26:01.590788+00:00,4407.49,2026-08-11T03:41:29+00:00,LOSS,-6.9399999999999995,CLOSED,4412.14,4414.44,4411.77,4414.12,155,4406.372098989346,4401.756675832999,4393.105909859281,4367.627802191646,4404.512,4400.7695,4394.398999999999,4359.82675,4.881394744484169,3.7228878646210934,1.1585068798630753,3.3099111377123567,37.18562737959059,8.80867828576617,42.400217581594966,4402.591028416306,1,0,4399.266089408461,1,4405.395,4402.73,4389.0225,4373.455,4389.0225,4373.455,1,0,0,82.18755171666746,98.38465421504434,92.77498907240708,215.13900357831372,-1.6153457849556647,89.14118473718825,4400.7695,4411.825728490015,4389.713271509986,1.1037547076770977,17340.0,15277.467219545371,4401.184267075108,4414.44,4382.56,4406.916319999999,4402.26184,4398.5,4394.73816,4389.382320000001,0,0,0,0,7.0,1.0,8.149999999999636,1,0,0,0,1,0,0,0,0,0,0,2,2026-08-11 03:00:00+00:00,4402.36,4414.44,4396.45,4414.12,3655,4385.930873586693,4365.863133688704,4328.728170587673,4198.7298652247355,4379.339,4360.117499999999,4327.7842,4163.630950000001,21.058962380612684,15.823514089636479,5.235448290976205,15.86694915442804,34.576022834417834,9.907885804677809,32.24982586303089,4359.562281742678,1,0,4348.339221463036,1,4378.875,4363.92,4318.55,4297.5599999999995,4318.55,4297.5599999999995,1,0,0,75.9787341541945,99.67260077757345,99.69330485587727,163.29191247914272,-0.3273992224265497,70.62129594621935,4360.117499999999,4413.31308544212,4306.921914557879,1.0075844127964166,-2402.0,-20823.67333331724,4354.821331103263,4414.44,4229.65,4370.829559999999,4343.850219999999,4322.045,4300.23978,4269.19506,0,0,0,0,7.0,1.0,25.86999999999989,0,0,0,0,1,0,0,0,0,0,0,2
91235894,XAUUSD.m,BUY,0.01,4414.63,4407.705892010289,4427.578215979421,9.921,2026-08-11T00:27:01.616579+00:00,4407.61,2026-08-11T03:41:22+00:00,LOSS,-7.02,CLOSED,4412.14,4414.44,4411.74,4414.33,300,4406.414098989346,4401.776675832998,4393.1141451533995,4367.629891743884,4404.533,4400.780000000001,4394.4032,4359.8278,4.898146881236244,3.7262382919715087,1.171908589264735,3.3120539948552605,37.16156874788727,8.8029791820639,42.400217581594966,4402.567028416305,1,0,4399.266089408461,1,4405.395,4402.73,4389.0225,4373.455,4389.0225,4373.455,1,0,0,82.34047956340237,99.44472488642263,93.1283459628665,215.8718111595903,-0.555275113577362,89.37538072557754,4400.780000000001,4411.889881803448,4389.670118196554,1.1098174687958948,17485.0,15291.276743354896,4401.384687279086,4414.44,4382.56,4406.916319999999,4402.26184,4398.5,4394.73816,4389.382320000001,0,0,0,0,7.0,1.0,8.359999999999673,1,0,0,0,1,0,0,0,0,0,0,2,2026-08-11 03:00:00+00:00,4402.36,4414.44,4396.45,4414.33,3800,4385.972873586694,4365.883133688703,4328.736405881791,4198.731954776974,4379.36,4360.128,4327.7884,4163.6320000000005,21.07571451736476,15.826864516986893,5.248850000377866,15.86694915442804,34.576022834417834,9.907885804677809,32.24982586303089,4359.562281742678,1,0,4348.339221463036,1,4378.875,4363.92,4318.55,4297.5599999999995,4318.55,4297.5599999999995,1,0,0,76.02106127032695,99.8874565172911,99.76492343578316,163.47342499352385,-0.11254348270889383,70.66375991710683,4360.128,4413.368530504726,4306.887469495274,1.0090294883067417,-2257.0,-20809.86380950772,4354.878882562584,4414.44,4229.65,4370.829559999999,4343.850219999999,4322.045,4300.23978,4269.19506,0,0,0,0,7.0,1.0,26.079999999999927,0,0,0,0,1,0,0,0,0,0,0,2
91235967,XAUUSD.m,BUY,0.01,4413.32,4406.495892010289,4426.368215979421,9.764,2026-08-11T00:28:01.604551+00:00,4406.28,2026-08-11T04:00:02+00:00,LOSS,-7.04,CLOSED,4412.14,4414.44,4411.74,4413.12,438,4406.1720989893465,4401.66143773776,4393.066694173007,4367.6178519428895,4404.411999999999,4400.7195,4394.379,4359.82175,4.801622664711431,3.706933448666546,1.094689216044885,3.3120539948552605,37.16156874788727,8.8029791820639,42.400217581594966,4402.567028416305,1,0,4399.266089408461,1,4405.395,4402.73,4389.0225,4373.455,4389.0225,4373.455,1,0,0,81.42142469511225,93.33669863705329,91.09233721307673,210.91833048934035,-6.663301362946708,89.58901340185017,4400.7195,4411.527780402797,4389.911219597203,1.0736573968228313,17623.0,15304.419600497753,4401.549105565938,4414.44,4382.56,4406.916319999999,4402.26184,4398.5,4394.73816,4389.382320000001,0,0,0,0,7.0,1.0,7.149999999999636,1,0,0,0,1,0,0,0,0,0,0,2,2026-08-11 03:00:00+00:00,4402.36,4414.44,4396.45,4413.12,3938,4385.730873586694,4365.767895593465,4328.688954901399,4198.719914975979,4379.239,4360.067499999999,4327.7642000000005,4163.625950000001,20.979190300840855,15.807559673682112,5.171630627158743,15.86694915442804,34.576022834417834,9.907885804677809,32.24982586303089,4359.562281742678,1,0,4348.339221463036,1,4378.875,4363.92,4318.55,4297.5599999999995,4318.55,4297.5599999999995,1,0,0,75.77510907921894,98.64947820748955,99.35226399918264,162.42645117425212,-1.350521792510448,70.70393891855419,4360.067499999999,4413.050822053199,4307.084177946799,1.0006528275702606,-2119.0,-20796.72095236486,4354.920421827577,4414.44,4229.65,4370.829559999999,4343.850219999999,4322.045,4300.23978,4269.19506,0,0,0,0,7.0,1.0,24.86999999999989,0,0,0,0,1,0,0,0,0,0,0,2
91236089,XAUUSD.m,BUY,0.01,4414.29,4407.355892010289,4427.22821597942,9.846,2026-08-11T00:29:01.593236+00:00,4406.64,2026-08-11T04:00:02+00:00,LOSS,-7.65,CLOSED,4412.14,4414.44,4411.74,4413.98,538,4406.344098989346,4401.743342499665,4393.100419663203,4367.62640915682,4404.498,4400.7625,4394.3962,4359.82605,4.8702266533155125,3.720654246387362,1.1495724069281503,3.3120539948552605,37.16156874788727,8.8029791820639,42.400217581594966,4402.567028416305,1,0,4399.266089408461,1,4405.395,4402.73,4389.0225,4373.455,4389.0225,4373.455,1,0,0,82.08411980333855,97.67794043412394,92.53941781210028,214.44560616138352,-2.3220595658760637,89.73860923232496,4400.7625,4411.78325912001,4389.741740879989,1.0996637734328363,17723.0,15313.943410021562,4401.6914689572695,4414.44,4382.56,4406.916319999999,4402.26184,4398.5,4394.73816,4389.382320000001,0,0,0,0,7.0,1.0,8.009999999999309,1,0,0,0,1,0,0,0,0,0,0,2,2026-08-11 03:00:00+00:00,4402.36,4414.44,4396.45,4413.98,4038,4385.902873586693,4365.8498003553705,4328.722680391595,4198.72847218991,4379.325,4360.1105,4327.7814,4163.63025,21.047794289444028,15.821280471402748,5.22651381804128,15.86694915442804,34.576022834417834,9.907885804677809,32.24982586303089,4359.562281742678,1,0,4348.339221463036,1,4378.875,4363.92,4318.55,4297.5599999999995,4318.55,4297.5599999999995,1,0,0,75.95043296237462,99.52936361776138,99.6455591359399,163.17085898433768,-0.47063638223863047,70.7331351233606,4360.1105,4413.276193123167,4306.944806876832,1.0066189946513249,-2019.0,-20787.19714284105,4354.966708640261,4414.44,4229.65,4370.829559999999,4343.850219999999,4322.045,4300.23978,4269.19506,0,0,0,0,7.0,1.0,25.729999999999563,0,0,0,0,1,0,0,0,0,0,0,2
91243019,XAUUSD.m,BUY,0.01,4410.23,4402.432869458877,4425.134261082247,9.15,2026-08-11T00:55:01.595577+00:00,4402.36,2026-08-11T04:01:33+00:00,LOSS,-7.87,CLOSED,4409.66,4410.06,4409.66,4410.0,7,4410.0407514534645,4406.182005816985,4397.06605707137,4370.842475592167,4410.7480000000005,4404.9885,4397.1168,4361.5306,4.76740357228482,4.734998669429038,0.03240490285578268,3.7835652705617715,31.14436458088733,11.540789392357622,43.82704207632572,4402.893028419732,1,0,4409.0851999999995,1,4411.79,4406.875,4392.3675,4377.67,4392.3675,4377.67,1,0,0,63.74825525827288,59.92098331869969,63.52063213344956,58.460081280217544,-40.07901668130031,80.23647559796322,4404.9885,4418.642649591069,4391.334350408932,0.6835156399369487,15101.0,14832.555234001826,4405.895931023263,4419.13,4385.34,4411.15556,4406.222220000001,4402.235000000001,4398.24778,4392.57106,0,0,1,0,4.0,4.0,-1.3500000000003638,0,0,0,0,0,0,0,0,0,0,0,0,2026-08-11 03:00:00+00:00,4402.36,4419.13,4396.45,4410.0,7305,4385.106873586694,4365.4707527363225,4328.566601960222,4198.68887019986,4378.927,4359.9115,4327.701800000001,4163.61035,20.730301411951586,15.757781895904259,4.972519516047328,16.20194915442808,35.92876330666418,9.703025160262053,32.39400089745262,4360.500281742678,1,0,4348.339221463036,1,4381.22,4366.264999999999,4318.55,4297.5599999999995,4318.55,4297.5599999999995,1,0,0,75.1170080645296,91.08659572390893,96.83130317132243,163.78440036186842,-8.91340427609107,71.65380198867511,4359.9115,4412.251590410833,4307.571409589167,0.9784907668943658,1248.0,-20476.054285698196,4356.197392077859,4419.13,4229.65,4374.41272,4346.74864,4324.389999999999,4302.03136,4270.198719999999,0,0,0,0,7.0,1.0,21.75,0,0,0,0,1,0,0,0,0,0,0,2
91243161,XAUUSD.m,BUY,0.01,4411.05,4403.124298030305,4426.18140393939,11.203,2026-08-11T00:56:01.592913+00:00,4402.99,2026-08-11T04:01:24+00:00,LOSS,-8.06,CLOSED,4409.66,4410.89,4409.66,4410.81,104,4410.202751453465,4406.259148674128,4397.097821777252,4370.85053529366,4410.829000000001,4405.029,4397.133,4361.5346500000005,4.832018956900356,4.747921746352145,0.08409721054821073,3.8428509848474808,30.66388383692069,11.36274347143987,43.82704207632572,4402.893028419732,1,0,4409.0851999999995,1,4411.79,4406.875,4392.3675,4377.67,4392.3675,4377.67,1,0,0,64.9415198966426,63.47673397717383,64.70588235294095,63.920028665660624,-36.52326602282617,79.31128429895332,4405.029,4418.750377712113,4391.307622287888,0.7106566891929826,15198.0,14841.793329239921,4405.9390459614515,4419.13,4385.34,4411.15556,4406.222220000001,4402.235000000001,4398.24778,4392.57106,0,0,1,0,4.0,4.0,-0.5399999999999636,0,0,0,0,0,0,0,0,0,0,0,0,2026-08-11 03:00:00+00:00,4402.36,4419.13,4396.45,4410.81,7402,4385.268873586693,4365.547895593465,4328.598366666105,4198.696929901353,4379.008,4359.951999999999,4327.718000000001,4163.6144,20.794916796567122,15.770704972827366,5.024211823739757,16.20194915442808,35.92876330666418,9.703025160262053,32.39400089745262,4360.500281742678,1,0,4348.339221463036,1,4381.22,4366.264999999999,4318.55,4297.5599999999995,4318.55,4297.5599999999995,1,0,0,75.29127360416412,91.87737967392397,97.09489782132744,164.48322360852734,-8.122620326076037,71.6803744982941,4359.951999999999,4412.456276958653,4307.447723041346,0.9843224490078322,1345.0,-20466.8161904601,4356.246844943087,4419.13,4229.65,4374.41272,4346.74864,4324.389999999999,4302.03136,4270.198719999999,0,0,0,0,7.0,1.0,22.5600000000004,0,0,0,0,1,0,0,0,0,0,0,2
91249860,XAUUSD.m,BUY,0.01,4419.09,4407.795234194465,4440.98953161107,9.275,2026-08-11T01:22:01.566429+00:00,4407.65,2026-08-11T07:49:55+00:00,LOSS,-11.44,CLOSED,4414.78,4420.01,4413.76,4418.86,355,4412.133252316272,4408.53403761808,4399.710010613189,4374.026793864516,4411.4259999999995,4408.6595,4399.39,4362.889749999999,4.399227990163126,4.206320438387422,0.19290755177570418,5.532382902767424,27.182140081175934,20.68018377737474,33.60922325364513,4398.441700372697,1,1,4394.1764,1,4406.835,4406.835,4394.9975,4379.695,4394.9975,4379.695,1,0,0,67.24943855324645,95.63567362428641,86.06480352597407,124.3414630388567,-4.364326375713586,66.8718612264959,4408.6595,4420.364436385658,4396.954563614341,0.9357349610416521,13644.0,12032.55275594165,4408.059049757103,4420.01,4385.99,4411.98128,4407.01436,4403.0,4398.98564,4393.27028,0,0,0,0,7.0,1.0,18.329999999999927,0,0,0,0,0,0,0,0,0,1,0,2,2026-08-11 04:00:00+00:00,4409.29,4420.01,4393.66,4418.86,4273,4391.774298869355,4370.510635700653,4332.089427497867,4201.6924996903135,4386.218,4363.8544999999995,4331.2652,4165.51435,22.390242805810885,17.07763622840605,5.312606577404836,16.92680925643912,31.93373742607225,9.80145472440643,33.868019711604376,4360.5002817458435,1,0,4358.249930458211,1,4384.905000000001,4366.705,4324.1725,4297.5599999999995,4324.1725,4297.5599999999995,1,0,0,77.03308053911144,98.88684541670648,96.39932060454838,141.6187434996197,-1.1131545832935255,76.69730802944403,4363.8544999999995,4421.359221810729,4306.34977818927,0.9782694209098602,-308.0,-24251.53890682253,4358.840781580147,4420.01,4229.65,4375.08504,4347.29248,4324.83,4302.36752,4270.38704,0,0,0,0,7.0,1.0,28.979999999999563,0,0,0,0,0,0,0,0,0,1,0,2
91249953,XAUUSD.m,BUY,0.01,4418.49,4407.255234194465,4440.44953161107,9.202,2026-08-11T01:23:01.599796+00:00,4407.26,2026-08-11T07:49:56+00:00,LOSS,-11.23,CLOSED,4414.78,4420.01,4413.76,4418.32,517,4412.025252316272,4408.482609046651,4399.688834142601,4374.021420730187,4411.372,4408.632500000001,4399.379199999999,4362.887049999999,4.356151067086103,4.197705053772017,0.15844601331408548,5.532382902767424,27.182140081175934,20.68018377737474,33.60922325364513,4398.441700372697,1,1,4394.1764,1,4406.835,4406.835,4394.9975,4379.695,4394.9975,4379.695,1,0,0,66.78819136571218,93.58633776090898,85.38169157151492,122.27935867547717,-6.413662239091028,67.40900853331277,4408.632500000001,4420.240453489457,4397.0245465105445,0.9172785499527785,13806.0,12047.981327370222,4408.164039132965,4420.01,4385.99,4411.98128,4407.01436,4403.0,4398.98564,4393.27028,0,0,0,0,7.0,1.0,17.789999999999964,0,0,0,0,0,0,0,0,0,1,0,2,2026-08-11 04:00:00+00:00,4409.29,4420.01,4393.66,4418.32,4435,4391.666298869355,4370.4592071292245,4332.068251027279,4201.687126555985,4386.164,4363.8275,4331.2544,4165.51165,22.34716588273386,17.069020843790643,5.278145038943219,16.92680925643912,31.93373742607225,9.80145472440643,33.868019711604376,4360.5002817458435,1,0,4358.249930458211,1,4384.905000000001,4366.705,4324.1725,4297.5599999999995,4324.1725,4297.5599999999995,1,0,0,76.92523757100419,98.36414674281241,96.22508771325035,141.19135629172072,-1.6358532571875934,76.73378152094674,4363.8275,4421.223883482282,4306.431116517719,0.9747032538802842,-146.0,-24236.11033539396,4358.894254261413,4420.01,4229.65,4375.08504,4347.29248,4324.83,4302.36752,4270.38704,0,0,0,0,7.0,1.0,28.4399999999996,0,0,0,0,0,0,0,0,0,1,0,2
91251194,XAUUSD.m,BUY,0.01,4420.61,4409.652931563905,4441.74413687219,9.146,2026-08-11T01:32:01.566014+00:00,4409.65,2026-08-11T05:52:07+00:00,LOSS,-10.96,CLOSED,4419.3,4420.97,4418.26,4420.35,343,4414.369041482415,4410.24947404776,4401.099881112963,4374.387505499566,4412.421,4410.592,4400.551200000001,4363.5027,4.812211170138653,4.323968822829052,0.48824234730960114,5.348534218047373,26.34000238027127,18.64272620969142,31.067824911811666,4402.296927302009,1,0,4396.201754240001,1,4407.3150000000005,4407.3150000000005,4395.5225,4381.595,4395.5225,4381.595,1,0,0,68.64254979749474,97.72976931526956,91.41276940489956,145.73316220832103,-2.2702306847304348,68.21270692355047,4410.592,4421.2818783412295,4399.90212165877,0.9564130520721209,14869.0,13424.742623345239,4409.800214309034,4420.97,4387.83,4413.14896,4408.31052,4404.4,4400.48948,4394.92196,0,0,0,0,6.0,2.0,6.1200000000008,0,0,0,0,1,0,0,0,0,0,0,0,2026-08-11 04:00:00+00:00,4409.29,4420.97,4393.66,4420.35,5935,4392.072298869355,4370.652540462558,4332.147858870417,4201.70732556096,4386.367,4363.929,4331.295,4165.5217999999995,22.50910320467119,17.101408308178108,5.4076948964930835,16.995380685010552,31.80489406354245,9.761908699225392,33.868019711604376,4360.5002817458435,1,0,4358.249930458211,1,4385.385,4367.1849999999995,4324.1725,4297.5599999999995,4324.1725,4297.5599999999995,1,0,0,77.32548574115756,99.40538985326567,96.5721687500681,143.55232030444088,-0.5946101467343323,77.0667997540265,4363.929,4421.7368347995625,4306.121165200438,0.9880047851266982,1354.0,-24093.253192536817,4359.474122252521,4420.97,4229.65,4375.81848,4347.88576,4325.3099999999995,4302.73424,4270.592479999999,0,0,0,0,7.0,1.0,30.470000000000255,0,0,0,0,1,0,0,0,0,0,0,2
91251333,XAUUSD.m,BUY,0.01,4420.88,4409.722931563905,4441.81413687219,9.142,2026-08-11T01:33:01.617646+00:00,4409.65,2026-08-11T05:52:07+00:00,LOSS,-11.23,CLOSED,4419.3,4420.97,4418.26,4420.42,500,4414.383041482415,4410.256140714427,4401.102626211002,4374.3882020169785,4412.428,4410.5955,4400.5526,4363.50305,4.817795215722981,4.325085631945917,0.49270958377706364,5.348534218047373,26.34000238027127,18.64272620969142,31.067824911811666,4402.296927302009,1,0,4396.201754240001,1,4407.3150000000005,4407.3150000000005,4395.5225,4381.595,4395.5225,4381.595,1,0,0,68.70390952717733,97.9860856828994,91.49820819410951,146.03051093471598,-2.0139143171005998,68.69285143186437,4410.5955,4421.298867841985,4399.892132158016,0.9589443315898358,15026.0,13439.695004297619,4409.91031416511,4420.97,4387.83,4413.14896,4408.31052,4404.4,4400.48948,4394.92196,0,0,0,0,6.0,2.0,6.190000000000509,0,0,0,0,1,0,0,0,0,0,0,0,2026-08-11 04:00:00+00:00,4409.29,4420.97,4393.66,4420.42,6092,4392.086298869355,4370.659207129225,4332.1506039684555,4201.708022078373,4386.374000000001,4363.9325,4331.2964,4165.522150000001,22.51468725025461,17.102525117294793,5.412162132959818,16.995380685010552,31.80489406354245,9.761908699225392,33.868019711604376,4360.5002817458435,1,0,4358.249930458211,1,4385.385,4367.1849999999995,4324.1725,4297.5599999999995,4324.1725,4297.5599999999995,1,0,0,77.33903989544886,99.47252325692895,96.59454655128918,143.60743342377646,-0.527476743071046,77.10108952215563,4363.9325,4421.754724783817,4306.110275216182,0.9884583757473224,1511.0,-24078.300811584435,4359.531896553317,4420.97,4229.65,4375.81848,4347.88576,4325.3099999999995,4302.73424,4270.592479999999,0,0,0,0,7.0,1.0,30.539999999999964,0,0,0,0,1,0,0,0,0,0,0,2
91251538,XAUUSD.m,BUY,0.01,4420.34,4409.291502992477,4441.656994015047,9.09,2026-08-11T01:34:01.596921+00:00,4409.27,2026-08-11T05:55:27+00:00,LOSS,-11.07,CLOSED,4419.3,4421.61,4418.26,4420.08,659,4414.315041482415,4410.223759762045,4401.089292877668,4374.384818932402,4412.394,4410.5785,4400.5458,4363.5013500000005,4.790672708600141,4.31966113052135,0.4710115780787909,5.3942485037616175,26.964243954338656,18.48473591468592,31.178223224247077,4402.424927302009,1,0,4396.201754240001,1,4407.635,4407.635,4395.5225,4381.595,4395.5225,4381.595,1,0,0,68.40360553853753,94.52593917710284,90.34482602551066,147.30327672805706,-5.474060822897156,69.16458994531146,4410.5785,4421.217050109107,4399.939949890892,0.9465599119501484,15185.0,13454.837861440476,4410.023360711842,4421.61,4387.83,4413.63792,4408.70604,4404.719999999999,4400.73396,4395.0589199999995,0,0,0,0,6.0,2.0,5.850000000000364,0,0,0,0,1,0,0,0,0,0,0,0,2026-08-11 04:00:00+00:00,4409.29,4421.61,4393.66,4420.08,6251,4392.018298869355,4370.626826176844,4332.137270635122,4201.704638993796,4386.34,4363.9155,4331.2896,4165.52045,22.48756474313177,17.097100615870225,5.390464127261545,17.041094970724796,31.7195745452351,9.735721492114617,33.868019711604376,4360.5002817458435,1,0,4358.249930458211,1,4385.705,4367.504999999999,4324.1725,4297.5599999999995,4324.1725,4297.5599999999995,1,0,0,77.27305319613924,98.54160709179321,96.28424116291062,143.84354970985174,-1.458392908206794,77.13573564282692,4363.9155,4421.6679559423355,4306.163044057665,0.986252048363786,1670.0,-24063.15795444158,4359.593635757294,4421.61,4229.65,4376.30744,4348.281279999999,4325.629999999999,4302.97872,4270.72944,0,0,0,0,7.0,1.0,30.199999999999818,0,0,0,0,1,0,0,0,0,0,0,2
91256608,XAUUSD.m,BUY,0.01,4432.12,4420.069071495054,4455.291857009893,10.65,2026-08-11T01:57:01.581977+00:00,4419.46,2026-08-11T05:37:02+00:00,LOSS,-12.66,CLOSED,4431.51,4433.86,4429.49,4431.81,348,4422.571603352959,4416.26964767599,4405.435780791319,4376.770124233817,4420.652,4415.583500000001,4404.0438,4365.2573,6.727699802829193,5.284512162095779,1.4431876407334139,5.870464252473078,31.772061324913167,13.345207041336545,30.295261884258867,4412.833993773733,1,0,4406.9838006412165,1,4423.225,4413.76,4396.4925,4383.415,4396.4925,4383.415,1,0,0,73.44985293669295,94.9004975124396,97.46280983063907,209.3128148192688,-5.099502487560402,65.13416570436688,4415.583500000001,4430.675639850477,4400.491360149525,1.0375811568393294,17841.0,15184.348810952535,4414.650675916749,4433.86,4387.99,4423.03468,4416.33766,4410.924999999999,4405.512339999999,4397.80618,0,0,0,0,6.0,2.0,12.340000000000146,1,0,0,0,1,0,0,0,0,0,0,2,2026-08-11 04:00:00+00:00,4409.29,4433.86,4393.66,4431.81,10168,4394.3642988693555,4371.743969033987,4332.597270635122,4201.8213554117065,4387.513000000001,4364.5019999999995,4331.5242,4165.5791,23.423291238858837,17.28424591501564,6.139045323843199,17.916094970724796,36.043042249205875,8.14791300032805,34.589005788655385,4360.5002817458435,1,0,4358.249930458211,1,4391.83,4373.629999999999,4324.1725,4297.5599999999995,4324.1725,4297.5599999999995,1,0,0,79.34779310663792,98.25025606008938,96.18712415234268,162.2926093514333,-1.7497439399106136,77.96036983414105,4364.5019999999995,4424.836552760794,4304.167447239205,1.057789831200488,5587.0,-23690.11033539396,4361.519508751826,4433.86,4229.65,4385.66644,4355.85178,4331.754999999999,4307.658219999999,4273.350939999999,0,0,0,0,7.0,1.0,41.93000000000029,0,0,0,0,1,0,0,0,0,0,0,2
91258052,XAUUSD.m,BUY,0.01,4424.36,4412.262707837326,4447.624584325349,9.687,2026-08-11T02:04:01.567993+00:00,4412.24,2026-08-11T05:51:12+00:00,LOSS,-12.12,CLOSED,4429.53,4429.84,4423.97,4424.05,686,4422.521682682368,4416.824511166631,4406.08557227453,4377.876871589436,4421.418,4416.071,4404.7032,4365.60205,6.3816775448267435,5.476375354757121,0.905302190069623,5.893646081337233,29.38658289661394,18.609063657268806,29.735271828052575,4412.553993770421,1,0,4410.746468551446,1,4423.73,4413.76,4395.82,4387.6,4395.82,4387.6,1,0,0,61.673378241544235,75.5970149253743,88.31332449099835,120.86411266963883,-24.402985074625708,65.5500233780906,4416.071,4431.090693598498,4401.051306401502,0.7656179351354522,15451.0,14593.859808975825,4415.7747877429,4433.86,4387.99,4423.03468,4416.33766,4410.924999999999,4405.512339999999,4397.80618,0,0,0,0,5.0,3.0,8.980000000000473,0,0,0,0,0,0,0,0,0,0,0,0,2026-08-11 05:00:00+00:00,4429.53,4429.84,4423.97,4424.05,686,4399.955839095484,4376.53937334135,4336.101567295272,4203.6292496549095,4393.865,4368.234,4335.1474,4167.52575,24.54668541256615,18.70916496322017,5.837520449345977,17.05565978819788,35.156981915047496,7.947609700987975,36.62722268400054,4375.985328213404,1,0,4370.347541584897,1,4392.805,4373.629999999999,4321.7625,4297.5599999999995,4321.7625,4297.5599999999995,1,0,0,75.39549743309342,91.62683509730326,92.87079682393157,149.26940431463595,-8.373164902696741,82.95474654957268,4368.234,4433.08183497586,4303.386165024141,0.9303613221688731,14462.0,-11762.235888482583,4362.794180819461,4433.86,4229.65,4385.66644,4355.85178,4331.754999999999,4307.658219999999,4273.350939999999,0,0,0,0,6.0,2.0,24.51000000000022,1,0,0,0,0,0,0,0,0,0,0,-1
91262666,XAUUSD.m,BUY,0.01,4428.11,4416.292014306302,4452.045971387396,9.007,2026-08-11T02:26:01.602624+00:00,4416.05,2026-08-11T05:38:41+00:00,LOSS,-12.06,CLOSED,4426.17,4429.03,4425.94,4428.21,146,4426.819406421359,4421.645503611331,4410.26525148161,4379.993678594324,4427.268,4420.129999999999,4408.588,4367.59785,6.341635493749891,6.229508765886682,0.11212672786320876,5.958992846848993,25.429734201573023,20.921250341000068,25.870839847358152,4413.643457315718,1,0,4424.652540956753,1,4424.75,4414.355,4400.7325,4393.68,4400.7325,4393.68,1,0,0,60.341085290478944,68.11188811188717,72.09390014774932,69.96063337327243,-31.88811188811284,60.42257809213552,4420.129999999999,4438.4763175712305,4401.783682428768,0.720207678424552,14846.0,15102.494953638845,4418.872695707486,4435.05,4391.02,4424.65892,4418.2305400000005,4413.035,4407.83946,4400.44242,0,0,1,0,4.0,4.0,4.8100000000004,0,1,0,0,0,0,0,0,0,0,0,0,2026-08-11 05:00:00+00:00,4429.53,4435.05,4421.94,4428.21,3541,4400.787839095484,4376.93556381754,4336.2647045501735,4203.670642689735,4394.281,4368.442,4335.2306,4167.54655,24.8785372644179,18.775535333590522,6.103001930827379,17.572802645340786,34.60606341493947,7.713722729673508,36.65732842950374,4375.403328213402,1,0,4370.347541584897,1,4393.4,4374.225,4321.7625,4297.5599999999995,4321.7625,4297.5599999999995,1,0,0,78.03676275674056,94.22053231939152,93.73536256462766,154.28706003828682,-5.77946768060847,83.4123295435506,4368.442,4434.065691999022,4302.818308000978,0.9553843145619603,11607.0,-12034.140650387346,4364.092292735644,4435.05,4229.65,4386.5756,4356.5872,4332.35,4308.1128,4273.6056,0,1,0,0,7.0,1.0,28.670000000000073,1,0,0,0,0,0,0,0,0,1,0,-1
91262857,XAUUSD.m,BUY,0.01,4428.96,4416.702014306302,4452.545971387395,9.048,2026-08-11T02:27:01.592644+00:00,4416.41,2026-08-11T05:38:39+00:00,LOSS,-12.55,CLOSED,4426.17,4429.24,4425.94,4428.65,271,4426.907406421359,4421.687408373236,4410.282506383571,4379.9980567037765,4427.312,4420.152,4408.5968,4367.60005,6.376735208849823,6.236528708906668,0.14020649994315448,5.973992846848996,25.36588310184751,20.86871951895856,25.870839847358152,4413.643457315718,1,0,4424.652540956753,1,4424.75,4414.355,4400.7325,4393.68,4400.7325,4393.68,1,0,0,60.68886825194584,70.16317016316736,72.77766083150938,71.69643044194895,-29.836829836832635,59.69218655658981,4420.152,4438.540121566388,4401.763878433612,0.7310730862127144,14971.0,15114.399715543606,4418.9487603881125,4435.05,4391.02,4424.65892,4418.2305400000005,4413.035,4407.83946,4400.44242,0,0,1,0,4.0,4.0,5.25,0,1,0,0,0,0,0,0,0,0,0,0,2026-08-11 05:00:00+00:00,4429.53,4435.05,4421.94,4428.65,3666,4400.8758390954845,4376.9774685794455,4336.281959452134,4203.675020799188,4394.325,4368.464,4335.2394,4167.54875,24.913636979516923,18.782555276610328,6.131081702906595,17.572802645340786,34.60606341493947,7.713722729673508,36.65732842950374,4375.403328213402,1,0,4370.347541584897,1,4393.4,4374.225,4321.7625,4297.5599999999995,4321.7625,4297.5599999999995,1,0,0,78.32698948049703,94.59231094212038,93.85928877220393,154.586081396283,-5.407689057879616,83.4318194215482,4368.464,4434.172298410503,4302.755701589497,0.9579786834837565,11482.0,-12046.045412292107,4364.151151160769,4435.05,4229.65,4386.5756,4356.5872,4332.35,4308.1128,4273.6056,0,1,0,0,7.0,1.0,29.109999999999673,1,0,0,0,0,0,0,0,0,1,0,-1
91263029,XAUUSD.m,BUY,0.01,4430.07,4417.616300020588,4453.8673999588245,9.158,2026-08-11T02:28:01.594966+00:00,4417.54,2026-08-11T05:38:20+00:00,LOSS,-12.53,CLOSED,4426.17,4430.19,4425.94,4429.7,375,4427.117406421359,4421.787408373237,4410.323682854159,4380.00850446497,4427.4169999999995,4420.2045,4408.6178,4367.6053,6.460495892610197,6.253280845658743,0.20721504695145399,6.041849989706126,25.080994142957113,20.634339042108582,25.870839847358155,4413.643457315718,1,0,4424.652540956753,1,4424.75,4414.355,4400.7325,4393.68,4400.7325,4393.68,1,0,0,61.49466408103947,75.05827505827315,74.40936246321131,77.00257012754864,-24.94172494172685,62.68816463000236,4420.2045,4438.70045970115,4401.70854029885,0.7566911950886626,15075.0,15124.30447744837,4419.025606983881,4435.05,4391.02,4424.65892,4418.2305400000005,4413.035,4407.83946,4400.44242,0,0,1,0,4.0,4.0,6.300000000000182,0,1,0,0,0,0,0,0,0,0,0,0,2026-08-11 05:00:00+00:00,4429.53,4435.05,4421.94,4429.7,3770,4401.085839095484,4377.077468579446,4336.323135922723,4203.685468560382,4394.429999999999,4368.5165,4335.2604,4167.554,24.997397663278207,18.799307413362584,6.198090249915623,17.572802645340786,34.60606341493947,7.713722729673508,36.65732842950374,4375.403328213402,1,0,4370.347541584897,1,4393.4,4374.225,4321.7625,4297.5599999999995,4321.7625,4297.5599999999995,1,0,0,79.00364181367134,95.47950992817884,94.15502176755676,155.29885400995946,-4.520490071821164,83.44803124618267,4368.5165,4434.428634902247,4302.604365097753,0.9641292539737946,18918.0,-11337.85493610163,4364.206130405362,4435.05,4229.65,4386.5756,4356.5872,4332.35,4308.1128,4273.6056,0,0,0,0,7.0,1.0,30.159999999999854,1,0,0,0,0,0,0,0,0,1,0,2
91263217,XAUUSD.m,BUY,0.01,4429.53,4417.176300020588,4453.427399958825,10.603,2026-08-11T02:29:01.591522+00:00,4416.89,2026-08-11T05:38:29+00:00,LOSS,-12.64,CLOSED,4426.17,4430.19,4425.94,4429.26,459,4427.029406421359,4421.7455036113315,4410.306427952199,4380.004126355518,4427.3730000000005,4420.1825,4408.6089999999995,4367.6031,6.425396177510265,6.246260902638757,0.17913527487150827,6.041849989706126,25.080994142957113,20.634339042108582,25.870839847358155,4413.643457315718,1,0,4424.652540956753,1,4424.75,4414.355,4400.7325,4393.68,4400.7325,4393.68,1,0,0,61.161053135813546,73.00699300699294,73.72560177945124,75.83969852542423,-26.993006993007054,62.98581594057574,4420.1825,4438.631892373484,4401.733107626515,0.7460108120700646,15159.0,15132.30447744837,4419.073174296153,4435.05,4391.02,4424.65892,4418.2305400000005,4413.035,4407.83946,4400.44242,0,0,1,0,4.0,4.0,5.860000000000582,0,1,0,0,0,0,0,0,0,0,0,0,2026-08-11 05:00:00+00:00,4429.53,4435.05,4421.94,4429.26,3854,4400.997839095484,4377.035563817541,4336.305881020762,4203.681090450929,4394.386,4368.4945,4335.2516000000005,4167.5518,24.962297948178275,18.792287470342597,6.170010477835678,17.572802645340786,34.60606341493947,7.713722729673508,36.65732842950374,4375.403328213402,1,0,4370.347541584897,1,4393.4,4374.225,4321.7625,4297.5599999999995,4321.7625,4297.5599999999995,1,0,0,78.73293875995773,95.10773130544999,94.03109555998047,155.00030566518936,-4.892268694550018,83.46104619819528,4368.4945,4434.32088679854,4302.668113201459,0.9615588288779326,11294.0,-12063.950174196869,4364.23950179123,4435.05,4229.65,4386.5756,4356.5872,4332.35,4308.1128,4273.6056,0,1,0,0,7.0,1.0,29.720000000000255,1,0,0,0,0,0,0,0,0,1,0,-1
91341120,XAUUSD.m,BUY,0.01,4375.62,4365.924998861431,4394.440002277139,9.145,2026-08-11T08:43:01.585164+00:00,4394.56,2026-08-11T15:08:36+00:00,WIN,18.94,CLOSED,4374.64,4375.73,4374.14,4375.43,304,4368.97572910044,4367.223952481392,4375.472113183683,4380.914403864698,4366.859,4363.717,4375.5162,4386.96665,-0.4364349855841283,-3.186504681914836,2.7500696963307076,4.752500569284676,26.501083483978636,18.752074373117807,30.155650574759193,4361.532724636956,1,0,4361.4000935729155,1,4366.355,4366.235,4380.67,4397.49,4397.49,4380.67,0,1,0,60.12015813007859,98.42022116904015,96.76949668129953,214.26218556725252,-1.5797788309598517,72.05103525420854,4363.717,4374.178587079041,4353.255412920958,1.0598098984171576,9367.0,8001.081589526706,4363.253000276167,4416.02,4356.74,4402.02992,4393.37504,4386.38,4379.38496,4369.42592,0,0,0,0,8.0,0.0,10.850000000000364,1,0,0,0,1,0,1,0,0,0,0,2,2026-08-11 11:00:00+00:00,4357.63,4375.73,4356.98,4375.43,5348,4382.557203643848,4377.599571975469,4345.523238581533,4216.282781083165,4395.245000000001,4378.981,4350.4238000000005,4178.43705,10.922577051262124,16.6341598213895,-5.711582770127375,19.211841830479916,23.291972432290052,20.50607594982381,30.55396337612866,4421.506329312902,-1,0,4426.30380512,-1,4395.895,4375.875,4321.6675,4297.5599999999995,4321.6675,4297.5599999999995,1,0,0,51.54962857618015,23.866683693015467,16.70409290173786,-24.24213569120874,-76.13331630698453,53.526815080061056,4378.981,4438.745223376474,4319.216776623525,0.47029159086004885,-49026.0,-44577.31995155883,4375.093196609909,4435.05,4261.89,4394.1842400000005,4368.902880000001,4348.47,4328.03712,4298.94624,0,0,1,0,2.0,6.0,-33.409999999999854,0,0,0,0,0,0,0,0,0,0,0,0
91341354,XAUUSD.m,BUY,0.01,4375.82,4366.102141718574,4394.715716562853,9.16,2026-08-11T08:44:01.586483+00:00,4394.72,2026-08-11T15:08:42+00:00,WIN,18.9,CLOSED,4374.64,4375.96,4374.14,4375.64,382,4369.01772910044,4367.243952481392,4375.480348477801,4380.916493416937,4366.88,4363.727499999999,4375.520399999999,4386.9677,-0.4196828488320534,-3.1831542545644207,2.7634714057323673,4.768929140713281,26.754281248986306,18.68747500831634,30.20052782196497,4361.578724636957,1,0,4361.4000935729155,1,4366.469999999999,4366.35,4380.67,4397.49,4397.49,4380.67,0,1,0,60.345879810338324,98.33506763787875,96.7411121709124,216.2207794201087,-1.6649323621212524,72.31611910559876,4363.727499999999,4374.23888906148,4353.216110938518,1.0666472780298113,9445.0,8008.510160955277,4363.333679618044,4416.02,4356.74,4402.02992,4393.37504,4386.38,4379.38496,4369.42592,0,0,0,0,8.0,0.0,11.0600000000004,1,0,0,0,1,0,0,0,0,0,0,2,2026-08-11 11:00:00+00:00,4357.63,4375.96,4356.98,4375.64,5426,4382.599203643847,4377.61957197547,4345.5314738756515,4216.284870635403,4395.2660000000005,4378.9915,4350.428,4178.4381,10.939329188015108,16.637510248740096,-5.698181060724988,19.22827040190852,23.357511520502502,20.488555625508596,30.56699680533789,4421.506329312902,-1,0,4426.30380512,-1,4395.895,4375.875,4321.6675,4297.5599999999995,4321.6675,4297.5599999999995,1,0,0,51.61397450547764,24.13484867833029,16.79348123017613,-23.870205446057053,-75.86515132166971,53.563000445643524,4378.9915,4438.753170263098,4319.2298297369025,0.4719594517251195,-48948.0,-44569.891380130255,4375.095440487327,4435.05,4261.89,4394.1842400000005,4368.902880000001,4348.47,4328.03712,4298.94624,0,0,1,0,2.0,6.0,-33.19999999999982,0,0,0,0,0,0,0,0,0,0,0,0
91520137,XAUUSD.m,BUY,0.01,4396.84,4388.24464507591,4413.250709848179,9.919,2026-08-12T01:50:26.577038+00:00,4413.29,2026-08-12T05:53:20+00:00,WIN,16.45,CLOSED,4395.17,4396.89,4395.09,4396.58,82,4391.080092274683,4386.35333298821,4380.037054503874,4376.0269935106435,4390.972,4385.9305,4377.094599999999,4379.15535,5.191340104730443,4.4517631408922655,0.7395769638381777,4.167677462044836,29.046185242840806,12.497688066534367,30.217028631157806,4383.188668054228,1,0,4385.4694,1,4391.07,4381.68,4369.3,4369.04,4369.3,4369.04,1,0,0,73.24276181794372,98.39544513457355,95.89838928892219,144.0065736894708,-1.6045548654264505,66.16897441174999,4385.9305,4397.492842641889,4374.368157358112,0.9605251863674169,8330.0,6025.058278071072,4385.454037709572,4396.89,4362.48,4388.7692400000005,4383.74538,4379.6849999999995,4375.62462,4369.843739999999,0,0,0,0,6.0,2.0,9.61999999999989,1,0,0,0,1,0,0,0,0,0,0,2,2026-08-12 04:00:00+00:00,4380.57,4396.89,4378.34,4396.58,7600,4379.593133452133,4378.822935664377,4361.558657746218,4245.752071880004,4376.37,4377.504,4367.7926,4204.02755,2.344261287629706,3.0684203046808722,-0.724159017051166,15.700715381205317,26.76999793518183,17.951848686777712,16.971670528694418,4412.130831534057,-1,0,4356.74,1,4378.585,4395.895,4357.43,4311.620000000001,4357.43,4311.620000000001,1,0,0,60.24068968830187,82.8388863532626,51.46812718697688,102.8043293582621,-17.161113646737405,51.21754835120724,4377.504,4398.998730223288,4356.009269776712,0.943736669449632,-19683.0,-33981.05861497424,4378.93515220764,4435.05,4313.4,4406.3406,4388.5797,4374.225,4359.8703,4339.4331,0,0,0,1,5.0,3.0,28.88000000000011,1,0,0,0,0,0,0,0,0,0,0,2
91570074,XAUUSD.m,BUY,0.01,4399.99,4391.637152105068,4415.945695789865,10.791,2026-08-12T06:49:26.574195+00:00,4416.94,2026-08-12T12:15:56+00:00,WIN,16.95,CLOSED,4394.52,4399.99,4394.51,4399.74,682,4392.880353052888,4392.968313144691,4394.232433567328,4388.297271074244,4390.724999999999,4391.6325,4398.8734,4384.4107,-1.03620967790539,-2.2883905483706948,1.2521808704653048,4.05142394746614,26.785958075421128,18.165359742905032,23.107909108676033,4384.821283255444,1,1,4384.696048,1,4392.594999999999,4394.344999999999,4402.4025,4396.71,4402.4025,4396.71,1,0,0,61.15748846228995,98.44139650872818,84.63072042027194,118.5298674524498,-1.558603491271824,57.25406955569928,4391.6325,4400.464279638286,4382.8007203617135,0.9589958271181074,10268.0,8302.534084589819,4391.478777195491,4415.85,4383.95,4408.3216,4403.6642,4399.9,4396.1358,4390.7766,0,0,0,0,8.0,0.0,10.029999999999745,0,0,0,0,0,0,0,0,0,0,0,2,2026-08-12 09:00:00+00:00,4391.1,4399.99,4385.2,4399.74,6532,4393.148650449596,4387.337426310506,4368.669407139103,4248.684730469652,4389.0650000000005,4385.751,4374.919599999999,4212.0526,6.518326214687477,5.099234888139486,1.4190913265479903,15.709524619209535,24.90785429448376,19.311694920310952,18.75372121143138,4412.130831530185,-1,0,4369.31510279552,1,4389.165,4388.46,4385.8575,4332.35,4385.8575,4332.35,1,0,0,57.74396835176984,71.00953752024401,66.73264951112691,63.62670435215122,-28.990462479755987,46.40363048625219,4385.751,4411.670941439254,4359.831058560746,0.7698501467062357,3239.0,-3428.523948295945,4385.850231895923,4435.05,4316.7,4407.1194000000005,4389.8403,4375.875,4361.9097,4342.0269,0,0,0,0,4.0,4.0,-11.590000000000146,0,0,0,0,0,0,0,0,0,0,0,0
91635042,XAUUSD.m,BUY,0.01,4417.93,4409.625949593157,4433.368100813686,11.709,2026-08-12T12:29:26.565190+00:00,4409.54,2026-08-12T15:30:06+00:00,LOSS,-8.39,CLOSED,4406.73,4417.66,4404.69,4417.54,782,4411.063561663412,4411.477316410406,4410.377701976242,4396.574927696245,4411.061,4411.209,4411.899,4393.77565,-0.3943013744246855,-0.3954587389083605,0.001157364483674983,3.9570252034215345,27.30022998687499,20.173366823498043,18.42082557047626,4398.614652604533,1,1,4405.05,1,4411.174999999999,4412.764999999999,4414.045,4404.605,4414.045,4404.605,1,0,0,59.570719097627254,99.0747879722445,44.22020254998123,74.23277359582313,-0.9252120277555012,53.63147989898055,4411.209,4416.861423420547,4405.556576579453,1.060025278448379,13311.0,13874.676662873266,4410.844261429531,4424.01,4401.71,4418.7472,4415.4914,4412.860000000001,4410.2286,4406.4822,1,0,0,0,4.0,4.0,10.279999999999745,0,0,0,0,1,0,0,0,1,0,1,0,2026-08-12 15:00:00+00:00,4412.78,4417.66,4404.69,4417.54,4074,4407.724104463459,4398.584265169949,4377.909319851445,4262.128589292084,4406.468,4392.7945,4382.8574,4221.2399,9.942173985132285,8.01185778196447,1.9303162031678163,15.012607084491515,23.725796566380026,14.443680637466615,21.056539576948023,4367.968393222078,1,0,4387.558726190516,1,4403.98,4392.145,4385.885,4347.835,4385.885,4347.835,1,0,0,63.10322989380668,89.48480416057177,84.20282788883448,91.33094756097961,-10.515195839428223,54.870928161526905,4392.7945,4428.9424506444475,4356.646549355552,0.8422808148018899,-30948.0,-34654.35593615767,4391.76621739085,4435.05,4316.7,4407.1194000000005,4389.8403,4375.875,4361.9097,4342.0269,0,0,0,1,5.0,3.0,15.739999999999782,0,0,0,0,0,0,0,0,0,0,0,0
91873514,XAUUSD.m,BUY,0.01,4381.19,4373.399889439065,4395.930221121869,9.711,2026-08-13T09:21:26.577218+00:00,4395.97,2026-08-13T14:15:16+00:00,WIN,14.78,CLOSED,4380.45,4381.98,4380.3,4380.91,180,4377.151043975664,4375.705255697027,4380.001720626483,4398.6531937669615,4376.674,4373.132,4378.4266,4402.40805,0.4053218089547954,-1.0255411083981134,1.4308629173529088,3.755055280467351,23.700792635367414,14.305232813674927,23.472478859195572,4370.333805410801,1,0,4371.758119164262,1,4377.209999999999,4372.985,4381.6975,4390.605,4390.605,4381.6975,0,0,0,59.118466018170075,93.70217775162023,92.15153188079513,147.68277991114775,-6.297822248379768,75.42345885345398,4373.132,4382.4635009226895,4363.80049907731,0.9167603938766034,-7967.0,-8847.25397074282,4372.509585344512,4407.18,4363.99,4396.987160000001,4390.68142,4385.585,4380.48858,4373.23266,0,0,0,0,6.0,2.0,6.930000000000291,1,0,0,0,1,0,0,0,0,0,0,2,2026-08-13 12:00:00+00:00,4375.84,4381.98,4372.44,4380.91,2445,4387.4193383876045,4395.626062187207,4390.1931501234985,4286.033457378018,4393.175,4402.7474999999995,4394.5122,4254.734950000001,-5.698875925998436,-0.820131191043505,-4.878744734954932,17.29722685448891,15.534430181717722,23.948258820296783,15.749716784586731,4424.811693598857,-1,0,4424.452244325837,-1,4399.605,4406.844999999999,4388.8125,4374.225,4388.8125,4374.225,1,0,0,42.36218735570286,19.740987049352544,11.572884323718105,-126.27640120672578,-80.25901295064746,23.272020844850218,4402.7474999999995,4437.0518780388975,4368.4431219611015,0.18170972265933621,-64388.0,-39125.329497293256,4406.19619360287,4449.7,4356.74,4427.76144,4414.18928,4403.219999999999,4392.25072,4376.63344,0,0,0,0,3.0,5.0,-1.9899999999997817,0,0,0,0,0,0,0,0,0,0,0,0
92113866,XAUUSD.m,BUY,0.01,4336.79,4329.838741875644,4350.062516248712,10.65,2026-08-14T07:40:26.573343+00:00,4350.09,2026-08-14T12:14:09+00:00,WIN,13.3,CLOSED,4336.49,4336.71,4336.35,4336.58,48,4334.481948936866,4332.625797865152,4329.986239135254,4344.136229627109,4334.411999999999,4333.0465,4327.8116,4344.983,2.282969443631373,2.2755649497894828,0.007404493841890236,3.370629062178085,25.203939863838496,12.161242195490606,20.966181556716617,4326.792112568085,1,0,4329.8204000000005,1,4333.485000000001,4327.014999999999,4319.245,4319.48,4319.48,4319.245,0,0,0,59.41088605922141,92.40641711229937,81.92513368983806,143.07279769592415,-7.593582887700628,57.914211127689214,4333.0465,4337.8471327433745,4328.245867256626,0.8680244031244161,-6567.0,-7154.199007879148,4332.723280354026,4337.29,4310.96,4331.07612,4327.23194,4324.125,4321.01806,4316.59462,0,0,1,0,6.0,2.0,0.3500000000003638,1,0,0,0,0,0,0,0,0,0,0,2,2026-08-14 10:00:00+00:00,4335.63,4337.29,4329.68,4336.58,4088,4335.895820574581,4348.924109461623,4366.625952163172,4299.072958620325,4334.228000000001,4351.688,4383.3382,4285.9883500000005,-15.641473922873956,-15.528631101557778,-0.11284282131617829,16.204466365232776,12.581607173278126,26.94645063026396,26.23607420088951,4371.837912049085,-1,0,4310.96,1,4337.435,4359.015,4418.3525,4403.219999999999,4418.3525,4403.219999999999,1,0,0,39.96740626059634,41.18117797695221,37.099700689667486,-60.08433466060402,-58.81882202304779,41.80697629807209,4351.688,4398.766775461446,4304.609224538554,0.33954552925476383,-4283.0,-13746.421582671339,4354.026637179705,4449.7,4310.85,4416.9314,4396.6593,4380.275,4363.8907,4340.5639,0,0,0,0,6.0,2.0,13.029999999999745,0,0,0,0,0,0,0,0,0,0,1,2
92173907,XAUUSD.m,BUY,0.01,4382.89,4374.509643999673,4398.8107120006525,9.05,2026-08-14T12:30:26.581178+00:00,4374.45,2026-08-14T15:41:03+00:00,LOSS,-8.44,CLOSED,4379.85,4383.6,4377.89,4382.61,105,4374.315246400549,4367.243321745596,4357.375475087174,4346.637397004377,4372.974,4364.0779999999995,4356.1496,4341.733249999999,7.3152222297121625,5.589814323737239,1.7254079059749232,4.05017800016323,44.70838645791779,12.020223745322701,43.692520167914765,4367.752352937052,1,0,4371.1328,1,4372.665,4365.93,4352.965,4343.27,4352.965,4343.27,1,0,0,83.22817582345878,96.75196850393479,97.10951878997044,135.59491321529723,-3.2480314960652095,84.86057138640292,4364.0779999999995,4385.555036549468,4342.600963450531,0.9314375485955622,9177.0,7195.095679678886,4364.955198660512,4383.6,4342.83,4373.97828,4368.025860000001,4363.215,4358.40414,4351.55478,0,0,0,0,8.0,0.0,10.920000000000073,0,0,0,0,1,0,0,0,0,0,0,2,2026-08-14 15:00:00+00:00,4369.22,4383.6,4365.88,4382.61,4624,4355.974743765879,4354.883712529752,4366.01700966395,4299.834964249175,4347.026,4346.857,4379.5414,4294.062800000001,-3.921749565826758,-10.465885343556046,6.544135777729288,15.924472147246576,26.88598053072141,18.929877872664157,21.175007855633968,4328.363065587748,1,1,4327.73820785408,1,4347.280000000001,4356.360000000001,4403.224999999999,4403.219999999999,4403.224999999999,4403.219999999999,1,0,0,60.47591428441479,98.63917525773101,90.25210120266308,153.7978150093445,-1.3608247422689914,64.45913814937023,4346.857,4381.710604872865,4312.003395127135,1.0129024692053479,49674.0,29843.552249775104,4344.740238225418,4449.7,4310.85,4416.9314,4396.6593,4380.275,4363.8907,4340.5639,0,0,0,0,8.0,0.0,33.9399999999996,1,0,0,0,0,0,0,0,0,0,0,0
92230170,XAUUSD.m,BUY,0.01,4391.66,4381.653493642161,4411.163012715678,10.986,2026-08-14T15:51:26.562690+00:00,4381.62,2026-08-14T19:33:12+00:00,LOSS,-10.04,CLOSED,4392.17,4392.47,4391.23,4391.49,182,4388.674802713436,4386.991015649432,4380.391350235963,4359.2876247023305,4388.079,4386.7495,4382.555,4348.225,2.160817075736304,1.9765363514858194,0.1842807242504847,4.918253178919393,29.91352867308498,16.77318012390222,22.994902261800426,4377.9871857516555,1,0,4379.4326,1,4386.9349999999995,4386.76,4381.1,4372.615,4381.1,4372.615,1,1,0,58.256176891193306,79.59949937421585,77.9845536223822,115.81211903909438,-20.40050062578415,60.059524723522905,4386.7495,4394.150619332122,4379.348380667878,0.8202556118386927,7778.0,6225.5927864276555,4386.786629567452,4396.97,4360.99,4388.47872,4383.22564,4378.98,4374.73436,4368.68972,0,0,0,0,5.0,2.0,3.880000000000109,1,0,0,0,0,0,0,0,0,0,0,0,2026-08-14 18:00:00+00:00,4381.41,4394.75,4379.12,4391.49,8557,4369.837324808131,4362.306067463971,4367.937128060413,4300.183628460406,4363.439,4350.2625,4377.682,4298.99565,2.6950059728796987,-5.072488248664149,7.767494221543847,16.747443849802533,25.3648353565044,14.411534099188398,22.572823237875348,4336.961080797436,1,0,4353.9563832171825,1,4363.325000000001,4356.360000000001,4396.215,4403.219999999999,4403.219999999999,4396.215,0,0,0,63.24865069895576,93.63678588016666,86.89812664499097,153.9949048957878,-6.363214119833349,86.45301188501988,4350.2625,4393.698247526204,4306.826752473796,0.9745802978886008,75755.0,50467.23111603288,4351.328151339854,4449.7,4310.85,4416.9314,4396.6593,4380.275,4363.8907,4340.5639,0,0,0,1,7.0,1.0,22.26000000000022,0,0,0,0,0,0,0,0,0,0,0,0
